[{"model": "commissioner.player", "pk": 1, "fields": {"createdAt": "2025-02-24T15:53:56.614Z", "user": 1, "updatedAt": "2025-02-24T15:53:56.614Z", "name": "Bob"}}, {"model": "commissioner.player", "pk": 2, "fields": {"createdAt": "2025-02-24T15:54:29.640Z", "user": 1, "updatedAt": "2025-02-24T15:54:29.640Z", "name": "Greg"}}, {"model": "commissioner.state", "pk": 1, "fields": {"createdAt": "2025-02-24T15:48:49.911Z", "user": 1, "updatedAt": "2025-02-24T15:48:49.911Z", "name": "Florida"}}, {"model": "commissioner.state", "pk": 2, "fields": {"createdAt": "2025-02-24T15:49:26.351Z", "user": 1, "updatedAt": "2025-02-24T15:49:26.351Z", "name": "Georgia"}}, {"model": "commissioner.state", "pk": 3, "fields": {"createdAt": "2025-02-24T17:19:30.144Z", "user": 1, "updatedAt": "2025-02-24T17:19:30.144Z", "name": "Texas"}}, {"model": "commissioner.state", "pk": 4, "fields": {"createdAt": "2025-02-24T17:25:06.598Z", "user": 1, "updatedAt": "2025-02-24T17:25:06.598Z", "name": "Arizona"}}, {"model": "commissioner.state", "pk": 5, "fields": {"createdAt": "2025-02-24T17:27:13.005Z", "user": 1, "updatedAt": "2025-02-24T17:27:13.005Z", "name": "Nevada"}}, {"model": "commissioner.state", "pk": 6, "fields": {"createdAt": "2025-02-24T17:35:04.064Z", "user": 1, "updatedAt": "2025-02-24T17:35:04.064Z", "name": "Virginia"}}, {"model": "commissioner.track", "pk": 1, "fields": {"createdAt": "2025-02-24T15:48:57.659Z", "user": 1, "updatedAt": "2025-02-24T17:22:32.020Z", "name": "Daytona International Speedway", "website": "https://www.daytonainternationalspeedway.com/", "city": "Daytona", "state": 1, "length": "0.00", "phone_number": ""}}, {"model": "commissioner.track", "pk": 2, "fields": {"createdAt": "2025-02-24T15:49:29.519Z", "user": 1, "updatedAt": "2025-02-24T16:00:18.598Z", "name": "Atlanta Motor Speedway", "website": "https://www.atlantamotorspeedway.com/", "city": "Atlanta", "state": 2, "length": "0.00", "phone_number": ""}}, {"model": "commissioner.track", "pk": 3, "fields": {"createdAt": "2025-02-24T17:19:56.440Z", "user": 1, "updatedAt": "2025-02-24T17:19:56.440Z", "name": "Circuit of The Americas", "website": "https://circuitoftheamericas.com/", "city": "Austin", "state": 3, "length": "0.00", "phone_number": ""}}, {"model": "commissioner.track", "pk": 4, "fields": {"createdAt": "2025-02-24T17:25:33.823Z", "user": 1, "updatedAt": "2025-02-24T17:25:33.823Z", "name": "Phoenix Raceway", "website": "https://www.phoenixraceway.com/", "city": "Phoenix", "state": 4, "length": "0.00", "phone_number": ""}}, {"model": "commissioner.track", "pk": 5, "fields": {"createdAt": "2025-02-24T17:27:15.364Z", "user": 1, "updatedAt": "2025-02-24T17:27:15.364Z", "name": "Las Vegas Motor Speedway", "website": "https://www.lvms.com/", "city": "Las Vegas", "state": 5, "length": "0.00", "phone_number": ""}}, {"model": "commissioner.track", "pk": 6, "fields": {"createdAt": "2025-02-24T17:33:29.001Z", "user": 1, "updatedAt": "2025-02-24T17:33:29.001Z", "name": "Homestead-Miami Speedway", "website": "https://www.homesteadmiamispeedway.com/", "city": "Homestead", "state": 1, "length": "0.00", "phone_number": ""}}, {"model": "commissioner.track", "pk": 7, "fields": {"createdAt": "2025-02-24T17:35:18.537Z", "user": 1, "updatedAt": "2025-02-24T17:35:18.537Z", "name": "Martinsville Speedway", "website": "https://www.martinsvillespeedway.com/", "city": "Martinsville", "state": 6, "length": "0.00", "phone_number": ""}}, {"model": "commissioner.race", "pk": 1, "fields": {"createdAt": "2025-02-24T15:50:02.788Z", "user": 1, "updatedAt": "2025-02-24T15:51:40.352Z", "name": "Daytona 500", "track": 1, "race_date": "2025-02-16", "website": "https://www.daytonainternationalspeedway.com/", "laps": -1, "reload": false, "create_results_file": false}}, {"model": "commissioner.race", "pk": 2, "fields": {"createdAt": "2025-02-24T15:50:35.186Z", "user": 1, "updatedAt": "2025-02-24T16:02:38.313Z", "name": "Ambetter Health 400", "track": 2, "race_date": "2025-02-23", "website": "https://www.atlantamotorspeedway.com/", "laps": -1, "reload": false, "create_results_file": false}}, {"model": "commissioner.race", "pk": 3, "fields": {"createdAt": "2025-02-24T17:14:45.585Z", "user": 1, "updatedAt": "2025-02-24T17:15:33.871Z", "name": "Ambetter Health 400", "track": 2, "race_date": "2024-02-25", "website": "https://www.atlantamotorspeedway.com/", "laps": -1, "reload": false, "create_results_file": false}}, {"model": "commissioner.driver", "pk": 1, "fields": {"createdAt": "2025-02-24T15:51:40.308Z", "user": 1, "updatedAt": "2025-02-24T15:51:40.308Z", "name": "William Byron", "website": "", "slug": "", "team": ""}}, {"model": "commissioner.driver", "pk": 2, "fields": {"createdAt": "2025-02-24T15:51:40.311Z", "user": 1, "updatedAt": "2025-02-24T15:51:40.311Z", "name": "Tyler Reddick", "website": "", "slug": "", "team": ""}}, {"model": "commissioner.driver", "pk": 3, "fields": {"createdAt": "2025-02-24T15:51:40.312Z", "user": 1, "updatedAt": "2025-02-24T15:51:40.312Z", "name": "Jimmie Johnson", "website": "", "slug": "", "team": ""}}, {"model": "commissioner.driver", "pk": 4, "fields": {"createdAt": "2025-02-24T15:51:40.313Z", "user": 1, "updatedAt": "2025-02-24T15:51:40.313Z", "name": "Chase Briscoe", "website": "", "slug": "", "team": ""}}, {"model": "commissioner.driver", "pk": 5, "fields": {"createdAt": "2025-02-24T15:51:40.315Z", "user": 1, "updatedAt": "2025-02-24T15:51:40.315Z", "name": "John Hunter Nemechek", "website": "", "slug": "", "team": ""}}, {"model": "commissioner.driver", "pk": 6, "fields": {"createdAt": "2025-02-24T15:51:40.316Z", "user": 1, "updatedAt": "2025-02-24T15:51:40.316Z", "name": "Alex Bowman", "website": "", "slug": "", "team": ""}}, {"model": "commissioner.driver", "pk": 7, "fields": {"createdAt": "2025-02-24T15:51:40.317Z", "user": 1, "updatedAt": "2025-02-24T15:51:40.317Z", "name": "Ryan Blaney", "website": "", "slug": "", "team": ""}}, {"model": "commissioner.driver", "pk": 8, "fields": {"createdAt": "2025-02-24T15:51:40.317Z", "user": 1, "updatedAt": "2025-02-24T15:51:40.317Z", "name": "Austin Cindric", "website": "", "slug": "", "team": ""}}, {"model": "commissioner.driver", "pk": 9, "fields": {"createdAt": "2025-02-24T15:51:40.318Z", "user": 1, "updatedAt": "2025-02-24T15:51:40.318Z", "name": "Justin Allgaier", "website": "", "slug": "", "team": ""}}, {"model": "commissioner.driver", "pk": 10, "fields": {"createdAt": "2025-02-24T15:51:40.319Z", "user": 1, "updatedAt": "2025-02-24T15:51:40.319Z", "name": "Chris Buescher", "website": "", "slug": "", "team": ""}}, {"model": "commissioner.driver", "pk": 11, "fields": {"createdAt": "2025-02-24T15:51:40.321Z", "user": 1, "updatedAt": "2025-02-24T15:51:40.321Z", "name": "Michael McDowell", "website": "", "slug": "", "team": ""}}, {"model": "commissioner.driver", "pk": 12, "fields": {"createdAt": "2025-02-24T15:51:40.322Z", "user": 1, "updatedAt": "2025-02-24T15:51:40.322Z", "name": "Erik Jones", "website": "", "slug": "", "team": ""}}, {"model": "commissioner.driver", "pk": 13, "fields": {"createdAt": "2025-02-24T15:51:40.323Z", "user": 1, "updatedAt": "2025-02-24T15:51:40.323Z", "name": "Daniel Suarez", "website": "", "slug": "", "team": ""}}, {"model": "commissioner.driver", "pk": 14, "fields": {"createdAt": "2025-02-24T15:51:40.325Z", "user": 1, "updatedAt": "2025-02-24T15:51:40.325Z", "name": "Ty Dillon", "website": "", "slug": "", "team": ""}}, {"model": "commissioner.driver", "pk": 15, "fields": {"createdAt": "2025-02-24T15:51:40.326Z", "user": 1, "updatedAt": "2025-02-24T15:51:40.326Z", "name": "Chase Elliott", "website": "", "slug": "", "team": ""}}, {"model": "commissioner.driver", "pk": 16, "fields": {"createdAt": "2025-02-24T15:51:40.327Z", "user": 1, "updatedAt": "2025-02-24T15:51:40.327Z", "name": "Ty Gibbs", "website": "", "slug": "", "team": ""}}, {"model": "commissioner.driver", "pk": 17, "fields": {"createdAt": "2025-02-24T15:51:40.328Z", "user": 1, "updatedAt": "2025-02-24T15:51:40.328Z", "name": "Riley Herbst", "website": "", "slug": "", "team": ""}}, {"model": "commissioner.driver", "pk": 18, "fields": {"createdAt": "2025-02-24T15:51:40.329Z", "user": 1, "updatedAt": "2025-02-24T15:51:40.329Z", "name": "Ricky Stenhouse Jr.", "website": "", "slug": "", "team": ""}}, {"model": "commissioner.driver", "pk": 19, "fields": {"createdAt": "2025-02-24T15:51:40.330Z", "user": 1, "updatedAt": "2025-02-24T15:51:40.330Z", "name": "Justin Haley", "website": "", "slug": "", "team": ""}}, {"model": "commissioner.driver", "pk": 20, "fields": {"createdAt": "2025-02-24T15:51:40.331Z", "user": 1, "updatedAt": "2025-02-24T15:51:40.331Z", "name": "Kyle Larson", "website": "", "slug": "", "team": ""}}, {"model": "commissioner.driver", "pk": 21, "fields": {"createdAt": "2025-02-24T15:51:40.332Z", "user": 1, "updatedAt": "2025-02-24T15:51:40.332Z", "name": "Cole Custer", "website": "", "slug": "", "team": ""}}, {"model": "commissioner.driver", "pk": 22, "fields": {"createdAt": "2025-02-24T15:51:40.333Z", "user": 1, "updatedAt": "2025-02-24T15:51:40.333Z", "name": "Corey LaJoie", "website": "", "slug": "", "team": ""}}, {"model": "commissioner.driver", "pk": 23, "fields": {"createdAt": "2025-02-24T15:51:40.334Z", "user": 1, "updatedAt": "2025-02-24T15:51:40.334Z", "name": "Austin Dillon", "website": "", "slug": "", "team": ""}}, {"model": "commissioner.driver", "pk": 24, "fields": {"createdAt": "2025-02-24T15:51:40.335Z", "user": 1, "updatedAt": "2025-02-24T15:51:40.335Z", "name": "Denny Hamlin", "website": "", "slug": "", "team": ""}}, {"model": "commissioner.driver", "pk": 25, "fields": {"createdAt": "2025-02-24T15:51:40.336Z", "user": 1, "updatedAt": "2025-02-24T15:51:40.336Z", "name": "Cody Ware", "website": "", "slug": "", "team": ""}}, {"model": "commissioner.driver", "pk": 26, "fields": {"createdAt": "2025-02-24T15:51:40.337Z", "user": 1, "updatedAt": "2025-02-24T15:51:40.337Z", "name": "Brad Keselowski", "website": "", "slug": "", "team": ""}}, {"model": "commissioner.driver", "pk": 27, "fields": {"createdAt": "2025-02-24T15:51:40.338Z", "user": 1, "updatedAt": "2025-02-24T15:51:40.338Z", "name": "Todd Gilliland", "website": "", "slug": "", "team": ""}}, {"model": "commissioner.driver", "pk": 28, "fields": {"createdAt": "2025-02-24T15:51:40.339Z", "user": 1, "updatedAt": "2025-02-24T15:51:40.339Z", "name": "Noah Gragson", "website": "", "slug": "", "team": ""}}, {"model": "commissioner.driver", "pk": 29, "fields": {"createdAt": "2025-02-24T15:51:40.340Z", "user": 1, "updatedAt": "2025-02-24T15:51:40.340Z", "name": "Bubba Wallace", "website": "", "slug": "", "team": ""}}, {"model": "commissioner.driver", "pk": 30, "fields": {"createdAt": "2025-02-24T15:51:40.341Z", "user": 1, "updatedAt": "2025-02-24T15:51:40.341Z", "name": "Carson Hocevar", "website": "", "slug": "", "team": ""}}, {"model": "commissioner.driver", "pk": 31, "fields": {"createdAt": "2025-02-24T15:51:40.342Z", "user": 1, "updatedAt": "2025-02-24T15:51:40.342Z", "name": "Christopher Bell", "website": "", "slug": "", "team": ""}}, {"model": "commissioner.driver", "pk": 32, "fields": {"createdAt": "2025-02-24T15:51:40.343Z", "user": 1, "updatedAt": "2025-02-24T15:51:40.343Z", "name": "Ryan Preece", "website": "", "slug": "", "team": ""}}, {"model": "commissioner.driver", "pk": 33, "fields": {"createdAt": "2025-02-24T15:51:40.344Z", "user": 1, "updatedAt": "2025-02-24T15:51:40.344Z", "name": "Shane van Gisbergen", "website": "", "slug": "", "team": ""}}, {"model": "commissioner.driver", "pk": 34, "fields": {"createdAt": "2025-02-24T15:51:40.345Z", "user": 1, "updatedAt": "2025-02-24T15:51:40.345Z", "name": "Kyle Busch", "website": "", "slug": "", "team": ""}}, {"model": "commissioner.driver", "pk": 35, "fields": {"createdAt": "2025-02-24T15:51:40.345Z", "user": 1, "updatedAt": "2025-02-24T15:51:40.345Z", "name": "Joey Logano", "website": "", "slug": "", "team": ""}}, {"model": "commissioner.driver", "pk": 36, "fields": {"createdAt": "2025-02-24T15:51:40.346Z", "user": 1, "updatedAt": "2025-02-24T15:51:40.346Z", "name": "Zane Smith", "website": "", "slug": "", "team": ""}}, {"model": "commissioner.driver", "pk": 37, "fields": {"createdAt": "2025-02-24T15:51:40.347Z", "user": 1, "updatedAt": "2025-02-24T15:51:40.347Z", "name": "Josh Berry", "website": "", "slug": "", "team": ""}}, {"model": "commissioner.driver", "pk": 38, "fields": {"createdAt": "2025-02-24T15:51:40.348Z", "user": 1, "updatedAt": "2025-02-24T15:51:40.348Z", "name": "Martin Truex Jr.", "website": "", "slug": "", "team": ""}}, {"model": "commissioner.driver", "pk": 39, "fields": {"createdAt": "2025-02-24T15:51:40.349Z", "user": 1, "updatedAt": "2025-02-24T15:51:40.349Z", "name": "Helio Castroneves", "website": "", "slug": "", "team": ""}}, {"model": "commissioner.driver", "pk": 40, "fields": {"createdAt": "2025-02-24T15:51:40.350Z", "user": 1, "updatedAt": "2025-02-24T15:51:40.350Z", "name": "Ross Chastain", "website": "", "slug": "", "team": ""}}, {"model": "commissioner.driver", "pk": 41, "fields": {"createdAt": "2025-02-24T15:51:40.352Z", "user": 1, "updatedAt": "2025-02-24T15:51:40.352Z", "name": "AJ Allmendinger", "website": "", "slug": "", "team": ""}}, {"model": "commissioner.driver", "pk": 42, "fields": {"createdAt": "2025-02-24T15:52:47.531Z", "user": 1, "updatedAt": "2025-02-24T15:52:47.531Z", "name": "B.J. McLeod", "website": "", "slug": "", "team": ""}}, {"model": "commissioner.driver", "pk": 43, "fields": {"createdAt": "2025-02-24T15:52:47.543Z", "user": 1, "updatedAt": "2025-02-24T15:52:47.543Z", "name": "J.J. Yeley", "website": "", "slug": "", "team": ""}}, {"model": "commissioner.driver", "pk": 44, "fields": {"createdAt": "2025-02-24T17:15:33.848Z", "user": 1, "updatedAt": "2025-02-24T17:15:33.848Z", "name": "Harrison Burton", "website": "", "slug": "", "team": ""}}, {"model": "commissioner.driver", "pk": 45, "fields": {"createdAt": "2025-02-24T17:15:33.851Z", "user": 1, "updatedAt": "2025-02-24T17:15:33.851Z", "name": "Kaz Grala", "website": "", "slug": "", "team": ""}}, {"model": "commissioner.driver", "pk": 46, "fields": {"createdAt": "2025-02-24T17:15:33.855Z", "user": 1, "updatedAt": "2025-02-24T17:15:33.855Z", "name": "Daniel Hemric", "website": "", "slug": "", "team": ""}}, {"model": "commissioner.driver", "pk": 47, "fields": {"createdAt": "2025-02-24T17:15:33.870Z", "user": 1, "updatedAt": "2025-02-24T17:15:33.870Z", "name": "Josh Williams", "website": "", "slug": "", "team": ""}}, {"model": "commissioner.raceresult", "pk": 1, "fields": {"createdAt": "2025-02-24T15:51:40.310Z", "user": 1, "updatedAt": "2025-02-24T15:51:40.310Z", "team": null, "race": 1, "driver": 1, "manufacturer": "Chevrolet", "start_pos": 5, "finish_pos": 1, "car_no": 24, "laps": 201, "start": -1, "led": 10, "points": 0, "bonus": 0, "penality": 0, "practice_pos": 0}}, {"model": "commissioner.raceresult", "pk": 2, "fields": {"createdAt": "2025-02-24T15:51:40.312Z", "user": 1, "updatedAt": "2025-02-24T15:51:40.312Z", "team": null, "race": 1, "driver": 2, "manufacturer": "Toyota", "start_pos": 11, "finish_pos": 2, "car_no": 45, "laps": 201, "start": -1, "led": 0, "points": 0, "bonus": 0, "penality": 0, "practice_pos": 0}}, {"model": "commissioner.raceresult", "pk": 3, "fields": {"createdAt": "2025-02-24T15:51:40.313Z", "user": 1, "updatedAt": "2025-02-24T15:51:40.313Z", "team": null, "race": 1, "driver": 3, "manufacturer": "Toyota", "start_pos": 40, "finish_pos": 3, "car_no": 84, "laps": 201, "start": -1, "led": 0, "points": 0, "bonus": 0, "penality": 0, "practice_pos": 0}}, {"model": "commissioner.raceresult", "pk": 4, "fields": {"createdAt": "2025-02-24T15:51:40.314Z", "user": 1, "updatedAt": "2025-02-24T15:51:40.314Z", "team": null, "race": 1, "driver": 4, "manufacturer": "Toyota", "start_pos": 1, "finish_pos": 4, "car_no": 19, "laps": 201, "start": -1, "led": 4, "points": 0, "bonus": 0, "penality": 0, "practice_pos": 0}}, {"model": "commissioner.raceresult", "pk": 5, "fields": {"createdAt": "2025-02-24T15:51:40.315Z", "user": 1, "updatedAt": "2025-02-24T15:51:40.315Z", "team": null, "race": 1, "driver": 5, "manufacturer": "Toyota", "start_pos": 18, "finish_pos": 5, "car_no": 42, "laps": 201, "start": -1, "led": 0, "points": 0, "bonus": 0, "penality": 0, "practice_pos": 0}}, {"model": "commissioner.raceresult", "pk": 6, "fields": {"createdAt": "2025-02-24T15:51:40.316Z", "user": 1, "updatedAt": "2025-02-24T15:51:40.316Z", "team": null, "race": 1, "driver": 6, "manufacturer": "Chevrolet", "start_pos": 38, "finish_pos": 6, "car_no": 48, "laps": 201, "start": -1, "led": 11, "points": 0, "bonus": 0, "penality": 0, "practice_pos": 0}}, {"model": "commissioner.raceresult", "pk": 7, "fields": {"createdAt": "2025-02-24T15:51:40.317Z", "user": 1, "updatedAt": "2025-02-24T15:51:40.317Z", "team": null, "race": 1, "driver": 7, "manufacturer": "Ford", "start_pos": 16, "finish_pos": 7, "car_no": 12, "laps": 201, "start": -1, "led": 23, "points": 0, "bonus": 0, "penality": 0, "practice_pos": 0}}, {"model": "commissioner.raceresult", "pk": 8, "fields": {"createdAt": "2025-02-24T15:51:40.318Z", "user": 1, "updatedAt": "2025-02-24T15:51:40.318Z", "team": null, "race": 1, "driver": 8, "manufacturer": "Ford", "start_pos": 2, "finish_pos": 8, "car_no": 2, "laps": 201, "start": -1, "led": 59, "points": 0, "bonus": 0, "penality": 0, "practice_pos": 0}}, {"model": "commissioner.raceresult", "pk": 9, "fields": {"createdAt": "2025-02-24T15:51:40.319Z", "user": 1, "updatedAt": "2025-02-24T15:51:40.319Z", "team": null, "race": 1, "driver": 9, "manufacturer": "Chevrolet", "start_pos": 19, "finish_pos": 9, "car_no": 40, "laps": 201, "start": -1, "led": 0, "points": 0, "bonus": 0, "penality": 0, "practice_pos": 0}}, {"model": "commissioner.raceresult", "pk": 10, "fields": {"createdAt": "2025-02-24T15:51:40.320Z", "user": 1, "updatedAt": "2025-02-24T15:51:40.320Z", "team": null, "race": 1, "driver": 10, "manufacturer": "Ford", "start_pos": 6, "finish_pos": 10, "car_no": 17, "laps": 201, "start": -1, "led": 0, "points": 0, "bonus": 0, "penality": 0, "practice_pos": 0}}, {"model": "commissioner.raceresult", "pk": 11, "fields": {"createdAt": "2025-02-24T15:51:40.322Z", "user": 1, "updatedAt": "2025-02-24T15:51:40.322Z", "team": null, "race": 1, "driver": 11, "manufacturer": "Chevrolet", "start_pos": 25, "finish_pos": 11, "car_no": 71, "laps": 201, "start": -1, "led": 4, "points": 0, "bonus": 0, "penality": 0, "practice_pos": 0}}, {"model": "commissioner.raceresult", "pk": 12, "fields": {"createdAt": "2025-02-24T15:51:40.323Z", "user": 1, "updatedAt": "2025-02-24T15:51:40.323Z", "team": null, "race": 1, "driver": 12, "manufacturer": "Toyota", "start_pos": 4, "finish_pos": 12, "car_no": 43, "laps": 201, "start": -1, "led": 0, "points": 0, "bonus": 0, "penality": 0, "practice_pos": 0}}, {"model": "commissioner.raceresult", "pk": 13, "fields": {"createdAt": "2025-02-24T15:51:40.324Z", "user": 1, "updatedAt": "2025-02-24T15:51:40.324Z", "team": null, "race": 1, "driver": 13, "manufacturer": "Chevrolet", "start_pos": 36, "finish_pos": 13, "car_no": 99, "laps": 201, "start": -1, "led": 0, "points": 0, "bonus": 0, "penality": 0, "practice_pos": 0}}, {"model": "commissioner.raceresult", "pk": 14, "fields": {"createdAt": "2025-02-24T15:51:40.325Z", "user": 1, "updatedAt": "2025-02-24T15:51:40.325Z", "team": null, "race": 1, "driver": 14, "manufacturer": "Chevrolet", "start_pos": 7, "finish_pos": 14, "car_no": 10, "laps": 201, "start": -1, "led": 3, "points": 0, "bonus": 0, "penality": 0, "practice_pos": 0}}, {"model": "commissioner.raceresult", "pk": 15, "fields": {"createdAt": "2025-02-24T15:51:40.326Z", "user": 1, "updatedAt": "2025-02-24T15:51:40.326Z", "team": null, "race": 1, "driver": 15, "manufacturer": "Chevrolet", "start_pos": 17, "finish_pos": 15, "car_no": 9, "laps": 201, "start": -1, "led": 2, "points": 0, "bonus": 0, "penality": 0, "practice_pos": 0}}, {"model": "commissioner.raceresult", "pk": 16, "fields": {"createdAt": "2025-02-24T15:51:40.327Z", "user": 1, "updatedAt": "2025-02-24T15:51:40.327Z", "team": null, "race": 1, "driver": 16, "manufacturer": "Toyota", "start_pos": 23, "finish_pos": 16, "car_no": 54, "laps": 201, "start": -1, "led": 0, "points": 0, "bonus": 0, "penality": 0, "practice_pos": 0}}, {"model": "commissioner.raceresult", "pk": 17, "fields": {"createdAt": "2025-02-24T15:51:40.328Z", "user": 1, "updatedAt": "2025-02-24T15:51:40.328Z", "team": null, "race": 1, "driver": 17, "manufacturer": "Toyota", "start_pos": 24, "finish_pos": 17, "car_no": 35, "laps": 201, "start": -1, "led": 0, "points": 0, "bonus": 0, "penality": 0, "practice_pos": 0}}, {"model": "commissioner.raceresult", "pk": 18, "fields": {"createdAt": "2025-02-24T15:51:40.330Z", "user": 1, "updatedAt": "2025-02-24T15:51:40.330Z", "team": null, "race": 1, "driver": 18, "manufacturer": "Chevrolet", "start_pos": 31, "finish_pos": 18, "car_no": 47, "laps": 201, "start": -1, "led": 0, "points": 0, "bonus": 0, "penality": 0, "practice_pos": 0}}, {"model": "commissioner.raceresult", "pk": 19, "fields": {"createdAt": "2025-02-24T15:51:40.331Z", "user": 1, "updatedAt": "2025-02-24T15:51:40.331Z", "team": null, "race": 1, "driver": 19, "manufacturer": "Chevrolet", "start_pos": 35, "finish_pos": 19, "car_no": 7, "laps": 201, "start": -1, "led": 0, "points": 0, "bonus": 0, "penality": 0, "practice_pos": 0}}, {"model": "commissioner.raceresult", "pk": 20, "fields": {"createdAt": "2025-02-24T15:51:40.332Z", "user": 1, "updatedAt": "2025-02-24T15:51:40.332Z", "team": null, "race": 1, "driver": 20, "manufacturer": "Chevrolet", "start_pos": 22, "finish_pos": 20, "car_no": 5, "laps": 201, "start": -1, "led": 0, "points": 0, "bonus": 0, "penality": 0, "practice_pos": 0}}, {"model": "commissioner.raceresult", "pk": 21, "fields": {"createdAt": "2025-02-24T15:51:40.332Z", "user": 1, "updatedAt": "2025-02-24T15:51:40.332Z", "team": null, "race": 1, "driver": 21, "manufacturer": "Ford", "start_pos": 30, "finish_pos": 21, "car_no": 41, "laps": 201, "start": -1, "led": 0, "points": 0, "bonus": 0, "penality": 0, "practice_pos": 0}}, {"model": "commissioner.raceresult", "pk": 22, "fields": {"createdAt": "2025-02-24T15:51:40.333Z", "user": 1, "updatedAt": "2025-02-24T15:51:40.333Z", "team": null, "race": 1, "driver": 22, "manufacturer": "Ford", "start_pos": 12, "finish_pos": 22, "car_no": 1, "laps": 201, "start": -1, "led": 10, "points": 0, "bonus": 0, "penality": 0, "practice_pos": 0}}, {"model": "commissioner.raceresult", "pk": 23, "fields": {"createdAt": "2025-02-24T15:51:40.334Z", "user": 1, "updatedAt": "2025-02-24T15:51:40.334Z", "team": null, "race": 1, "driver": 23, "manufacturer": "Chevrolet", "start_pos": 15, "finish_pos": 23, "car_no": 3, "laps": 201, "start": -1, "led": 0, "points": 0, "bonus": 0, "penality": 0, "practice_pos": 0}}, {"model": "commissioner.raceresult", "pk": 24, "fields": {"createdAt": "2025-02-24T15:51:40.336Z", "user": 1, "updatedAt": "2025-02-24T15:51:40.336Z", "team": null, "race": 1, "driver": 24, "manufacturer": "Toyota", "start_pos": 8, "finish_pos": 24, "car_no": 11, "laps": 201, "start": -1, "led": 6, "points": 0, "bonus": 0, "penality": 0, "practice_pos": 0}}, {"model": "commissioner.raceresult", "pk": 25, "fields": {"createdAt": "2025-02-24T15:51:40.337Z", "user": 1, "updatedAt": "2025-02-24T15:51:40.337Z", "team": null, "race": 1, "driver": 25, "manufacturer": "Ford", "start_pos": 28, "finish_pos": 25, "car_no": 51, "laps": 200, "start": -1, "led": 0, "points": 0, "bonus": 0, "penality": 0, "practice_pos": 0}}, {"model": "commissioner.raceresult", "pk": 26, "fields": {"createdAt": "2025-02-24T15:51:40.338Z", "user": 1, "updatedAt": "2025-02-24T15:51:40.338Z", "team": null, "race": 1, "driver": 26, "manufacturer": "Ford", "start_pos": 34, "finish_pos": 26, "car_no": 6, "laps": 200, "start": -1, "led": 0, "points": 0, "bonus": 0, "penality": 0, "practice_pos": 0}}, {"model": "commissioner.raceresult", "pk": 27, "fields": {"createdAt": "2025-02-24T15:51:40.339Z", "user": 1, "updatedAt": "2025-02-24T15:51:40.339Z", "team": null, "race": 1, "driver": 27, "manufacturer": "Ford", "start_pos": 14, "finish_pos": 27, "car_no": 34, "laps": 199, "start": -1, "led": 0, "points": 0, "bonus": 0, "penality": 0, "practice_pos": 0}}, {"model": "commissioner.raceresult", "pk": 28, "fields": {"createdAt": "2025-02-24T15:51:40.340Z", "user": 1, "updatedAt": "2025-02-24T15:51:40.340Z", "team": null, "race": 1, "driver": 28, "manufacturer": "Ford", "start_pos": 32, "finish_pos": 28, "car_no": 4, "laps": 198, "start": -1, "led": 2, "points": 0, "bonus": 0, "penality": 0, "practice_pos": 0}}, {"model": "commissioner.raceresult", "pk": 29, "fields": {"createdAt": "2025-02-24T15:51:40.341Z", "user": 1, "updatedAt": "2025-02-24T15:51:40.341Z", "team": null, "race": 1, "driver": 29, "manufacturer": "Toyota", "start_pos": 3, "finish_pos": 29, "car_no": 23, "laps": 197, "start": -1, "led": 18, "points": 0, "bonus": 0, "penality": 0, "practice_pos": 0}}, {"model": "commissioner.raceresult", "pk": 30, "fields": {"createdAt": "2025-02-24T15:51:40.341Z", "user": 1, "updatedAt": "2025-02-24T15:51:40.341Z", "team": null, "race": 1, "driver": 30, "manufacturer": "Chevrolet", "start_pos": 33, "finish_pos": 30, "car_no": 77, "laps": 196, "start": -1, "led": 1, "points": 0, "bonus": 0, "penality": 0, "practice_pos": 0}}, {"model": "commissioner.raceresult", "pk": 31, "fields": {"createdAt": "2025-02-24T15:51:40.342Z", "user": 1, "updatedAt": "2025-02-24T15:51:40.342Z", "team": null, "race": 1, "driver": 31, "manufacturer": "Toyota", "start_pos": 20, "finish_pos": 31, "car_no": 20, "laps": 195, "start": -1, "led": 0, "points": 0, "bonus": 0, "penality": 0, "practice_pos": 0}}, {"model": "commissioner.raceresult", "pk": 32, "fields": {"createdAt": "2025-02-24T15:51:40.343Z", "user": 1, "updatedAt": "2025-02-24T15:51:40.343Z", "team": null, "race": 1, "driver": 32, "manufacturer": "Ford", "start_pos": 27, "finish_pos": 32, "car_no": 60, "laps": 195, "start": -1, "led": 6, "points": 0, "bonus": 0, "penality": 0, "practice_pos": 0}}, {"model": "commissioner.raceresult", "pk": 33, "fields": {"createdAt": "2025-02-24T15:51:40.344Z", "user": 1, "updatedAt": "2025-02-24T15:51:40.344Z", "team": null, "race": 1, "driver": 33, "manufacturer": "Chevrolet", "start_pos": 26, "finish_pos": 33, "car_no": 88, "laps": 193, "start": -1, "led": 0, "points": 0, "bonus": 0, "penality": 0, "practice_pos": 0}}, {"model": "commissioner.raceresult", "pk": 34, "fields": {"createdAt": "2025-02-24T15:51:40.345Z", "user": 1, "updatedAt": "2025-02-24T15:51:40.345Z", "team": null, "race": 1, "driver": 34, "manufacturer": "Chevrolet", "start_pos": 21, "finish_pos": 34, "car_no": 8, "laps": 186, "start": -1, "led": 0, "points": 0, "bonus": 0, "penality": 0, "practice_pos": 0}}, {"model": "commissioner.raceresult", "pk": 35, "fields": {"createdAt": "2025-02-24T15:51:40.346Z", "user": 1, "updatedAt": "2025-02-24T15:51:40.346Z", "team": null, "race": 1, "driver": 35, "manufacturer": "Ford", "start_pos": 10, "finish_pos": 35, "car_no": 22, "laps": 185, "start": -1, "led": 43, "points": 0, "bonus": 0, "penality": 0, "practice_pos": 0}}, {"model": "commissioner.raceresult", "pk": 36, "fields": {"createdAt": "2025-02-24T15:51:40.347Z", "user": 1, "updatedAt": "2025-02-24T15:51:40.347Z", "team": null, "race": 1, "driver": 36, "manufacturer": "Ford", "start_pos": 37, "finish_pos": 36, "car_no": 38, "laps": 108, "start": -1, "led": 0, "points": 0, "bonus": 0, "penality": 0, "practice_pos": 0}}, {"model": "commissioner.raceresult", "pk": 37, "fields": {"createdAt": "2025-02-24T15:51:40.347Z", "user": 1, "updatedAt": "2025-02-24T15:51:40.347Z", "team": null, "race": 1, "driver": 37, "manufacturer": "Ford", "start_pos": 29, "finish_pos": 37, "car_no": 21, "laps": 105, "start": -1, "led": 0, "points": 0, "bonus": 0, "penality": 0, "practice_pos": 0}}, {"model": "commissioner.raceresult", "pk": 38, "fields": {"createdAt": "2025-02-24T15:51:40.348Z", "user": 1, "updatedAt": "2025-02-24T15:51:40.348Z", "team": null, "race": 1, "driver": 38, "manufacturer": "Toyota", "start_pos": 39, "finish_pos": 38, "car_no": 56, "laps": 71, "start": -1, "led": 0, "points": 0, "bonus": 0, "penality": 0, "practice_pos": 0}}, {"model": "commissioner.raceresult", "pk": 39, "fields": {"createdAt": "2025-02-24T15:51:40.350Z", "user": 1, "updatedAt": "2025-02-24T15:51:40.350Z", "team": null, "race": 1, "driver": 39, "manufacturer": "Chevrolet", "start_pos": 41, "finish_pos": 39, "car_no": 91, "laps": 70, "start": -1, "led": 0, "points": 0, "bonus": 0, "penality": 0, "practice_pos": 0}}, {"model": "commissioner.raceresult", "pk": 40, "fields": {"createdAt": "2025-02-24T15:51:40.350Z", "user": 1, "updatedAt": "2025-02-24T15:51:40.350Z", "team": null, "race": 1, "driver": 40, "manufacturer": "Chevrolet", "start_pos": 9, "finish_pos": 40, "car_no": 1, "laps": 70, "start": -1, "led": 0, "points": 0, "bonus": 0, "penality": 0, "practice_pos": 0}}, {"model": "commissioner.raceresult", "pk": 41, "fields": {"createdAt": "2025-02-24T15:51:40.352Z", "user": 1, "updatedAt": "2025-02-24T15:51:40.352Z", "team": null, "race": 1, "driver": 41, "manufacturer": "Chevrolet", "start_pos": 13, "finish_pos": 41, "car_no": 16, "laps": 42, "start": -1, "led": 0, "points": 0, "bonus": 0, "penality": 0, "practice_pos": 0}}, {"model": "commissioner.raceresult", "pk": 42, "fields": {"createdAt": "2025-02-24T15:52:47.514Z", "user": 1, "updatedAt": "2025-02-24T15:52:47.514Z", "team": null, "race": 2, "driver": 31, "manufacturer": "Toyota", "start_pos": 32, "finish_pos": 1, "car_no": 20, "laps": 266, "start": -1, "led": 1, "points": 0, "bonus": 0, "penality": 0, "practice_pos": 0}}, {"model": "commissioner.raceresult", "pk": 43, "fields": {"createdAt": "2025-02-24T15:52:47.515Z", "user": 1, "updatedAt": "2025-02-24T15:52:47.515Z", "team": null, "race": 2, "driver": 30, "manufacturer": "Chevrolet", "start_pos": 26, "finish_pos": 2, "car_no": 77, "laps": 266, "start": -1, "led": 0, "points": 0, "bonus": 0, "penality": 0, "practice_pos": 0}}, {"model": "commissioner.raceresult", "pk": 44, "fields": {"createdAt": "2025-02-24T15:52:47.516Z", "user": 1, "updatedAt": "2025-02-24T15:52:47.516Z", "team": null, "race": 2, "driver": 20, "manufacturer": "Chevrolet", "start_pos": 17, "finish_pos": 3, "car_no": 5, "laps": 266, "start": -1, "led": 12, "points": 0, "bonus": 0, "penality": 0, "practice_pos": 0}}, {"model": "commissioner.raceresult", "pk": 45, "fields": {"createdAt": "2025-02-24T15:52:47.517Z", "user": 1, "updatedAt": "2025-02-24T15:52:47.517Z", "team": null, "race": 2, "driver": 7, "manufacturer": "Ford", "start_pos": 1, "finish_pos": 4, "car_no": 12, "laps": 266, "start": -1, "led": 1, "points": 0, "bonus": 0, "penality": 0, "practice_pos": 0}}, {"model": "commissioner.raceresult", "pk": 46, "fields": {"createdAt": "2025-02-24T15:52:47.517Z", "user": 1, "updatedAt": "2025-02-24T15:52:47.517Z", "team": null, "race": 2, "driver": 18, "manufacturer": "Chevrolet", "start_pos": 34, "finish_pos": 5, "car_no": 47, "laps": 266, "start": -1, "led": 0, "points": 0, "bonus": 0, "penality": 0, "practice_pos": 0}}, {"model": "commissioner.raceresult", "pk": 47, "fields": {"createdAt": "2025-02-24T15:52:47.519Z", "user": 1, "updatedAt": "2025-02-24T15:52:47.519Z", "team": null, "race": 2, "driver": 24, "manufacturer": "Toyota", "start_pos": 37, "finish_pos": 6, "car_no": 11, "laps": 266, "start": -1, "led": 0, "points": 0, "bonus": 0, "penality": 0, "practice_pos": 0}}, {"model": "commissioner.raceresult", "pk": 48, "fields": {"createdAt": "2025-02-24T15:52:47.520Z", "user": 1, "updatedAt": "2025-02-24T15:52:47.520Z", "team": null, "race": 2, "driver": 34, "manufacturer": "Chevrolet", "start_pos": 6, "finish_pos": 7, "car_no": 8, "laps": 266, "start": -1, "led": 13, "points": 0, "bonus": 0, "penality": 0, "practice_pos": 0}}, {"model": "commissioner.raceresult", "pk": 49, "fields": {"createdAt": "2025-02-24T15:52:47.521Z", "user": 1, "updatedAt": "2025-02-24T15:52:47.521Z", "team": null, "race": 2, "driver": 40, "manufacturer": "Chevrolet", "start_pos": 33, "finish_pos": 8, "car_no": 1, "laps": 266, "start": -1, "led": 25, "points": 0, "bonus": 0, "penality": 0, "practice_pos": 0}}, {"model": "commissioner.raceresult", "pk": 50, "fields": {"createdAt": "2025-02-24T15:52:47.522Z", "user": 1, "updatedAt": "2025-02-24T15:52:47.522Z", "team": null, "race": 2, "driver": 29, "manufacturer": "Toyota", "start_pos": 14, "finish_pos": 9, "car_no": 23, "laps": 266, "start": -1, "led": 0, "points": 0, "bonus": 0, "penality": 0, "practice_pos": 0}}, {"model": "commissioner.raceresult", "pk": 51, "fields": {"createdAt": "2025-02-24T15:52:47.522Z", "user": 1, "updatedAt": "2025-02-24T15:52:47.523Z", "team": null, "race": 2, "driver": 5, "manufacturer": "Toyota", "start_pos": 22, "finish_pos": 10, "car_no": 42, "laps": 266, "start": -1, "led": 0, "points": 0, "bonus": 0, "penality": 0, "practice_pos": 0}}, {"model": "commissioner.raceresult", "pk": 52, "fields": {"createdAt": "2025-02-24T15:52:47.523Z", "user": 1, "updatedAt": "2025-02-24T15:52:47.523Z", "team": null, "race": 2, "driver": 36, "manufacturer": "Ford", "start_pos": 7, "finish_pos": 11, "car_no": 38, "laps": 266, "start": -1, "led": 0, "points": 0, "bonus": 0, "penality": 0, "practice_pos": 0}}, {"model": "commissioner.raceresult", "pk": 53, "fields": {"createdAt": "2025-02-24T15:52:47.524Z", "user": 1, "updatedAt": "2025-02-24T15:52:47.524Z", "team": null, "race": 2, "driver": 35, "manufacturer": "Ford", "start_pos": 4, "finish_pos": 12, "car_no": 22, "laps": 266, "start": -1, "led": 83, "points": 0, "bonus": 0, "penality": 0, "practice_pos": 0}}, {"model": "commissioner.raceresult", "pk": 54, "fields": {"createdAt": "2025-02-24T15:52:47.525Z", "user": 1, "updatedAt": "2025-02-24T15:52:47.525Z", "team": null, "race": 2, "driver": 11, "manufacturer": "Chevrolet", "start_pos": 24, "finish_pos": 13, "car_no": 71, "laps": 266, "start": -1, "led": 0, "points": 0, "bonus": 0, "penality": 0, "practice_pos": 0}}, {"model": "commissioner.raceresult", "pk": 55, "fields": {"createdAt": "2025-02-24T15:52:47.526Z", "user": 1, "updatedAt": "2025-02-24T15:52:47.526Z", "team": null, "race": 2, "driver": 41, "manufacturer": "Chevrolet", "start_pos": 12, "finish_pos": 14, "car_no": 16, "laps": 266, "start": -1, "led": 0, "points": 0, "bonus": 0, "penality": 0, "practice_pos": 0}}, {"model": "commissioner.raceresult", "pk": 56, "fields": {"createdAt": "2025-02-24T15:52:47.526Z", "user": 1, "updatedAt": "2025-02-24T15:52:47.526Z", "team": null, "race": 2, "driver": 27, "manufacturer": "Ford", "start_pos": 5, "finish_pos": 15, "car_no": 34, "laps": 266, "start": -1, "led": 7, "points": 0, "bonus": 0, "penality": 0, "practice_pos": 0}}, {"model": "commissioner.raceresult", "pk": 57, "fields": {"createdAt": "2025-02-24T15:52:47.527Z", "user": 1, "updatedAt": "2025-02-24T15:52:47.527Z", "team": null, "race": 2, "driver": 23, "manufacturer": "Chevrolet", "start_pos": 15, "finish_pos": 16, "car_no": 3, "laps": 266, "start": -1, "led": 0, "points": 0, "bonus": 0, "penality": 0, "practice_pos": 0}}, {"model": "commissioner.raceresult", "pk": 58, "fields": {"createdAt": "2025-02-24T15:52:47.527Z", "user": 1, "updatedAt": "2025-02-24T15:52:47.527Z", "team": null, "race": 2, "driver": 17, "manufacturer": "Toyota", "start_pos": 27, "finish_pos": 17, "car_no": 35, "laps": 266, "start": -1, "led": 0, "points": 0, "bonus": 0, "penality": 0, "practice_pos": 0}}, {"model": "commissioner.raceresult", "pk": 59, "fields": {"createdAt": "2025-02-24T15:52:47.528Z", "user": 1, "updatedAt": "2025-02-24T15:52:47.528Z", "team": null, "race": 2, "driver": 32, "manufacturer": "Ford", "start_pos": 11, "finish_pos": 18, "car_no": 60, "laps": 266, "start": -1, "led": 0, "points": 0, "bonus": 0, "penality": 0, "practice_pos": 0}}, {"model": "commissioner.raceresult", "pk": 60, "fields": {"createdAt": "2025-02-24T15:52:47.529Z", "user": 1, "updatedAt": "2025-02-24T15:52:47.529Z", "team": null, "race": 2, "driver": 2, "manufacturer": "Toyota", "start_pos": 18, "finish_pos": 19, "car_no": 45, "laps": 266, "start": -1, "led": 0, "points": 0, "bonus": 0, "penality": 0, "practice_pos": 0}}, {"model": "commissioner.raceresult", "pk": 61, "fields": {"createdAt": "2025-02-24T15:52:47.529Z", "user": 1, "updatedAt": "2025-02-24T15:52:47.529Z", "team": null, "race": 2, "driver": 15, "manufacturer": "Chevrolet", "start_pos": 19, "finish_pos": 20, "car_no": 9, "laps": 266, "start": -1, "led": 0, "points": 0, "bonus": 0, "penality": 0, "practice_pos": 0}}, {"model": "commissioner.raceresult", "pk": 62, "fields": {"createdAt": "2025-02-24T15:52:47.530Z", "user": 1, "updatedAt": "2025-02-24T15:52:47.530Z", "team": null, "race": 2, "driver": 4, "manufacturer": "Toyota", "start_pos": 25, "finish_pos": 21, "car_no": 19, "laps": 266, "start": -1, "led": 5, "points": 0, "bonus": 0, "penality": 0, "practice_pos": 0}}, {"model": "commissioner.raceresult", "pk": 63, "fields": {"createdAt": "2025-02-24T15:52:47.532Z", "user": 1, "updatedAt": "2025-02-24T15:52:47.532Z", "team": null, "race": 2, "driver": 42, "manufacturer": "Chevrolet", "start_pos": 38, "finish_pos": 22, "car_no": 78, "laps": 266, "start": -1, "led": 1, "points": 0, "bonus": 0, "penality": 0, "practice_pos": 0}}, {"model": "commissioner.raceresult", "pk": 64, "fields": {"createdAt": "2025-02-24T15:52:47.532Z", "user": 1, "updatedAt": "2025-02-24T15:52:47.532Z", "team": null, "race": 2, "driver": 33, "manufacturer": "Chevrolet", "start_pos": 30, "finish_pos": 23, "car_no": 88, "laps": 266, "start": -1, "led": 2, "points": 0, "bonus": 0, "penality": 0, "practice_pos": 0}}, {"model": "commissioner.raceresult", "pk": 65, "fields": {"createdAt": "2025-02-24T15:52:47.533Z", "user": 1, "updatedAt": "2025-02-24T15:52:47.533Z", "team": null, "race": 2, "driver": 19, "manufacturer": "Chevrolet", "start_pos": 21, "finish_pos": 24, "car_no": 7, "laps": 266, "start": -1, "led": 0, "points": 0, "bonus": 0, "penality": 0, "practice_pos": 0}}, {"model": "commissioner.raceresult", "pk": 66, "fields": {"createdAt": "2025-02-24T15:52:47.535Z", "user": 1, "updatedAt": "2025-02-24T15:52:47.535Z", "team": null, "race": 2, "driver": 37, "manufacturer": "Ford", "start_pos": 3, "finish_pos": 25, "car_no": 21, "laps": 265, "start": -1, "led": 56, "points": 0, "bonus": 0, "penality": 0, "practice_pos": 0}}, {"model": "commissioner.raceresult", "pk": 67, "fields": {"createdAt": "2025-02-24T15:52:47.535Z", "user": 1, "updatedAt": "2025-02-24T15:52:47.535Z", "team": null, "race": 2, "driver": 6, "manufacturer": "Chevrolet", "start_pos": 13, "finish_pos": 26, "car_no": 48, "laps": 266, "start": -1, "led": 6, "points": 0, "bonus": 0, "penality": 0, "practice_pos": 0}}, {"model": "commissioner.raceresult", "pk": 68, "fields": {"createdAt": "2025-02-24T15:52:47.536Z", "user": 1, "updatedAt": "2025-02-24T15:52:47.536Z", "team": null, "race": 2, "driver": 1, "manufacturer": "Chevrolet", "start_pos": 16, "finish_pos": 27, "car_no": 24, "laps": 266, "start": -1, "led": 6, "points": 0, "bonus": 0, "penality": 0, "practice_pos": 0}}, {"model": "commissioner.raceresult", "pk": 69, "fields": {"createdAt": "2025-02-24T15:52:47.537Z", "user": 1, "updatedAt": "2025-02-24T15:52:47.537Z", "team": null, "race": 2, "driver": 8, "manufacturer": "Ford", "start_pos": 2, "finish_pos": 28, "car_no": 2, "laps": 257, "start": -1, "led": 47, "points": 0, "bonus": 0, "penality": 0, "practice_pos": 0}}, {"model": "commissioner.raceresult", "pk": 70, "fields": {"createdAt": "2025-02-24T15:52:47.538Z", "user": 1, "updatedAt": "2025-02-24T15:52:47.538Z", "team": null, "race": 2, "driver": 14, "manufacturer": "Chevrolet", "start_pos": 20, "finish_pos": 29, "car_no": 10, "laps": 266, "start": -1, "led": 0, "points": 0, "bonus": 0, "penality": 0, "practice_pos": 0}}, {"model": "commissioner.raceresult", "pk": 71, "fields": {"createdAt": "2025-02-24T15:52:47.538Z", "user": 1, "updatedAt": "2025-02-24T15:52:47.538Z", "team": null, "race": 2, "driver": 10, "manufacturer": "Ford", "start_pos": 8, "finish_pos": 30, "car_no": 17, "laps": 266, "start": -1, "led": 0, "points": 0, "bonus": 0, "penality": 0, "practice_pos": 0}}, {"model": "commissioner.raceresult", "pk": 72, "fields": {"createdAt": "2025-02-24T15:52:47.539Z", "user": 1, "updatedAt": "2025-02-24T15:52:47.539Z", "team": null, "race": 2, "driver": 12, "manufacturer": "Toyota", "start_pos": 28, "finish_pos": 31, "car_no": 43, "laps": 266, "start": -1, "led": 0, "points": 0, "bonus": 0, "penality": 0, "practice_pos": 0}}, {"model": "commissioner.raceresult", "pk": 73, "fields": {"createdAt": "2025-02-24T15:52:47.540Z", "user": 1, "updatedAt": "2025-02-24T15:52:47.540Z", "team": null, "race": 2, "driver": 16, "manufacturer": "Toyota", "start_pos": 36, "finish_pos": 32, "car_no": 54, "laps": 201, "start": -1, "led": 0, "points": 0, "bonus": 0, "penality": 0, "practice_pos": 0}}, {"model": "commissioner.raceresult", "pk": 74, "fields": {"createdAt": "2025-02-24T15:52:47.540Z", "user": 1, "updatedAt": "2025-02-24T15:52:47.540Z", "team": null, "race": 2, "driver": 13, "manufacturer": "Chevrolet", "start_pos": 29, "finish_pos": 33, "car_no": 99, "laps": 183, "start": -1, "led": 0, "points": 0, "bonus": 0, "penality": 0, "practice_pos": 0}}, {"model": "commissioner.raceresult", "pk": 75, "fields": {"createdAt": "2025-02-24T15:52:47.541Z", "user": 1, "updatedAt": "2025-02-24T15:52:47.541Z", "team": null, "race": 2, "driver": 28, "manufacturer": "Ford", "start_pos": 10, "finish_pos": 34, "car_no": 4, "laps": 183, "start": -1, "led": 0, "points": 0, "bonus": 0, "penality": 0, "practice_pos": 0}}, {"model": "commissioner.raceresult", "pk": 76, "fields": {"createdAt": "2025-02-24T15:52:47.541Z", "user": 1, "updatedAt": "2025-02-24T15:52:47.541Z", "team": null, "race": 2, "driver": 25, "manufacturer": "Ford", "start_pos": 31, "finish_pos": 35, "car_no": 51, "laps": 183, "start": -1, "led": 1, "points": 0, "bonus": 0, "penality": 0, "practice_pos": 0}}, {"model": "commissioner.raceresult", "pk": 77, "fields": {"createdAt": "2025-02-24T15:52:47.542Z", "user": 1, "updatedAt": "2025-02-24T15:52:47.542Z", "team": null, "race": 2, "driver": 21, "manufacturer": "Ford", "start_pos": 23, "finish_pos": 36, "car_no": 41, "laps": 183, "start": -1, "led": 0, "points": 0, "bonus": 0, "penality": 0, "practice_pos": 0}}, {"model": "commissioner.raceresult", "pk": 78, "fields": {"createdAt": "2025-02-24T15:52:47.544Z", "user": 1, "updatedAt": "2025-02-24T15:52:47.544Z", "team": null, "race": 2, "driver": 43, "manufacturer": "Chevrolet", "start_pos": 39, "finish_pos": 37, "car_no": 44, "laps": 183, "start": -1, "led": 0, "points": 0, "bonus": 0, "penality": 0, "practice_pos": 0}}, {"model": "commissioner.raceresult", "pk": 79, "fields": {"createdAt": "2025-02-24T15:52:47.544Z", "user": 1, "updatedAt": "2025-02-24T15:52:47.544Z", "team": null, "race": 2, "driver": 22, "manufacturer": "Ford", "start_pos": 35, "finish_pos": 38, "car_no": 1, "laps": 149, "start": -1, "led": 0, "points": 0, "bonus": 0, "penality": 0, "practice_pos": 0}}, {"model": "commissioner.raceresult", "pk": 80, "fields": {"createdAt": "2025-02-24T15:52:47.544Z", "user": 1, "updatedAt": "2025-02-24T15:52:47.544Z", "team": null, "race": 2, "driver": 26, "manufacturer": "Ford", "start_pos": 9, "finish_pos": 39, "car_no": 6, "laps": 149, "start": -1, "led": 0, "points": 0, "bonus": 0, "penality": 0, "practice_pos": 0}}, {"model": "commissioner.raceresult", "pk": 81, "fields": {"createdAt": "2025-02-24T17:15:33.838Z", "user": 1, "updatedAt": "2025-02-24T17:15:33.838Z", "team": null, "race": 3, "driver": 13, "manufacturer": "Chevrolet", "start_pos": 23, "finish_pos": 1, "car_no": 99, "laps": 260, "start": -1, "led": 9, "points": 0, "bonus": 0, "penality": 0, "practice_pos": 0}}, {"model": "commissioner.raceresult", "pk": 82, "fields": {"createdAt": "2025-02-24T17:15:33.840Z", "user": 1, "updatedAt": "2025-02-24T17:15:33.840Z", "team": null, "race": 3, "driver": 7, "manufacturer": "Ford", "start_pos": 6, "finish_pos": 2, "car_no": 12, "laps": 260, "start": -1, "led": 31, "points": 0, "bonus": 0, "penality": 0, "practice_pos": 0}}, {"model": "commissioner.raceresult", "pk": 83, "fields": {"createdAt": "2025-02-24T17:15:33.841Z", "user": 1, "updatedAt": "2025-02-24T17:15:33.841Z", "team": null, "race": 3, "driver": 34, "manufacturer": "Chevrolet", "start_pos": 3, "finish_pos": 3, "car_no": 8, "laps": 260, "start": -1, "led": 28, "points": 0, "bonus": 0, "penality": 0, "practice_pos": 0}}, {"model": "commissioner.raceresult", "pk": 84, "fields": {"createdAt": "2025-02-24T17:15:33.842Z", "user": 1, "updatedAt": "2025-02-24T17:15:33.842Z", "team": null, "race": 3, "driver": 8, "manufacturer": "Ford", "start_pos": 8, "finish_pos": 4, "car_no": 2, "laps": 260, "start": -1, "led": 32, "points": 0, "bonus": 0, "penality": 0, "practice_pos": 0}}, {"model": "commissioner.raceresult", "pk": 85, "fields": {"createdAt": "2025-02-24T17:15:33.843Z", "user": 1, "updatedAt": "2025-02-24T17:15:33.843Z", "team": null, "race": 3, "driver": 29, "manufacturer": "Toyota", "start_pos": 18, "finish_pos": 5, "car_no": 23, "laps": 260, "start": -1, "led": 3, "points": 0, "bonus": 0, "penality": 0, "practice_pos": 0}}, {"model": "commissioner.raceresult", "pk": 86, "fields": {"createdAt": "2025-02-24T17:15:33.844Z", "user": 1, "updatedAt": "2025-02-24T17:15:33.844Z", "team": null, "race": 3, "driver": 18, "manufacturer": "Chevrolet", "start_pos": 27, "finish_pos": 6, "car_no": 47, "laps": 260, "start": -1, "led": 1, "points": 0, "bonus": 0, "penality": 0, "practice_pos": 0}}, {"model": "commissioner.raceresult", "pk": 87, "fields": {"createdAt": "2025-02-24T17:15:33.844Z", "user": 1, "updatedAt": "2025-02-24T17:15:33.844Z", "team": null, "race": 3, "driver": 40, "manufacturer": "Chevrolet", "start_pos": 21, "finish_pos": 7, "car_no": 1, "laps": 260, "start": -1, "led": 0, "points": 0, "bonus": 0, "penality": 0, "practice_pos": 0}}, {"model": "commissioner.raceresult", "pk": 88, "fields": {"createdAt": "2025-02-24T17:15:33.845Z", "user": 1, "updatedAt": "2025-02-24T17:15:33.845Z", "team": null, "race": 3, "driver": 11, "manufacturer": "Ford", "start_pos": 1, "finish_pos": 8, "car_no": 34, "laps": 260, "start": -1, "led": 27, "points": 0, "bonus": 0, "penality": 0, "practice_pos": 0}}, {"model": "commissioner.raceresult", "pk": 89, "fields": {"createdAt": "2025-02-24T17:15:33.846Z", "user": 1, "updatedAt": "2025-02-24T17:15:33.846Z", "team": null, "race": 3, "driver": 10, "manufacturer": "Ford", "start_pos": 7, "finish_pos": 9, "car_no": 17, "laps": 260, "start": -1, "led": 1, "points": 0, "bonus": 0, "penality": 0, "practice_pos": 0}}, {"model": "commissioner.raceresult", "pk": 90, "fields": {"createdAt": "2025-02-24T17:15:33.847Z", "user": 1, "updatedAt": "2025-02-24T17:15:33.847Z", "team": null, "race": 3, "driver": 16, "manufacturer": "Toyota", "start_pos": 25, "finish_pos": 10, "car_no": 54, "laps": 260, "start": -1, "led": 0, "points": 0, "bonus": 0, "penality": 0, "practice_pos": 0}}, {"model": "commissioner.raceresult", "pk": 91, "fields": {"createdAt": "2025-02-24T17:15:33.849Z", "user": 1, "updatedAt": "2025-02-24T17:15:33.849Z", "team": null, "race": 3, "driver": 44, "manufacturer": "Ford", "start_pos": 16, "finish_pos": 11, "car_no": 21, "laps": 260, "start": -1, "led": 0, "points": 0, "bonus": 0, "penality": 0, "practice_pos": 0}}, {"model": "commissioner.raceresult", "pk": 92, "fields": {"createdAt": "2025-02-24T17:15:33.850Z", "user": 1, "updatedAt": "2025-02-24T17:15:33.850Z", "team": null, "race": 3, "driver": 38, "manufacturer": "Toyota", "start_pos": 12, "finish_pos": 12, "car_no": 19, "laps": 260, "start": -1, "led": 9, "points": 0, "bonus": 0, "penality": 0, "practice_pos": 0}}, {"model": "commissioner.raceresult", "pk": 93, "fields": {"createdAt": "2025-02-24T17:15:33.851Z", "user": 1, "updatedAt": "2025-02-24T17:15:33.851Z", "team": null, "race": 3, "driver": 22, "manufacturer": "Chevrolet", "start_pos": 32, "finish_pos": 13, "car_no": 7, "laps": 260, "start": -1, "led": 0, "points": 0, "bonus": 0, "penality": 0, "practice_pos": 0}}, {"model": "commissioner.raceresult", "pk": 94, "fields": {"createdAt": "2025-02-24T17:15:33.852Z", "user": 1, "updatedAt": "2025-02-24T17:15:33.852Z", "team": null, "race": 3, "driver": 45, "manufacturer": "Ford", "start_pos": 33, "finish_pos": 14, "car_no": 15, "laps": 260, "start": -1, "led": 0, "points": 0, "bonus": 0, "penality": 0, "practice_pos": 0}}, {"model": "commissioner.raceresult", "pk": 95, "fields": {"createdAt": "2025-02-24T17:15:33.853Z", "user": 1, "updatedAt": "2025-02-24T17:15:33.853Z", "team": null, "race": 3, "driver": 15, "manufacturer": "Chevrolet", "start_pos": 28, "finish_pos": 15, "car_no": 9, "laps": 260, "start": -1, "led": 0, "points": 0, "bonus": 0, "penality": 0, "practice_pos": 0}}, {"model": "commissioner.raceresult", "pk": 96, "fields": {"createdAt": "2025-02-24T17:15:33.853Z", "user": 1, "updatedAt": "2025-02-24T17:15:33.853Z", "team": null, "race": 3, "driver": 32, "manufacturer": "Ford", "start_pos": 20, "finish_pos": 16, "car_no": 41, "laps": 260, "start": -1, "led": 0, "points": 0, "bonus": 0, "penality": 0, "practice_pos": 0}}, {"model": "commissioner.raceresult", "pk": 97, "fields": {"createdAt": "2025-02-24T17:15:33.854Z", "user": 1, "updatedAt": "2025-02-24T17:15:33.854Z", "team": null, "race": 3, "driver": 1, "manufacturer": "Chevrolet", "start_pos": 11, "finish_pos": 17, "car_no": 24, "laps": 260, "start": -1, "led": 0, "points": 0, "bonus": 0, "penality": 0, "practice_pos": 0}}, {"model": "commissioner.raceresult", "pk": 98, "fields": {"createdAt": "2025-02-24T17:15:33.855Z", "user": 1, "updatedAt": "2025-02-24T17:15:33.855Z", "team": null, "race": 3, "driver": 46, "manufacturer": "Chevrolet", "start_pos": 26, "finish_pos": 18, "car_no": 10, "laps": 260, "start": -1, "led": 0, "points": 0, "bonus": 0, "penality": 0, "practice_pos": 0}}, {"model": "commissioner.raceresult", "pk": 99, "fields": {"createdAt": "2025-02-24T17:15:33.856Z", "user": 1, "updatedAt": "2025-02-24T17:15:33.856Z", "team": null, "race": 3, "driver": 30, "manufacturer": "Chevrolet", "start_pos": 35, "finish_pos": 19, "car_no": 77, "laps": 260, "start": -1, "led": 0, "points": 0, "bonus": 0, "penality": 0, "practice_pos": 0}}, {"model": "commissioner.raceresult", "pk": 100, "fields": {"createdAt": "2025-02-24T17:15:33.857Z", "user": 1, "updatedAt": "2025-02-24T17:15:33.857Z", "team": null, "race": 3, "driver": 19, "manufacturer": "Ford", "start_pos": 31, "finish_pos": 20, "car_no": 51, "laps": 260, "start": -1, "led": 0, "points": 0, "bonus": 0, "penality": 0, "practice_pos": 0}}, {"model": "commissioner.raceresult", "pk": 101, "fields": {"createdAt": "2025-02-24T17:15:33.857Z", "user": 1, "updatedAt": "2025-02-24T17:15:33.857Z", "team": null, "race": 3, "driver": 5, "manufacturer": "Toyota", "start_pos": 34, "finish_pos": 21, "car_no": 42, "laps": 260, "start": -1, "led": 0, "points": 0, "bonus": 0, "penality": 0, "practice_pos": 0}}, {"model": "commissioner.raceresult", "pk": 102, "fields": {"createdAt": "2025-02-24T17:15:33.858Z", "user": 1, "updatedAt": "2025-02-24T17:15:33.858Z", "team": null, "race": 3, "driver": 23, "manufacturer": "Chevrolet", "start_pos": 10, "finish_pos": 22, "car_no": 3, "laps": 260, "start": -1, "led": 0, "points": 0, "bonus": 0, "penality": 0, "practice_pos": 0}}, {"model": "commissioner.raceresult", "pk": 103, "fields": {"createdAt": "2025-02-24T17:15:33.859Z", "user": 1, "updatedAt": "2025-02-24T17:15:33.859Z", "team": null, "race": 3, "driver": 24, "manufacturer": "Toyota", "start_pos": 13, "finish_pos": 23, "car_no": 11, "laps": 259, "start": -1, "led": 15, "points": 0, "bonus": 0, "penality": 0, "practice_pos": 0}}, {"model": "commissioner.raceresult", "pk": 104, "fields": {"createdAt": "2025-02-24T17:15:33.859Z", "user": 1, "updatedAt": "2025-02-24T17:15:33.859Z", "team": null, "race": 3, "driver": 42, "manufacturer": "Chevrolet", "start_pos": 36, "finish_pos": 24, "car_no": 78, "laps": 257, "start": -1, "led": 0, "points": 0, "bonus": 0, "penality": 0, "practice_pos": 0}}, {"model": "commissioner.raceresult", "pk": 105, "fields": {"createdAt": "2025-02-24T17:15:33.860Z", "user": 1, "updatedAt": "2025-02-24T17:15:33.860Z", "team": null, "race": 3, "driver": 12, "manufacturer": "Toyota", "start_pos": 37, "finish_pos": 25, "car_no": 43, "laps": 256, "start": -1, "led": 0, "points": 0, "bonus": 0, "penality": 0, "practice_pos": 0}}, {"model": "commissioner.raceresult", "pk": 106, "fields": {"createdAt": "2025-02-24T17:15:33.862Z", "user": 1, "updatedAt": "2025-02-24T17:15:33.862Z", "team": null, "race": 3, "driver": 27, "manufacturer": "Ford", "start_pos": 4, "finish_pos": 26, "car_no": 38, "laps": 256, "start": -1, "led": 58, "points": 0, "bonus": 0, "penality": 0, "practice_pos": 0}}, {"model": "commissioner.raceresult", "pk": 107, "fields": {"createdAt": "2025-02-24T17:15:33.863Z", "user": 1, "updatedAt": "2025-02-24T17:15:33.863Z", "team": null, "race": 3, "driver": 6, "manufacturer": "Chevrolet", "start_pos": 17, "finish_pos": 27, "car_no": 48, "laps": 255, "start": -1, "led": 0, "points": 0, "bonus": 0, "penality": 0, "practice_pos": 0}}, {"model": "commissioner.raceresult", "pk": 108, "fields": {"createdAt": "2025-02-24T17:15:33.863Z", "user": 1, "updatedAt": "2025-02-24T17:15:33.863Z", "team": null, "race": 3, "driver": 35, "manufacturer": "Ford", "start_pos": 2, "finish_pos": 28, "car_no": 22, "laps": 252, "start": -1, "led": 27, "points": 0, "bonus": 0, "penality": 0, "practice_pos": 0}}, {"model": "commissioner.raceresult", "pk": 109, "fields": {"createdAt": "2025-02-24T17:15:33.864Z", "user": 1, "updatedAt": "2025-02-24T17:15:33.864Z", "team": null, "race": 3, "driver": 37, "manufacturer": "Ford", "start_pos": 14, "finish_pos": 29, "car_no": 4, "laps": 250, "start": -1, "led": 0, "points": 0, "bonus": 0, "penality": 0, "practice_pos": 0}}, {"model": "commissioner.raceresult", "pk": 110, "fields": {"createdAt": "2025-02-24T17:15:33.865Z", "user": 1, "updatedAt": "2025-02-24T17:15:33.865Z", "team": null, "race": 3, "driver": 2, "manufacturer": "Toyota", "start_pos": 19, "finish_pos": 30, "car_no": 45, "laps": 243, "start": -1, "led": 0, "points": 0, "bonus": 0, "penality": 0, "practice_pos": 0}}, {"model": "commissioner.raceresult", "pk": 111, "fields": {"createdAt": "2025-02-24T17:15:33.866Z", "user": 1, "updatedAt": "2025-02-24T17:15:33.866Z", "team": null, "race": 3, "driver": 4, "manufacturer": "Ford", "start_pos": 9, "finish_pos": 31, "car_no": 14, "laps": 239, "start": -1, "led": 0, "points": 0, "bonus": 0, "penality": 0, "practice_pos": 0}}, {"model": "commissioner.raceresult", "pk": 112, "fields": {"createdAt": "2025-02-24T17:15:33.866Z", "user": 1, "updatedAt": "2025-02-24T17:15:33.866Z", "team": null, "race": 3, "driver": 20, "manufacturer": "Chevrolet", "start_pos": 5, "finish_pos": 32, "car_no": 5, "laps": 222, "start": -1, "led": 17, "points": 0, "bonus": 0, "penality": 0, "practice_pos": 0}}, {"model": "commissioner.raceresult", "pk": 113, "fields": {"createdAt": "2025-02-24T17:15:33.867Z", "user": 1, "updatedAt": "2025-02-24T17:15:33.867Z", "team": null, "race": 3, "driver": 26, "manufacturer": "Ford", "start_pos": 24, "finish_pos": 33, "car_no": 6, "laps": 218, "start": -1, "led": 2, "points": 0, "bonus": 0, "penality": 0, "practice_pos": 0}}, {"model": "commissioner.raceresult", "pk": 114, "fields": {"createdAt": "2025-02-24T17:15:33.868Z", "user": 1, "updatedAt": "2025-02-24T17:15:33.868Z", "team": null, "race": 3, "driver": 31, "manufacturer": "Toyota", "start_pos": 22, "finish_pos": 34, "car_no": 20, "laps": 148, "start": -1, "led": 0, "points": 0, "bonus": 0, "penality": 0, "practice_pos": 0}}, {"model": "commissioner.raceresult", "pk": 115, "fields": {"createdAt": "2025-02-24T17:15:33.869Z", "user": 1, "updatedAt": "2025-02-24T17:15:33.869Z", "team": null, "race": 3, "driver": 36, "manufacturer": "Chevrolet", "start_pos": 29, "finish_pos": 35, "car_no": 71, "laps": 75, "start": -1, "led": 0, "points": 0, "bonus": 0, "penality": 0, "practice_pos": 0}}, {"model": "commissioner.raceresult", "pk": 116, "fields": {"createdAt": "2025-02-24T17:15:33.869Z", "user": 1, "updatedAt": "2025-02-24T17:15:33.869Z", "team": null, "race": 3, "driver": 28, "manufacturer": "Ford", "start_pos": 15, "finish_pos": 36, "car_no": 10, "laps": 66, "start": -1, "led": 0, "points": 0, "bonus": 0, "penality": 0, "practice_pos": 0}}, {"model": "commissioner.raceresult", "pk": 117, "fields": {"createdAt": "2025-02-24T17:15:33.871Z", "user": 1, "updatedAt": "2025-02-24T17:15:33.871Z", "team": null, "race": 3, "driver": 47, "manufacturer": "Chevrolet", "start_pos": 30, "finish_pos": 37, "car_no": 16, "laps": 2, "start": -1, "led": 0, "points": 0, "bonus": 0, "penality": 0, "practice_pos": 0}}, {"model": "commissioner.bet", "pk": 1, "fields": {"createdAt": "2025-02-24T15:54:08.489Z", "user": 1, "updatedAt": "2025-02-24T15:54:08.489Z", "race": 1, "driver": 1, "player": 1, "finish": 1}}, {"model": "commissioner.bet", "pk": 2, "fields": {"createdAt": "2025-02-24T15:54:33.482Z", "user": 1, "updatedAt": "2025-02-24T15:54:33.482Z", "race": 1, "driver": 7, "player": 2, "finish": -1}}, {"model": "commissioner.bet", "pk": 3, "fields": {"createdAt": "2025-02-24T15:55:25.238Z", "user": 1, "updatedAt": "2025-02-24T15:55:25.238Z", "race": 2, "driver": 7, "player": 2, "finish": -1}}, {"model": "commissioner.bet", "pk": 4, "fields": {"createdAt": "2025-02-24T15:58:12.849Z", "user": 1, "updatedAt": "2025-02-24T16:11:10.978Z", "race": 2, "driver": 8, "player": 1, "finish": -1}}, {"model": "admin.logentry", "pk": 1, "fields": {"action_time": "2025-02-24T15:48:49.912Z", "user": 1, "content_type": 1, "object_id": "1", "object_repr": "Florida", "action_flag": 1, "change_message": "[{\"added\": {}}]"}}, {"model": "admin.logentry", "pk": 2, "fields": {"action_time": "2025-02-24T15:48:57.661Z", "user": 1, "content_type": 2, "object_id": "1", "object_repr": "Daytona International Speedway", "action_flag": 1, "change_message": "[{\"added\": {}}]"}}, {"model": "admin.logentry", "pk": 3, "fields": {"action_time": "2025-02-24T15:49:26.351Z", "user": 1, "content_type": 1, "object_id": "2", "object_repr": "Georgia", "action_flag": 1, "change_message": "[{\"added\": {}}]"}}, {"model": "admin.logentry", "pk": 4, "fields": {"action_time": "2025-02-24T15:49:29.519Z", "user": 1, "content_type": 2, "object_id": "2", "object_repr": "Atlanata Motor Speedway", "action_flag": 1, "change_message": "[{\"added\": {}}]"}}, {"model": "admin.logentry", "pk": 5, "fields": {"action_time": "2025-02-24T15:50:02.790Z", "user": 1, "content_type": 3, "object_id": "1", "object_repr": "Daytona 500 2025-02-16", "action_flag": 1, "change_message": "[{\"added\": {}}]"}}, {"model": "admin.logentry", "pk": 6, "fields": {"action_time": "2025-02-24T15:50:35.187Z", "user": 1, "content_type": 3, "object_id": "2", "object_repr": "Atlanata Motor Speedway 2025-02-23", "action_flag": 1, "change_message": "[{\"added\": {}}]"}}, {"model": "admin.logentry", "pk": 7, "fields": {"action_time": "2025-02-24T15:51:16.412Z", "user": 1, "content_type": 2, "object_id": "2", "object_repr": "Atlanta Motor Speedway", "action_flag": 2, "change_message": "[{\"changed\": {\"fields\": [\"Name\", \"Website\"]}}]"}}, {"model": "admin.logentry", "pk": 8, "fields": {"action_time": "2025-02-24T15:53:56.615Z", "user": 1, "content_type": 6, "object_id": "1", "object_repr": "Bob", "action_flag": 1, "change_message": "[{\"added\": {}}]"}}, {"model": "admin.logentry", "pk": 9, "fields": {"action_time": "2025-02-24T15:54:08.490Z", "user": 1, "content_type": 7, "object_id": "1", "object_repr": "Daytona 500 - Bob - William Byron", "action_flag": 1, "change_message": "[{\"added\": {}}]"}}, {"model": "admin.logentry", "pk": 10, "fields": {"action_time": "2025-02-24T15:54:29.640Z", "user": 1, "content_type": 6, "object_id": "2", "object_repr": "Greg", "action_flag": 1, "change_message": "[{\"added\": {}}]"}}, {"model": "admin.logentry", "pk": 11, "fields": {"action_time": "2025-02-24T15:54:33.482Z", "user": 1, "content_type": 7, "object_id": "2", "object_repr": "Daytona 500 - Greg - Ryan Blaney", "action_flag": 1, "change_message": "[{\"added\": {}}]"}}, {"model": "admin.logentry", "pk": 12, "fields": {"action_time": "2025-02-24T15:55:25.239Z", "user": 1, "content_type": 7, "object_id": "3", "object_repr": "Atlanata Motor Speedway - Greg - Ryan Blaney", "action_flag": 1, "change_message": "[{\"added\": {}}]"}}, {"model": "admin.logentry", "pk": 13, "fields": {"action_time": "2025-02-24T15:58:12.850Z", "user": 1, "content_type": 7, "object_id": "4", "object_repr": "Atlanata Motor Speedway - Bob - Austin Cindric", "action_flag": 1, "change_message": "[{\"added\": {}}]"}}, {"model": "admin.logentry", "pk": 14, "fields": {"action_time": "2025-02-24T15:58:45.096Z", "user": 1, "content_type": 3, "object_id": "2", "object_repr": "Atlanta 2025-02-23", "action_flag": 2, "change_message": "[{\"changed\": {\"fields\": [\"Name\"]}}]"}}, {"model": "admin.logentry", "pk": 15, "fields": {"action_time": "2025-02-24T16:00:06.843Z", "user": 1, "content_type": 3, "object_id": "2", "object_repr": "Atlanta 2025-02-23", "action_flag": 2, "change_message": "[{\"changed\": {\"fields\": [\"Website\"]}}]"}}, {"model": "admin.logentry", "pk": 16, "fields": {"action_time": "2025-02-24T16:00:18.598Z", "user": 1, "content_type": 2, "object_id": "2", "object_repr": "Atlanta Motor Speedway", "action_flag": 2, "change_message": "[{\"changed\": {\"fields\": [\"Website\"]}}]"}}, {"model": "admin.logentry", "pk": 17, "fields": {"action_time": "2025-02-24T16:02:38.314Z", "user": 1, "content_type": 3, "object_id": "2", "object_repr": "Ambetter Health 400 2025-02-23", "action_flag": 2, "change_message": "[{\"changed\": {\"fields\": [\"Name\"]}}]"}}, {"model": "admin.logentry", "pk": 18, "fields": {"action_time": "2025-02-24T16:03:51.256Z", "user": 1, "content_type": 7, "object_id": "4", "object_repr": "Ambetter Health 400 - Bob - Ryan Blaney", "action_flag": 2, "change_message": "[{\"changed\": {\"fields\": [\"Driver\"]}}]"}}, {"model": "admin.logentry", "pk": 19, "fields": {"action_time": "2025-02-24T16:04:05.711Z", "user": 1, "content_type": 7, "object_id": "4", "object_repr": "Ambetter Health 400 - Bob - Austin Cindric", "action_flag": 2, "change_message": "[{\"changed\": {\"fields\": [\"Driver\"]}}]"}}, {"model": "admin.logentry", "pk": 20, "fields": {"action_time": "2025-02-24T16:08:49.178Z", "user": 1, "content_type": 7, "object_id": "4", "object_repr": "Ambetter Health 400 - Bob - Ryan Blaney", "action_flag": 2, "change_message": "[{\"changed\": {\"fields\": [\"Driver\"]}}]"}}, {"model": "admin.logentry", "pk": 21, "fields": {"action_time": "2025-02-24T16:10:08.655Z", "user": 1, "content_type": 7, "object_id": "4", "object_repr": "Ambetter Health 400 - Bob - Austin Cindric", "action_flag": 2, "change_message": "[{\"changed\": {\"fields\": [\"Driver\"]}}]"}}, {"model": "admin.logentry", "pk": 22, "fields": {"action_time": "2025-02-24T16:11:10.979Z", "user": 1, "content_type": 7, "object_id": "4", "object_repr": "Ambetter Health 400 - Bob - Austin Cindric", "action_flag": 2, "change_message": "[]"}}, {"model": "admin.logentry", "pk": 23, "fields": {"action_time": "2025-02-24T17:14:45.586Z", "user": 1, "content_type": 3, "object_id": "3", "object_repr": "Ambetter Health 400 2024-02-25", "action_flag": 1, "change_message": "[{\"added\": {}}]"}}, {"model": "admin.logentry", "pk": 24, "fields": {"action_time": "2025-02-24T17:19:30.144Z", "user": 1, "content_type": 1, "object_id": "3", "object_repr": "Texas", "action_flag": 1, "change_message": "[{\"added\": {}}]"}}, {"model": "admin.logentry", "pk": 25, "fields": {"action_time": "2025-02-24T17:19:56.441Z", "user": 1, "content_type": 2, "object_id": "3", "object_repr": "Circuit Of The Americas", "action_flag": 1, "change_message": "[{\"added\": {}}]"}}, {"model": "admin.logentry", "pk": 26, "fields": {"action_time": "2025-02-24T17:22:32.021Z", "user": 1, "content_type": 2, "object_id": "1", "object_repr": "Daytona International Speedway, Daytona", "action_flag": 2, "change_message": "[{\"changed\": {\"fields\": [\"City\"]}}]"}}, {"model": "admin.logentry", "pk": 27, "fields": {"action_time": "2025-02-24T17:25:06.598Z", "user": 1, "content_type": 1, "object_id": "4", "object_repr": "Arizona", "action_flag": 1, "change_message": "[{\"added\": {}}]"}}, {"model": "admin.logentry", "pk": 28, "fields": {"action_time": "2025-02-24T17:25:33.824Z", "user": 1, "content_type": 2, "object_id": "4", "object_repr": "Phoenix Raceway, Phoenix Arizona", "action_flag": 1, "change_message": "[{\"added\": {}}]"}}, {"model": "admin.logentry", "pk": 29, "fields": {"action_time": "2025-02-24T17:27:13.006Z", "user": 1, "content_type": 1, "object_id": "5", "object_repr": "Nevada", "action_flag": 1, "change_message": "[{\"added\": {}}]"}}, {"model": "admin.logentry", "pk": 30, "fields": {"action_time": "2025-02-24T17:27:15.365Z", "user": 1, "content_type": 2, "object_id": "5", "object_repr": "Las Vegas Motor Speedway, Las Vegas Nevada", "action_flag": 1, "change_message": "[{\"added\": {}}]"}}, {"model": "admin.logentry", "pk": 31, "fields": {"action_time": "2025-02-24T17:33:29.001Z", "user": 1, "content_type": 2, "object_id": "6", "object_repr": "Homestead-miami Speedway, Homestead Florida", "action_flag": 1, "change_message": "[{\"added\": {}}]"}}, {"model": "admin.logentry", "pk": 32, "fields": {"action_time": "2025-02-24T17:35:04.065Z", "user": 1, "content_type": 1, "object_id": "6", "object_repr": "Virginia", "action_flag": 1, "change_message": "[{\"added\": {}}]"}}, {"model": "admin.logentry", "pk": 33, "fields": {"action_time": "2025-02-24T17:35:18.538Z", "user": 1, "content_type": 2, "object_id": "7", "object_repr": "Martinsville Speedway, Martinsville Virginia", "action_flag": 1, "change_message": "[{\"added\": {}}]"}}, {"model": "auth.permission", "pk": 1, "fields": {"name": "Can add state", "content_type": 1, "codename": "add_state"}}, {"model": "auth.permission", "pk": 2, "fields": {"name": "Can change state", "content_type": 1, "codename": "change_state"}}, {"model": "auth.permission", "pk": 3, "fields": {"name": "Can delete state", "content_type": 1, "codename": "delete_state"}}, {"model": "auth.permission", "pk": 4, "fields": {"name": "Can view state", "content_type": 1, "codename": "view_state"}}, {"model": "auth.permission", "pk": 5, "fields": {"name": "Can add track", "content_type": 2, "codename": "add_track"}}, {"model": "auth.permission", "pk": 6, "fields": {"name": "Can change track", "content_type": 2, "codename": "change_track"}}, {"model": "auth.permission", "pk": 7, "fields": {"name": "Can delete track", "content_type": 2, "codename": "delete_track"}}, {"model": "auth.permission", "pk": 8, "fields": {"name": "Can view track", "content_type": 2, "codename": "view_track"}}, {"model": "auth.permission", "pk": 9, "fields": {"name": "Can add race", "content_type": 3, "codename": "add_race"}}, {"model": "auth.permission", "pk": 10, "fields": {"name": "Can change race", "content_type": 3, "codename": "change_race"}}, {"model": "auth.permission", "pk": 11, "fields": {"name": "Can delete race", "content_type": 3, "codename": "delete_race"}}, {"model": "auth.permission", "pk": 12, "fields": {"name": "Can view race", "content_type": 3, "codename": "view_race"}}, {"model": "auth.permission", "pk": 13, "fields": {"name": "Can add driver", "content_type": 4, "codename": "add_driver"}}, {"model": "auth.permission", "pk": 14, "fields": {"name": "Can change driver", "content_type": 4, "codename": "change_driver"}}, {"model": "auth.permission", "pk": 15, "fields": {"name": "Can delete driver", "content_type": 4, "codename": "delete_driver"}}, {"model": "auth.permission", "pk": 16, "fields": {"name": "Can view driver", "content_type": 4, "codename": "view_driver"}}, {"model": "auth.permission", "pk": 17, "fields": {"name": "Can add race result", "content_type": 5, "codename": "add_raceresult"}}, {"model": "auth.permission", "pk": 18, "fields": {"name": "Can change race result", "content_type": 5, "codename": "change_raceresult"}}, {"model": "auth.permission", "pk": 19, "fields": {"name": "Can delete race result", "content_type": 5, "codename": "delete_raceresult"}}, {"model": "auth.permission", "pk": 20, "fields": {"name": "Can view race result", "content_type": 5, "codename": "view_raceresult"}}, {"model": "auth.permission", "pk": 21, "fields": {"name": "Can add player", "content_type": 6, "codename": "add_player"}}, {"model": "auth.permission", "pk": 22, "fields": {"name": "Can change player", "content_type": 6, "codename": "change_player"}}, {"model": "auth.permission", "pk": 23, "fields": {"name": "Can delete player", "content_type": 6, "codename": "delete_player"}}, {"model": "auth.permission", "pk": 24, "fields": {"name": "Can view player", "content_type": 6, "codename": "view_player"}}, {"model": "auth.permission", "pk": 25, "fields": {"name": "Can add bet", "content_type": 7, "codename": "add_bet"}}, {"model": "auth.permission", "pk": 26, "fields": {"name": "Can change bet", "content_type": 7, "codename": "change_bet"}}, {"model": "auth.permission", "pk": 27, "fields": {"name": "Can delete bet", "content_type": 7, "codename": "delete_bet"}}, {"model": "auth.permission", "pk": 28, "fields": {"name": "Can view bet", "content_type": 7, "codename": "view_bet"}}, {"model": "auth.permission", "pk": 29, "fields": {"name": "Can add race settings", "content_type": 8, "codename": "add_racesettings"}}, {"model": "auth.permission", "pk": 30, "fields": {"name": "Can change race settings", "content_type": 8, "codename": "change_racesettings"}}, {"model": "auth.permission", "pk": 31, "fields": {"name": "Can delete race settings", "content_type": 8, "codename": "delete_racesettings"}}, {"model": "auth.permission", "pk": 32, "fields": {"name": "Can view race settings", "content_type": 8, "codename": "view_racesettings"}}, {"model": "auth.permission", "pk": 33, "fields": {"name": "Can add log entry", "content_type": 9, "codename": "add_logentry"}}, {"model": "auth.permission", "pk": 34, "fields": {"name": "Can change log entry", "content_type": 9, "codename": "change_logentry"}}, {"model": "auth.permission", "pk": 35, "fields": {"name": "Can delete log entry", "content_type": 9, "codename": "delete_logentry"}}, {"model": "auth.permission", "pk": 36, "fields": {"name": "Can view log entry", "content_type": 9, "codename": "view_logentry"}}, {"model": "auth.permission", "pk": 37, "fields": {"name": "Can add permission", "content_type": 10, "codename": "add_permission"}}, {"model": "auth.permission", "pk": 38, "fields": {"name": "Can change permission", "content_type": 10, "codename": "change_permission"}}, {"model": "auth.permission", "pk": 39, "fields": {"name": "Can delete permission", "content_type": 10, "codename": "delete_permission"}}, {"model": "auth.permission", "pk": 40, "fields": {"name": "Can view permission", "content_type": 10, "codename": "view_permission"}}, {"model": "auth.permission", "pk": 41, "fields": {"name": "Can add group", "content_type": 11, "codename": "add_group"}}, {"model": "auth.permission", "pk": 42, "fields": {"name": "Can change group", "content_type": 11, "codename": "change_group"}}, {"model": "auth.permission", "pk": 43, "fields": {"name": "Can delete group", "content_type": 11, "codename": "delete_group"}}, {"model": "auth.permission", "pk": 44, "fields": {"name": "Can view group", "content_type": 11, "codename": "view_group"}}, {"model": "auth.permission", "pk": 45, "fields": {"name": "Can add user", "content_type": 12, "codename": "add_user"}}, {"model": "auth.permission", "pk": 46, "fields": {"name": "Can change user", "content_type": 12, "codename": "change_user"}}, {"model": "auth.permission", "pk": 47, "fields": {"name": "Can delete user", "content_type": 12, "codename": "delete_user"}}, {"model": "auth.permission", "pk": 48, "fields": {"name": "Can view user", "content_type": 12, "codename": "view_user"}}, {"model": "auth.permission", "pk": 49, "fields": {"name": "Can add content type", "content_type": 13, "codename": "add_contenttype"}}, {"model": "auth.permission", "pk": 50, "fields": {"name": "Can change content type", "content_type": 13, "codename": "change_contenttype"}}, {"model": "auth.permission", "pk": 51, "fields": {"name": "Can delete content type", "content_type": 13, "codename": "delete_contenttype"}}, {"model": "auth.permission", "pk": 52, "fields": {"name": "Can view content type", "content_type": 13, "codename": "view_contenttype"}}, {"model": "auth.permission", "pk": 53, "fields": {"name": "Can add session", "content_type": 14, "codename": "add_session"}}, {"model": "auth.permission", "pk": 54, "fields": {"name": "Can change session", "content_type": 14, "codename": "change_session"}}, {"model": "auth.permission", "pk": 55, "fields": {"name": "Can delete session", "content_type": 14, "codename": "delete_session"}}, {"model": "auth.permission", "pk": 56, "fields": {"name": "Can view session", "content_type": 14, "codename": "view_session"}}, {"model": "auth.user", "pk": 1, "fields": {"password": "pbkdf2_sha256$720000$e5mkD81ynteBTqJcmJkmsZ$dUJEPAqr6U3panZqhN44w97yOv4gZitX/Kd97OV5BsU=", "last_login": "2025-02-24T15:48:27.787Z", "is_superuser": true, "username": "admin", "first_name": "", "last_name": "", "email": "", "is_staff": true, "is_active": true, "date_joined": "2025-02-24T15:45:35.392Z", "groups": [], "user_permissions": []}}, {"model": "contenttypes.contenttype", "pk": 1, "fields": {"app_label": "commissioner", "model": "state"}}, {"model": "contenttypes.contenttype", "pk": 2, "fields": {"app_label": "commissioner", "model": "track"}}, {"model": "contenttypes.contenttype", "pk": 3, "fields": {"app_label": "commissioner", "model": "race"}}, {"model": "contenttypes.contenttype", "pk": 4, "fields": {"app_label": "commissioner", "model": "driver"}}, {"model": "contenttypes.contenttype", "pk": 5, "fields": {"app_label": "commissioner", "model": "raceresult"}}, {"model": "contenttypes.contenttype", "pk": 6, "fields": {"app_label": "commissioner", "model": "player"}}, {"model": "contenttypes.contenttype", "pk": 7, "fields": {"app_label": "commissioner", "model": "bet"}}, {"model": "contenttypes.contenttype", "pk": 8, "fields": {"app_label": "commissioner", "model": "racesettings"}}, {"model": "contenttypes.contenttype", "pk": 9, "fields": {"app_label": "admin", "model": "logentry"}}, {"model": "contenttypes.contenttype", "pk": 10, "fields": {"app_label": "auth", "model": "permission"}}, {"model": "contenttypes.contenttype", "pk": 11, "fields": {"app_label": "auth", "model": "group"}}, {"model": "contenttypes.contenttype", "pk": 12, "fields": {"app_label": "auth", "model": "user"}}, {"model": "contenttypes.contenttype", "pk": 13, "fields": {"app_label": "contenttypes", "model": "contenttype"}}, {"model": "contenttypes.contenttype", "pk": 14, "fields": {"app_label": "sessions", "model": "session"}}, {"model": "sessions.session", "pk": "wdn5z04hftcm51tsgvcfqok6y8orn65m", "fields": {"session_data": ".eJxVjMsOwiAQAP-FsyEsC5Z69O43kF0eUjWQlPZk_HdD0oNeZybzFp72rfi9p9UvUVwEiNMvYwrPVIeID6r3JkOr27qwHIk8bJe3FtPrerR_g0K9jC2GBDCD1RAR5zNSyhzYoGWlDWYGlbVLCrIOjKQduojTZADQWUcgPl_KVTbt:1tmah1:kcxxYa954yckW1z3xTxeqdVAUiD_nEY3ufgt9ysAAmk", "expire_date": "2025-03-10T15:48:27.788Z"}}]