[{"model": "commissioner.player", "pk": 1, "fields": {"createdAt": "2025-02-24T15:53:56.614Z", "user": 1, "updatedAt": "2025-02-24T15:53:56.614Z", "name": "Bob", "beers": 0}}, {"model": "commissioner.player", "pk": 2, "fields": {"createdAt": "2025-02-24T15:54:29.640Z", "user": 1, "updatedAt": "2025-02-24T15:54:29.640Z", "name": "Greg", "beers": 0}}, {"model": "commissioner.state", "pk": 1, "fields": {"createdAt": "2025-02-24T15:48:49.911Z", "user": 1, "updatedAt": "2025-02-24T15:48:49.911Z", "name": "Florida", "country": "USA"}}, {"model": "commissioner.state", "pk": 2, "fields": {"createdAt": "2025-02-24T15:49:26.351Z", "user": 1, "updatedAt": "2025-02-24T15:49:26.351Z", "name": "Georgia", "country": "USA"}}, {"model": "commissioner.state", "pk": 3, "fields": {"createdAt": "2025-02-24T17:19:30.144Z", "user": 1, "updatedAt": "2025-02-24T17:19:30.144Z", "name": "Texas", "country": "USA"}}, {"model": "commissioner.state", "pk": 4, "fields": {"createdAt": "2025-02-24T17:25:06.598Z", "user": 1, "updatedAt": "2025-02-24T17:25:06.598Z", "name": "Arizona", "country": "USA"}}, {"model": "commissioner.state", "pk": 5, "fields": {"createdAt": "2025-02-24T17:27:13.005Z", "user": 1, "updatedAt": "2025-02-24T17:27:13.005Z", "name": "Nevada", "country": "USA"}}, {"model": "commissioner.state", "pk": 6, "fields": {"createdAt": "2025-02-24T17:35:04.064Z", "user": 1, "updatedAt": "2025-02-24T17:35:04.064Z", "name": "Virginia", "country": "USA"}}, {"model": "commissioner.state", "pk": 7, "fields": {"createdAt": "2025-02-27T14:00:59.482Z", "user": 1, "updatedAt": "2025-02-27T14:00:59.482Z", "name": "South Carolina", "country": "USA"}}, {"model": "commissioner.state", "pk": 8, "fields": {"createdAt": "2025-02-27T14:03:05.638Z", "user": 1, "updatedAt": "2025-02-27T14:03:05.638Z", "name": "Tennessee", "country": "USA"}}, {"model": "commissioner.state", "pk": 9, "fields": {"createdAt": "2025-02-27T14:03:47.125Z", "user": 1, "updatedAt": "2025-02-27T14:03:47.125Z", "name": "Alabama", "country": "USA"}}, {"model": "commissioner.state", "pk": 10, "fields": {"createdAt": "2025-02-27T14:06:33.702Z", "user": 1, "updatedAt": "2025-02-27T14:06:33.702Z", "name": "Texas", "country": "USA"}}, {"model": "commissioner.state", "pk": 11, "fields": {"createdAt": "2025-02-27T14:08:52.125Z", "user": 1, "updatedAt": "2025-02-27T15:06:35.572Z", "name": "Kansas", "country": "USA"}}, {"model": "commissioner.state", "pk": 12, "fields": {"createdAt": "2025-02-27T14:10:20.591Z", "user": 1, "updatedAt": "2025-02-27T14:10:42.785Z", "name": "North Carolina", "country": "USA"}}, {"model": "commissioner.state", "pk": 13, "fields": {"createdAt": "2025-02-27T14:28:21.056Z", "user": 1, "updatedAt": "2025-02-27T14:28:21.056Z", "name": "Michigan", "country": "USA"}}, {"model": "commissioner.state", "pk": 14, "fields": {"createdAt": "2025-02-27T15:03:05.416Z", "user": 1, "updatedAt": "2025-02-27T15:06:28.931Z", "name": "Mexico", "country": "Mexico"}}, {"model": "commissioner.state", "pk": 15, "fields": {"createdAt": "2025-03-05T14:40:55.762Z", "user": 1, "updatedAt": "2025-03-05T14:40:55.762Z", "name": "Pennsylvania", "country": "USA"}}, {"model": "commissioner.state", "pk": 16, "fields": {"createdAt": "2025-03-05T14:46:32.388Z", "user": 1, "updatedAt": "2025-03-05T14:46:32.388Z", "name": "Illinois", "country": "USA"}}, {"model": "commissioner.state", "pk": 17, "fields": {"createdAt": "2025-03-05T14:55:15.954Z", "user": 1, "updatedAt": "2025-03-05T14:55:15.954Z", "name": "California", "country": "USA"}}, {"model": "commissioner.state", "pk": 18, "fields": {"createdAt": "2025-03-05T14:58:20.604Z", "user": 1, "updatedAt": "2025-03-05T14:58:20.604Z", "name": "Delaware", "country": "USA"}}, {"model": "commissioner.state", "pk": 19, "fields": {"createdAt": "2025-03-05T14:59:38.687Z", "user": 1, "updatedAt": "2025-03-05T14:59:38.687Z", "name": "Indiana", "country": "USA"}}, {"model": "commissioner.state", "pk": 20, "fields": {"createdAt": "2025-03-05T15:01:01.205Z", "user": 1, "updatedAt": "2025-03-05T15:01:01.205Z", "name": "Iowa", "country": "USA"}}, {"model": "commissioner.state", "pk": 22, "fields": {"createdAt": "2025-03-05T15:03:33.430Z", "user": 1, "updatedAt": "2025-03-05T15:03:33.430Z", "name": "New Hampshire", "country": "USA"}}, {"model": "commissioner.state", "pk": 23, "fields": {"createdAt": "2025-03-05T15:06:56.634Z", "user": 1, "updatedAt": "2025-03-05T15:06:56.634Z", "name": "New York", "country": "USA"}}, {"model": "commissioner.team", "pk": 1, "fields": {"createdAt": "2025-02-26T00:09:10.903Z", "user": 1, "updatedAt": "2025-02-26T13:23:44.970Z", "name": "Penske", "website": "https://www.teampenske.com/"}}, {"model": "commissioner.team", "pk": 2, "fields": {"createdAt": "2025-02-26T13:28:51.297Z", "user": 1, "updatedAt": "2025-02-26T13:28:51.297Z", "name": "Kaulig Racing", "website": "https://www.kauligracing.com/"}}, {"model": "commissioner.team", "pk": 3, "fields": {"createdAt": "2025-02-26T13:31:38.547Z", "user": 1, "updatedAt": "2025-02-26T13:31:38.547Z", "name": "Hendrick Motorsports", "website": "https://www.hendrickmotorsports.com/"}}, {"model": "commissioner.team", "pk": 4, "fields": {"createdAt": "2025-02-26T13:34:06.915Z", "user": 1, "updatedAt": "2025-02-26T13:34:06.915Z", "name": "Richard Childress Racing", "website": "http://www.peoriaspeedway.com/"}}, {"model": "commissioner.team", "pk": 5, "fields": {"createdAt": "2025-02-26T13:37:16.474Z", "user": 1, "updatedAt": "2025-02-26T13:37:16.474Z", "name": "Live Fast Motorsports", "website": "https://teamlivefast.com/"}}, {"model": "commissioner.team", "pk": 6, "fields": {"createdAt": "2025-02-26T13:40:16.267Z", "user": 1, "updatedAt": "2025-02-26T13:40:16.267Z", "name": "RFK Racing", "website": "https://www.rfkracing.com/"}}, {"model": "commissioner.team", "pk": 7, "fields": {"createdAt": "2025-02-26T13:42:31.038Z", "user": 1, "updatedAt": "2025-02-26T13:42:31.038Z", "name": "23XI Racing", "website": "https://www.23xiracing.com/"}}, {"model": "commissioner.team", "pk": 8, "fields": {"createdAt": "2025-02-26T13:44:38.200Z", "user": 1, "updatedAt": "2025-02-26T13:44:38.200Z", "name": "Spire Motorsports", "website": "https://www.spire-motorsports.com/"}}, {"model": "commissioner.team", "pk": 9, "fields": {"createdAt": "2025-02-26T13:46:49.038Z", "user": 1, "updatedAt": "2025-02-26T13:46:49.038Z", "name": "Joe Gibbs Racing", "website": "https://www.joegibbsracing.com/"}}, {"model": "commissioner.team", "pk": 10, "fields": {"createdAt": "2025-02-26T13:51:06.670Z", "user": 1, "updatedAt": "2025-02-26T13:51:06.670Z", "name": "Rick Ware Racing", "website": "https://www.dalecoyneracing.com/rickwareracing"}}, {"model": "commissioner.team", "pk": 11, "fields": {"createdAt": "2025-02-26T13:55:36.929Z", "user": 1, "updatedAt": "2025-02-26T13:55:36.929Z", "name": "Haas Factory Team", "website": "https://www.haasfactoryteam.com/"}}, {"model": "commissioner.team", "pk": 12, "fields": {"createdAt": "2025-02-26T13:57:46.459Z", "user": 1, "updatedAt": "2025-02-26T13:57:46.459Z", "name": "McAnally-Hilgemann Racing", "website": "https://bmrnaparacing.com/"}}, {"model": "commissioner.team", "pk": 13, "fields": {"createdAt": "2025-02-26T13:59:17.973Z", "user": 1, "updatedAt": "2025-02-26T13:59:17.973Z", "name": "Trackhouse Racing", "website": "https://www.trackhouse.com/"}}, {"model": "commissioner.team", "pk": 14, "fields": {"createdAt": "2025-02-26T14:01:53.421Z", "user": 1, "updatedAt": "2025-02-26T14:01:53.421Z", "name": "Legacy Motor Club", "website": "https://legacymotorclub.com/"}}, {"model": "commissioner.team", "pk": 15, "fields": {"createdAt": "2025-02-26T14:03:49.101Z", "user": 1, "updatedAt": "2025-02-26T14:03:49.101Z", "name": "AM Racing", "website": "https://www.amracingteam.com/"}}, {"model": "commissioner.team", "pk": 16, "fields": {"createdAt": "2025-02-26T14:05:54.681Z", "user": 1, "updatedAt": "2025-02-26T14:05:54.681Z", "name": "NY Racing Team", "website": "http://nyracingteam.com/"}}, {"model": "commissioner.team", "pk": 17, "fields": {"createdAt": "2025-02-26T14:10:01.002Z", "user": 1, "updatedAt": "2025-02-26T14:10:01.002Z", "name": "Wood Brothers Racing", "website": "https://www.woodbrothersracing.com/"}}, {"model": "commissioner.team", "pk": 18, "fields": {"createdAt": "2025-02-26T14:18:08.254Z", "user": 1, "updatedAt": "2025-02-26T14:18:08.254Z", "name": "JR Motorsports", "website": "https://www.jrmracing.com/"}}, {"model": "commissioner.team", "pk": 19, "fields": {"createdAt": "2025-02-26T14:20:21.628Z", "user": 1, "updatedAt": "2025-02-26T14:20:21.628Z", "name": "Front Row Motorsports", "website": "https://www.teamfrm.com/"}}, {"model": "commissioner.team", "pk": 20, "fields": {"createdAt": "2025-02-26T14:25:06.616Z", "user": 1, "updatedAt": "2025-02-26T14:25:06.616Z", "name": "Hyak Motorsports", "website": "https://hyakmotorsports.com/"}}, {"model": "commissioner.track", "pk": 1, "fields": {"createdAt": "2025-02-24T15:48:57.659Z", "user": 1, "updatedAt": "2025-03-03T15:12:55.417Z", "name": "Daytona International Speedway", "short_name": "Daytona", "website": "https://www.daytonainternationalspeedway.com/", "city": "Daytona", "state": 1, "length": "0.00", "phone_number": ""}}, {"model": "commissioner.track", "pk": 2, "fields": {"createdAt": "2025-02-24T15:49:29.519Z", "user": 1, "updatedAt": "2025-03-03T15:13:08.952Z", "name": "Atlanta Motor Speedway", "short_name": "Atlanta", "website": "https://www.atlantamotorspeedway.com/", "city": "Atlanta", "state": 2, "length": "0.00", "phone_number": ""}}, {"model": "commissioner.track", "pk": 3, "fields": {"createdAt": "2025-02-24T17:19:56.440Z", "user": 1, "updatedAt": "2025-03-03T15:13:35.368Z", "name": "Circuit of The Americas", "short_name": "COTA", "website": "https://circuitoftheamericas.com/", "city": "Austin", "state": 3, "length": "0.00", "phone_number": ""}}, {"model": "commissioner.track", "pk": 4, "fields": {"createdAt": "2025-02-24T17:25:33.823Z", "user": 1, "updatedAt": "2025-03-03T15:13:56.937Z", "name": "Phoenix Raceway", "short_name": "Phoenix", "website": "https://www.phoenixraceway.com/", "city": "Phoenix", "state": 4, "length": "0.00", "phone_number": ""}}, {"model": "commissioner.track", "pk": 5, "fields": {"createdAt": "2025-02-24T17:27:15.364Z", "user": 1, "updatedAt": "2025-03-03T15:54:53.355Z", "name": "Las Vegas Motor Speedway", "short_name": "Las Vegas", "website": "https://www.lvms.com/", "city": "Las Vegas", "state": 5, "length": "0.00", "phone_number": ""}}, {"model": "commissioner.track", "pk": 6, "fields": {"createdAt": "2025-02-24T17:33:29.001Z", "user": 1, "updatedAt": "2025-03-03T15:14:34.006Z", "name": "Homestead-Miami Speedway", "short_name": "Homestead", "website": "https://www.homesteadmiamispeedway.com/", "city": "Homestead", "state": 1, "length": "0.00", "phone_number": ""}}, {"model": "commissioner.track", "pk": 7, "fields": {"createdAt": "2025-02-24T17:35:18.537Z", "user": 1, "updatedAt": "2025-03-03T15:17:07.755Z", "name": "Martinsville Speedway", "short_name": "Martinsville", "website": "https://www.martinsvillespeedway.com/", "city": "Martinsville", "state": 6, "length": "0.00", "phone_number": ""}}, {"model": "commissioner.track", "pk": 8, "fields": {"createdAt": "2025-02-27T14:01:48.214Z", "user": 1, "updatedAt": "2025-03-03T15:14:51.388Z", "name": "Darlington Raceway", "short_name": "Darlington", "website": "https://www.darlingtonraceway.com/", "city": "Darlington", "state": 7, "length": "0.00", "phone_number": ""}}, {"model": "commissioner.track", "pk": 9, "fields": {"createdAt": "2025-02-27T14:03:09.624Z", "user": 1, "updatedAt": "2025-03-03T15:53:26.592Z", "name": "Bristol Motor Speedway", "short_name": "Bristol", "website": "https://www.bristolmotorspeedway.com/", "city": "Bristol", "state": 8, "length": "0.00", "phone_number": ""}}, {"model": "commissioner.track", "pk": 10, "fields": {"createdAt": "2025-02-27T14:05:14.704Z", "user": 1, "updatedAt": "2025-03-03T15:54:37.337Z", "name": "Talladega Superspeedway", "short_name": "Talladega", "website": "https://www.talladegasuperspeedway.com/", "city": "Talladega", "state": 9, "length": "0.00", "phone_number": ""}}, {"model": "commissioner.track", "pk": 11, "fields": {"createdAt": "2025-02-27T14:07:16.842Z", "user": 1, "updatedAt": "2025-03-03T15:54:21.000Z", "name": "Texas Motor Speedway", "short_name": "Texas", "website": "https://www.texasmotorspeedway.com/", "city": "Fort Worth", "state": 10, "length": "0.00", "phone_number": ""}}, {"model": "commissioner.track", "pk": 12, "fields": {"createdAt": "2025-02-27T14:09:06.666Z", "user": 1, "updatedAt": "2025-03-03T15:15:13.645Z", "name": "Kansas Speedway", "short_name": "Kansas", "website": "https://www.kansasspeedway.com/", "city": "Kansas City", "state": 11, "length": "0.00", "phone_number": ""}}, {"model": "commissioner.track", "pk": 13, "fields": {"createdAt": "2025-02-27T14:11:12.943Z", "user": 1, "updatedAt": "2025-03-03T15:53:51.042Z", "name": "North Wilkesboro Speedway", "short_name": "North Wilkesboro", "website": "https://www.northwilkesborospeedway.com/", "city": "North Wilkesboro", "state": 12, "length": "0.00", "phone_number": ""}}, {"model": "commissioner.track", "pk": 14, "fields": {"createdAt": "2025-02-27T14:12:25.382Z", "user": 1, "updatedAt": "2025-03-03T15:54:05.782Z", "name": "Charlotte Motor Speedway", "short_name": "Charlotte", "website": "https://www.charlottemotorspeedway.com/", "city": "Concord", "state": 12, "length": "0.00", "phone_number": ""}}, {"model": "commissioner.track", "pk": 15, "fields": {"createdAt": "2025-02-27T14:15:37.533Z", "user": 1, "updatedAt": "2025-03-03T15:53:10.429Z", "name": "Nashville Superspeedway", "short_name": "Nashville", "website": null, "city": "Nashville", "state": 8, "length": "0.00", "phone_number": ""}}, {"model": "commissioner.track", "pk": 16, "fields": {"createdAt": "2025-02-27T14:28:39.442Z", "user": 1, "updatedAt": "2025-03-03T15:16:33.109Z", "name": "Michigan International Speedway", "short_name": "Michigan", "website": "https://www.mispeedway.com/", "city": "Brooklyn", "state": 13, "length": "0.00", "phone_number": ""}}, {"model": "commissioner.track", "pk": 17, "fields": {"createdAt": "2025-02-27T15:03:27.245Z", "user": 1, "updatedAt": "2025-02-27T15:03:27.245Z", "name": "Autodromo Hermanos Rodriguez", "short_name": "N/A", "website": null, "city": "Mexico City", "state": 14, "length": "0.00", "phone_number": ""}}, {"model": "commissioner.track", "pk": 18, "fields": {"createdAt": "2025-03-05T14:41:11.479Z", "user": 1, "updatedAt": "2025-03-05T14:41:11.479Z", "name": "Pocono Raceway", "short_name": "Pocono", "website": "https://www.poconoraceway.com/", "city": "Long Pond", "state": 15, "length": "0.00", "phone_number": ""}}, {"model": "commissioner.track", "pk": 19, "fields": {"createdAt": "2025-03-05T14:46:55.349Z", "user": 1, "updatedAt": "2025-03-05T14:46:55.349Z", "name": "Chicago Street Race", "short_name": "Chicago", "website": "https://www.nascarchicago.com/", "city": "Chicago", "state": 16, "length": "0.00", "phone_number": ""}}, {"model": "commissioner.track", "pk": 20, "fields": {"createdAt": "2025-03-05T14:55:31.226Z", "user": 1, "updatedAt": "2025-03-05T14:55:31.226Z", "name": "Sonoma Raceway", "short_name": "Sonoma", "website": "https://www.sonomaraceway.com/", "city": "Sonoma", "state": 17, "length": "0.00", "phone_number": ""}}, {"model": "commissioner.track", "pk": 21, "fields": {"createdAt": "2025-03-05T14:58:24.018Z", "user": 1, "updatedAt": "2025-03-05T14:58:24.018Z", "name": "Dover Motor Speedway", "short_name": "Dover", "website": "https://www.dovermotorspeedway.com/", "city": "Dover", "state": 18, "length": "0.00", "phone_number": ""}}, {"model": "commissioner.track", "pk": 22, "fields": {"createdAt": "2025-03-05T14:59:50.263Z", "user": 1, "updatedAt": "2025-03-05T14:59:50.263Z", "name": "Indianapolis Motor Speedway", "short_name": "Indianapolis", "website": "https://www.indianapolismotorspeedway.com/", "city": "Speedway", "state": 19, "length": "0.00", "phone_number": ""}}, {"model": "commissioner.track", "pk": 23, "fields": {"createdAt": "2025-03-05T15:06:06.921Z", "user": 1, "updatedAt": "2025-03-05T15:06:06.921Z", "name": "Richmond Raceway", "short_name": "Richmond", "website": "https://www.richmondraceway.com/", "city": "Richmond", "state": 6, "length": "0.00", "phone_number": ""}}, {"model": "commissioner.track", "pk": 24, "fields": {"createdAt": "2025-03-05T15:07:17.059Z", "user": 1, "updatedAt": "2025-03-05T15:07:17.059Z", "name": "Watkins Glen International", "short_name": "Watkins Glen", "website": null, "city": "Watkins Glen", "state": 23, "length": "0.00", "phone_number": ""}}, {"model": "commissioner.track", "pk": 25, "fields": {"createdAt": "2025-03-05T15:08:29.343Z", "user": 1, "updatedAt": "2025-03-05T15:08:29.343Z", "name": "Iowa Speedway", "short_name": "Iowa", "website": null, "city": "Newton", "state": 20, "length": "0.00", "phone_number": ""}}, {"model": "commissioner.race", "pk": 1, "fields": {"createdAt": "2025-02-24T15:50:02.788Z", "user": 1, "updatedAt": "2025-03-03T13:53:48.416Z", "name": "Daytona 500", "track": 1, "race_date": "2025-02-16", "laps": -1, "reload": true, "create_results_file": false}}, {"model": "commissioner.race", "pk": 2, "fields": {"createdAt": "2025-02-24T15:50:35.186Z", "user": 1, "updatedAt": "2025-02-25T18:22:00.247Z", "name": "Ambetter Health 400", "track": 2, "race_date": "2025-02-23", "laps": -1, "reload": true, "create_results_file": false}}, {"model": "commissioner.race", "pk": 3, "fields": {"createdAt": "2025-02-24T17:14:45.585Z", "user": 1, "updatedAt": "2025-02-26T20:40:00.848Z", "name": "Ambetter Health 400", "track": 2, "race_date": "2024-02-24", "laps": -1, "reload": true, "create_results_file": false}}, {"model": "commissioner.race", "pk": 4, "fields": {"createdAt": "2025-02-27T14:14:30.921Z", "user": 1, "updatedAt": "2025-02-27T14:26:36.443Z", "name": "Coca-Cola 600", "track": 14, "race_date": "2025-05-25", "laps": 400, "reload": false, "create_results_file": true}}, {"model": "commissioner.race", "pk": 5, "fields": {"createdAt": "2025-02-27T14:16:28.104Z", "user": 1, "updatedAt": "2025-02-27T14:26:25.111Z", "name": "NASCAR Cup Series Race at Nashville", "track": 15, "race_date": "2025-06-01", "laps": 300, "reload": false, "create_results_file": true}}, {"model": "commissioner.race", "pk": 6, "fields": {"createdAt": "2025-02-27T14:17:45.094Z", "user": 1, "updatedAt": "2025-03-03T13:53:40.785Z", "name": "EchoPark Automotive Grand Prix", "track": 3, "race_date": "2025-03-02", "laps": 95, "reload": true, "create_results_file": false}}, {"model": "commissioner.race", "pk": 7, "fields": {"createdAt": "2025-02-27T14:20:37.880Z", "user": 1, "updatedAt": "2025-02-27T14:25:48.620Z", "name": "Shriners Children's 500", "track": 4, "race_date": "2025-03-09", "laps": 312, "reload": false, "create_results_file": true}}, {"model": "commissioner.race", "pk": 8, "fields": {"createdAt": "2025-02-27T14:22:02.261Z", "user": 1, "updatedAt": "2025-02-27T14:22:02.261Z", "name": "Pennzoil 400", "track": 5, "race_date": "2025-03-16", "laps": 267, "reload": false, "create_results_file": true}}, {"model": "commissioner.race", "pk": 9, "fields": {"createdAt": "2025-02-27T14:22:49.775Z", "user": 1, "updatedAt": "2025-02-27T14:22:49.775Z", "name": "Straight Talk Wireless 400", "track": 6, "race_date": "2025-03-23", "laps": 267, "reload": false, "create_results_file": true}}, {"model": "commissioner.race", "pk": 10, "fields": {"createdAt": "2025-02-27T14:23:39.341Z", "user": 1, "updatedAt": "2025-02-27T14:23:39.342Z", "name": "Cook Out 400", "track": 7, "race_date": "2025-03-30", "laps": 400, "reload": false, "create_results_file": true}}, {"model": "commissioner.race", "pk": 11, "fields": {"createdAt": "2025-02-27T14:29:11.703Z", "user": 1, "updatedAt": "2025-02-27T14:29:11.703Z", "name": "Firekeepers Casino 400", "track": 16, "race_date": "2025-06-08", "laps": 200, "reload": false, "create_results_file": true}}, {"model": "commissioner.race", "pk": 12, "fields": {"createdAt": "2025-02-27T15:04:14.599Z", "user": 1, "updatedAt": "2025-02-27T15:04:14.599Z", "name": "NASCAR Cup Series Race at Mexico City", "track": 17, "race_date": "2025-06-15", "laps": 100, "reload": false, "create_results_file": true}}, {"model": "commissioner.race", "pk": 13, "fields": {"createdAt": "2025-03-01T20:34:22.950Z", "user": 1, "updatedAt": "2025-03-03T13:53:48.385Z", "name": "NASCAR at COTA", "track": 3, "race_date": "2024-03-24", "laps": -1, "reload": true, "create_results_file": false}}, {"model": "commissioner.race", "pk": 14, "fields": {"createdAt": "2025-03-05T14:14:00.322Z", "user": 1, "updatedAt": "2025-03-05T14:20:40.109Z", "name": "NASCAR Cup Series at Phoenix", "track": 4, "race_date": "2024-03-10", "laps": -1, "reload": true, "create_results_file": false}}, {"model": "commissioner.race", "pk": 15, "fields": {"createdAt": "2025-03-05T14:43:33.623Z", "user": 1, "updatedAt": "2025-03-05T14:44:07.335Z", "name": "NASCAR Cup Series Race at Pocono", "track": 18, "race_date": "2025-06-22", "laps": -1, "reload": false, "create_results_file": true}}, {"model": "commissioner.race", "pk": 16, "fields": {"createdAt": "2025-03-05T14:45:26.791Z", "user": 1, "updatedAt": "2025-03-05T14:53:53.920Z", "name": "Quaker State 400 Available at Walmart", "track": 2, "race_date": "2025-06-28", "laps": -1, "reload": false, "create_results_file": true}}, {"model": "commissioner.race", "pk": 17, "fields": {"createdAt": "2025-03-05T14:47:52.605Z", "user": 1, "updatedAt": "2025-03-05T14:47:52.605Z", "name": "Grant Park 165", "track": 19, "race_date": "2025-07-06", "laps": -1, "reload": false, "create_results_file": true}}, {"model": "commissioner.race", "pk": 19, "fields": {"createdAt": "2025-03-05T14:56:17.498Z", "user": 1, "updatedAt": "2025-03-05T14:56:17.498Z", "name": "Toyota / Save Mart 350", "track": 20, "race_date": "2025-07-13", "laps": -1, "reload": false, "create_results_file": true}}, {"model": "commissioner.race", "pk": 20, "fields": {"createdAt": "2025-03-05T14:58:38.126Z", "user": 1, "updatedAt": "2025-03-05T14:58:38.126Z", "name": "Autotrader EchoPark Automotive 400", "track": 21, "race_date": "2025-07-20", "laps": -1, "reload": false, "create_results_file": true}}, {"model": "commissioner.race", "pk": 21, "fields": {"createdAt": "2025-03-05T15:00:23.709Z", "user": 1, "updatedAt": "2025-03-05T15:00:23.709Z", "name": "Brickyard 400 Presented by PPG", "track": 22, "race_date": "2025-07-27", "laps": -1, "reload": false, "create_results_file": true}}, {"model": "commissioner.race", "pk": 22, "fields": {"createdAt": "2025-03-05T15:09:35.991Z", "user": 1, "updatedAt": "2025-03-05T15:09:35.991Z", "name": "Iowa Corn 350 Powered by Ethanol", "track": 25, "race_date": "2025-08-03", "laps": 350, "reload": false, "create_results_file": true}}, {"model": "commissioner.driver", "pk": 1, "fields": {"createdAt": "2025-02-25T18:22:00.171Z", "user": 1, "updatedAt": "2025-02-26T13:32:11.291Z", "name": "William Byron", "website": null, "team": 3}}, {"model": "commissioner.driver", "pk": 2, "fields": {"createdAt": "2025-02-25T18:22:00.173Z", "user": 1, "updatedAt": "2025-02-26T14:30:34.420Z", "name": "Tyler Reddick", "website": "https://en.wikipedia.org/wiki/Tyler_Reddick", "team": 7}}, {"model": "commissioner.driver", "pk": 3, "fields": {"createdAt": "2025-02-25T18:22:00.175Z", "user": 1, "updatedAt": "2025-02-26T14:07:24.695Z", "name": "Jimmie Johnson", "website": "https://www.jimmiejohnson.com/", "team": 14}}, {"model": "commissioner.driver", "pk": 4, "fields": {"createdAt": "2025-02-25T18:22:00.176Z", "user": 1, "updatedAt": "2025-02-26T13:46:53.590Z", "name": "Chase Briscoe", "website": "https://www.chasebriscoe.com/", "team": 9}}, {"model": "commissioner.driver", "pk": 5, "fields": {"createdAt": "2025-02-25T18:22:00.177Z", "user": 1, "updatedAt": "2025-02-26T14:08:21.548Z", "name": "John Hunter Nemechek", "website": "https://johnhunternemechek.com/", "team": 14}}, {"model": "commissioner.driver", "pk": 6, "fields": {"createdAt": "2025-02-25T18:22:00.178Z", "user": 1, "updatedAt": "2025-02-26T13:31:41.315Z", "name": "Alex Bowman", "website": "https://www.alexbowmanracing.com/", "team": 3}}, {"model": "commissioner.driver", "pk": 7, "fields": {"createdAt": "2025-02-25T18:22:00.180Z", "user": 1, "updatedAt": "2025-02-26T13:24:30.674Z", "name": "Ryan Blaney", "website": null, "team": 1}}, {"model": "commissioner.driver", "pk": 8, "fields": {"createdAt": "2025-02-25T18:22:00.181Z", "user": 1, "updatedAt": "2025-02-26T00:10:09.801Z", "name": "Austin Cindric", "website": null, "team": 1}}, {"model": "commissioner.driver", "pk": 9, "fields": {"createdAt": "2025-02-25T18:22:00.182Z", "user": 1, "updatedAt": "2025-02-26T14:18:26.346Z", "name": "Justin Allgaier", "website": "http://justinallgaier.com/", "team": 18}}, {"model": "commissioner.driver", "pk": 10, "fields": {"createdAt": "2025-02-25T18:22:00.183Z", "user": 1, "updatedAt": "2025-02-26T13:48:25.122Z", "name": "Chris Buescher", "website": "https://www.rfkracing.com/driver/chris-buescher/", "team": 6}}, {"model": "commissioner.driver", "pk": 11, "fields": {"createdAt": "2025-02-25T18:22:00.184Z", "user": 1, "updatedAt": "2025-02-26T14:23:04.409Z", "name": "Michael McDowell", "website": "https://en.wikipedia.org/wiki/Michael_McDowell_(racing_driver)", "team": 8}}, {"model": "commissioner.driver", "pk": 12, "fields": {"createdAt": "2025-02-25T18:22:00.185Z", "user": 1, "updatedAt": "2025-02-26T14:01:56.533Z", "name": "Erik Jones", "website": null, "team": 14}}, {"model": "commissioner.driver", "pk": 13, "fields": {"createdAt": "2025-02-25T18:22:00.186Z", "user": 1, "updatedAt": "2025-02-26T13:59:22.485Z", "name": "Daniel Suarez", "website": null, "team": 13}}, {"model": "commissioner.driver", "pk": 14, "fields": {"createdAt": "2025-02-25T18:22:00.187Z", "user": 1, "updatedAt": "2025-02-26T14:29:30.137Z", "name": "Ty Dillon", "website": "https://en.wikipedia.org/wiki/Ty_Dillon", "team": 2}}, {"model": "commissioner.driver", "pk": 15, "fields": {"createdAt": "2025-02-25T18:22:00.188Z", "user": 1, "updatedAt": "2025-02-26T13:47:20.043Z", "name": "Chase Elliott", "website": null, "team": 3}}, {"model": "commissioner.driver", "pk": 16, "fields": {"createdAt": "2025-02-25T18:22:00.189Z", "user": 1, "updatedAt": "2025-02-26T14:29:59.721Z", "name": "Ty Gibbs", "website": "https://en.wikipedia.org/wiki/Ty_Gibbs", "team": 9}}, {"model": "commissioner.driver", "pk": 17, "fields": {"createdAt": "2025-02-25T18:22:00.190Z", "user": 1, "updatedAt": "2025-02-26T14:26:05.580Z", "name": "Riley Herbst", "website": "https://en.wikipedia.org/wiki/Riley_Herbst", "team": 7}}, {"model": "commissioner.driver", "pk": 18, "fields": {"createdAt": "2025-02-25T18:22:00.191Z", "user": 1, "updatedAt": "2025-02-26T14:25:11.234Z", "name": "Ricky Stenhouse Jr.", "website": null, "team": 20}}, {"model": "commissioner.driver", "pk": 19, "fields": {"createdAt": "2025-02-25T18:22:00.192Z", "user": 1, "updatedAt": "2025-02-26T14:19:22.513Z", "name": "Justin Haley", "website": null, "team": 8}}, {"model": "commissioner.driver", "pk": 20, "fields": {"createdAt": "2025-02-25T18:22:00.193Z", "user": 1, "updatedAt": "2025-02-26T14:22:17.640Z", "name": "Kyle Larson", "website": null, "team": 3}}, {"model": "commissioner.driver", "pk": 21, "fields": {"createdAt": "2025-02-25T18:22:00.194Z", "user": 1, "updatedAt": "2025-02-26T13:56:10.600Z", "name": "Cole Custer", "website": null, "team": 11}}, {"model": "commissioner.driver", "pk": 22, "fields": {"createdAt": "2025-02-25T18:22:00.195Z", "user": 1, "updatedAt": "2025-02-26T13:56:44.080Z", "name": "Corey LaJoie", "website": null, "team": 10}}, {"model": "commissioner.driver", "pk": 23, "fields": {"createdAt": "2025-02-25T18:22:00.196Z", "user": 1, "updatedAt": "2025-02-26T13:34:12.104Z", "name": "Austin Dillon", "website": null, "team": 4}}, {"model": "commissioner.driver", "pk": 24, "fields": {"createdAt": "2025-02-25T18:22:00.198Z", "user": 1, "updatedAt": "2025-02-26T13:59:59.373Z", "name": "Denny Hamlin", "website": null, "team": 9}}, {"model": "commissioner.driver", "pk": 25, "fields": {"createdAt": "2025-02-25T18:22:00.199Z", "user": 1, "updatedAt": "2025-02-26T13:54:15.857Z", "name": "Cody Ware", "website": "https://codyshaneware.com/", "team": 10}}, {"model": "commissioner.driver", "pk": 26, "fields": {"createdAt": "2025-02-25T18:22:00.200Z", "user": 1, "updatedAt": "2025-02-26T13:40:18.365Z", "name": "Brad Keselowski", "website": "https://www.bradracing.com/", "team": 6}}, {"model": "commissioner.driver", "pk": 27, "fields": {"createdAt": "2025-02-25T18:22:00.201Z", "user": 1, "updatedAt": "2025-02-26T14:28:53.999Z", "name": "Todd Gilliland", "website": "https://en.wikipedia.org/wiki/Todd_Gilliland", "team": 19}}, {"model": "commissioner.driver", "pk": 28, "fields": {"createdAt": "2025-02-25T18:22:00.202Z", "user": 1, "updatedAt": "2025-02-26T14:23:54.629Z", "name": "Noah Gragson", "website": "https://en.wikipedia.org/wiki/Noah_Gragson", "team": 19}}, {"model": "commissioner.driver", "pk": 29, "fields": {"createdAt": "2025-02-25T18:22:00.203Z", "user": 1, "updatedAt": "2025-02-26T13:42:33.857Z", "name": "Bubba Wallace", "website": "https://www.23xiracing.com/bubba-wallace", "team": 7}}, {"model": "commissioner.driver", "pk": 30, "fields": {"createdAt": "2025-02-25T18:22:00.204Z", "user": 1, "updatedAt": "2025-02-26T13:44:41.849Z", "name": "Carson Hocevar", "website": null, "team": 8}}, {"model": "commissioner.driver", "pk": 31, "fields": {"createdAt": "2025-02-25T18:22:00.205Z", "user": 1, "updatedAt": "2025-02-26T13:49:30.290Z", "name": "Christopher Bell", "website": null, "team": 9}}, {"model": "commissioner.driver", "pk": 32, "fields": {"createdAt": "2025-02-25T18:22:00.206Z", "user": 1, "updatedAt": "2025-02-26T14:27:33.882Z", "name": "Ryan Preece", "website": "https://en.wikipedia.org/wiki/Ryan_Preece", "team": 6}}, {"model": "commissioner.driver", "pk": 33, "fields": {"createdAt": "2025-02-25T18:22:00.207Z", "user": 1, "updatedAt": "2025-02-26T14:28:07.680Z", "name": "Shane van Gisbergen", "website": "https://en.wikipedia.org/wiki/Shane_van_Gisbergen", "team": 13}}, {"model": "commissioner.driver", "pk": 34, "fields": {"createdAt": "2025-02-25T18:22:00.208Z", "user": 1, "updatedAt": "2025-02-26T14:22:03.382Z", "name": "Kyle Busch", "website": "https://en.wikipedia.org/wiki/Kyle_Busch", "team": 4}}, {"model": "commissioner.driver", "pk": 35, "fields": {"createdAt": "2025-02-25T18:22:00.209Z", "user": 1, "updatedAt": "2025-02-26T13:24:15.536Z", "name": "Joey Logano", "website": null, "team": 1}}, {"model": "commissioner.driver", "pk": 36, "fields": {"createdAt": "2025-02-25T18:22:00.210Z", "user": 1, "updatedAt": "2025-02-26T14:31:41.878Z", "name": "Zane Smith", "website": "https://en.wikipedia.org/wiki/Zane_Smith_(racing_driver)", "team": 19}}, {"model": "commissioner.driver", "pk": 37, "fields": {"createdAt": "2025-02-25T18:22:00.211Z", "user": 1, "updatedAt": "2025-02-26T14:10:03.970Z", "name": "Josh Berry", "website": "https://joshberryracing.com/", "team": 17}}, {"model": "commissioner.driver", "pk": 38, "fields": {"createdAt": "2025-02-25T18:22:00.212Z", "user": 1, "updatedAt": "2025-02-25T18:22:00.212Z", "name": "Martin Truex Jr.", "website": "", "team": null}}, {"model": "commissioner.driver", "pk": 39, "fields": {"createdAt": "2025-02-25T18:22:00.213Z", "user": 1, "updatedAt": "2025-02-25T18:22:00.213Z", "name": "Helio Castroneves", "website": "", "team": null}}, {"model": "commissioner.driver", "pk": 40, "fields": {"createdAt": "2025-02-25T18:22:00.214Z", "user": 1, "updatedAt": "2025-02-26T14:27:02.942Z", "name": "Ross Chastain", "website": "https://en.wikipedia.org/wiki/Ross_Chastain", "team": 13}}, {"model": "commissioner.driver", "pk": 41, "fields": {"createdAt": "2025-02-25T18:22:00.215Z", "user": 1, "updatedAt": "2025-02-26T13:28:55.220Z", "name": "AJ Allmendinger", "website": "https://www.ajallmendinger.com/", "team": 2}}, {"model": "commissioner.driver", "pk": 42, "fields": {"createdAt": "2025-02-25T18:22:00.233Z", "user": 1, "updatedAt": "2025-02-26T13:37:19.639Z", "name": "B.J. McLeod", "website": null, "team": 5}}, {"model": "commissioner.driver", "pk": 43, "fields": {"createdAt": "2025-02-25T18:22:00.244Z", "user": 1, "updatedAt": "2025-02-26T14:05:58.453Z", "name": "J.J. Yeley", "website": null, "team": 16}}, {"model": "commissioner.driver", "pk": 44, "fields": {"createdAt": "2025-02-25T18:22:00.256Z", "user": 1, "updatedAt": "2025-02-26T14:03:53.282Z", "name": "Harrison Burton", "website": null, "team": 15}}, {"model": "commissioner.driver", "pk": 45, "fields": {"createdAt": "2025-02-25T18:22:00.258Z", "user": 1, "updatedAt": "2025-02-26T14:20:24.960Z", "name": "Kaz Grala", "website": null, "team": 19}}, {"model": "commissioner.driver", "pk": 46, "fields": {"createdAt": "2025-02-25T18:22:00.261Z", "user": 1, "updatedAt": "2025-02-26T13:57:49.025Z", "name": "Daniel Hemric", "website": null, "team": 12}}, {"model": "commissioner.driver", "pk": 47, "fields": {"createdAt": "2025-02-25T18:22:00.274Z", "user": 1, "updatedAt": "2025-02-26T14:11:23.285Z", "name": "Josh Williams", "website": "https://josh6williams.com/", "team": 2}}, {"model": "commissioner.driver", "pk": 48, "fields": {"createdAt": "2025-03-01T20:36:25.372Z", "user": 1, "updatedAt": "2025-03-01T20:36:25.372Z", "name": "Kamui Kobayashi", "website": "", "team": null}}, {"model": "commissioner.driver", "pk": 49, "fields": {"createdAt": "2025-03-01T20:36:25.379Z", "user": 1, "updatedAt": "2025-03-01T20:36:25.379Z", "name": "Timmy Hill", "website": "", "team": null}}, {"model": "commissioner.driver", "pk": 50, "fields": {"createdAt": "2025-03-03T00:37:11.043Z", "user": 1, "updatedAt": "2025-03-03T00:37:11.043Z", "name": "Connor Zilisch", "website": "", "team": null}}, {"model": "commissioner.driver", "pk": 51, "fields": {"createdAt": "2025-03-05T14:20:40.106Z", "user": 1, "updatedAt": "2025-03-05T14:20:40.106Z", "name": "Derek Kraus", "website": "", "team": null}}, {"model": "commissioner.raceresult", "pk": 42, "fields": {"createdAt": "2025-02-25T18:22:00.218Z", "user": 1, "updatedAt": "2025-02-25T18:22:00.218Z", "team": null, "race": 2, "driver": 31, "manufacturer": "Toyota", "start_pos": 32, "finish_pos": 1, "car_no": 20, "laps": 266, "start": -1, "led": 1, "points": 0, "bonus": 0, "penality": 0, "practice_pos": 0}}, {"model": "commissioner.raceresult", "pk": 43, "fields": {"createdAt": "2025-02-25T18:22:00.219Z", "user": 1, "updatedAt": "2025-02-25T18:22:00.219Z", "team": null, "race": 2, "driver": 30, "manufacturer": "Chevrolet", "start_pos": 26, "finish_pos": 2, "car_no": 77, "laps": 266, "start": -1, "led": 0, "points": 0, "bonus": 0, "penality": 0, "practice_pos": 0}}, {"model": "commissioner.raceresult", "pk": 44, "fields": {"createdAt": "2025-02-25T18:22:00.220Z", "user": 1, "updatedAt": "2025-02-25T18:22:00.220Z", "team": null, "race": 2, "driver": 20, "manufacturer": "Chevrolet", "start_pos": 17, "finish_pos": 3, "car_no": 5, "laps": 266, "start": -1, "led": 12, "points": 0, "bonus": 0, "penality": 0, "practice_pos": 0}}, {"model": "commissioner.raceresult", "pk": 45, "fields": {"createdAt": "2025-02-25T18:22:00.220Z", "user": 1, "updatedAt": "2025-02-25T18:22:00.220Z", "team": null, "race": 2, "driver": 7, "manufacturer": "Ford", "start_pos": 1, "finish_pos": 4, "car_no": 12, "laps": 266, "start": -1, "led": 1, "points": 0, "bonus": 0, "penality": 0, "practice_pos": 0}}, {"model": "commissioner.raceresult", "pk": 46, "fields": {"createdAt": "2025-02-25T18:22:00.221Z", "user": 1, "updatedAt": "2025-02-25T18:22:00.221Z", "team": null, "race": 2, "driver": 18, "manufacturer": "Chevrolet", "start_pos": 34, "finish_pos": 5, "car_no": 47, "laps": 266, "start": -1, "led": 0, "points": 0, "bonus": 0, "penality": 0, "practice_pos": 0}}, {"model": "commissioner.raceresult", "pk": 47, "fields": {"createdAt": "2025-02-25T18:22:00.222Z", "user": 1, "updatedAt": "2025-02-25T18:22:00.222Z", "team": null, "race": 2, "driver": 24, "manufacturer": "Toyota", "start_pos": 37, "finish_pos": 6, "car_no": 11, "laps": 266, "start": -1, "led": 0, "points": 0, "bonus": 0, "penality": 0, "practice_pos": 0}}, {"model": "commissioner.raceresult", "pk": 48, "fields": {"createdAt": "2025-02-25T18:22:00.222Z", "user": 1, "updatedAt": "2025-02-25T18:22:00.222Z", "team": null, "race": 2, "driver": 34, "manufacturer": "Chevrolet", "start_pos": 6, "finish_pos": 7, "car_no": 8, "laps": 266, "start": -1, "led": 13, "points": 0, "bonus": 0, "penality": 0, "practice_pos": 0}}, {"model": "commissioner.raceresult", "pk": 49, "fields": {"createdAt": "2025-02-25T18:22:00.223Z", "user": 1, "updatedAt": "2025-02-25T18:22:00.223Z", "team": null, "race": 2, "driver": 40, "manufacturer": "Chevrolet", "start_pos": 33, "finish_pos": 8, "car_no": 1, "laps": 266, "start": -1, "led": 25, "points": 0, "bonus": 0, "penality": 0, "practice_pos": 0}}, {"model": "commissioner.raceresult", "pk": 50, "fields": {"createdAt": "2025-02-25T18:22:00.223Z", "user": 1, "updatedAt": "2025-02-25T18:22:00.223Z", "team": null, "race": 2, "driver": 29, "manufacturer": "Toyota", "start_pos": 14, "finish_pos": 9, "car_no": 23, "laps": 266, "start": -1, "led": 0, "points": 0, "bonus": 0, "penality": 0, "practice_pos": 0}}, {"model": "commissioner.raceresult", "pk": 51, "fields": {"createdAt": "2025-02-25T18:22:00.224Z", "user": 1, "updatedAt": "2025-02-25T18:22:00.224Z", "team": null, "race": 2, "driver": 5, "manufacturer": "Toyota", "start_pos": 22, "finish_pos": 10, "car_no": 42, "laps": 266, "start": -1, "led": 0, "points": 0, "bonus": 0, "penality": 0, "practice_pos": 0}}, {"model": "commissioner.raceresult", "pk": 52, "fields": {"createdAt": "2025-02-25T18:22:00.225Z", "user": 1, "updatedAt": "2025-02-25T18:22:00.225Z", "team": null, "race": 2, "driver": 36, "manufacturer": "Ford", "start_pos": 7, "finish_pos": 11, "car_no": 38, "laps": 266, "start": -1, "led": 0, "points": 0, "bonus": 0, "penality": 0, "practice_pos": 0}}, {"model": "commissioner.raceresult", "pk": 53, "fields": {"createdAt": "2025-02-25T18:22:00.226Z", "user": 1, "updatedAt": "2025-02-25T18:22:00.226Z", "team": null, "race": 2, "driver": 35, "manufacturer": "Ford", "start_pos": 4, "finish_pos": 12, "car_no": 22, "laps": 266, "start": -1, "led": 83, "points": 0, "bonus": 0, "penality": 0, "practice_pos": 0}}, {"model": "commissioner.raceresult", "pk": 54, "fields": {"createdAt": "2025-02-25T18:22:00.226Z", "user": 1, "updatedAt": "2025-02-25T18:22:00.226Z", "team": null, "race": 2, "driver": 11, "manufacturer": "Chevrolet", "start_pos": 24, "finish_pos": 13, "car_no": 71, "laps": 266, "start": -1, "led": 0, "points": 0, "bonus": 0, "penality": 0, "practice_pos": 0}}, {"model": "commissioner.raceresult", "pk": 55, "fields": {"createdAt": "2025-02-25T18:22:00.227Z", "user": 1, "updatedAt": "2025-02-25T18:22:00.227Z", "team": null, "race": 2, "driver": 41, "manufacturer": "Chevrolet", "start_pos": 12, "finish_pos": 14, "car_no": 16, "laps": 266, "start": -1, "led": 0, "points": 0, "bonus": 0, "penality": 0, "practice_pos": 0}}, {"model": "commissioner.raceresult", "pk": 56, "fields": {"createdAt": "2025-02-25T18:22:00.228Z", "user": 1, "updatedAt": "2025-02-25T18:22:00.228Z", "team": null, "race": 2, "driver": 27, "manufacturer": "Ford", "start_pos": 5, "finish_pos": 15, "car_no": 34, "laps": 266, "start": -1, "led": 7, "points": 0, "bonus": 0, "penality": 0, "practice_pos": 0}}, {"model": "commissioner.raceresult", "pk": 57, "fields": {"createdAt": "2025-02-25T18:22:00.229Z", "user": 1, "updatedAt": "2025-02-25T18:22:00.229Z", "team": null, "race": 2, "driver": 23, "manufacturer": "Chevrolet", "start_pos": 15, "finish_pos": 16, "car_no": 3, "laps": 266, "start": -1, "led": 0, "points": 0, "bonus": 0, "penality": 0, "practice_pos": 0}}, {"model": "commissioner.raceresult", "pk": 58, "fields": {"createdAt": "2025-02-25T18:22:00.229Z", "user": 1, "updatedAt": "2025-02-25T18:22:00.229Z", "team": null, "race": 2, "driver": 17, "manufacturer": "Toyota", "start_pos": 27, "finish_pos": 17, "car_no": 35, "laps": 266, "start": -1, "led": 0, "points": 0, "bonus": 0, "penality": 0, "practice_pos": 0}}, {"model": "commissioner.raceresult", "pk": 59, "fields": {"createdAt": "2025-02-25T18:22:00.230Z", "user": 1, "updatedAt": "2025-02-25T18:22:00.230Z", "team": null, "race": 2, "driver": 32, "manufacturer": "Ford", "start_pos": 11, "finish_pos": 18, "car_no": 60, "laps": 266, "start": -1, "led": 0, "points": 0, "bonus": 0, "penality": 0, "practice_pos": 0}}, {"model": "commissioner.raceresult", "pk": 60, "fields": {"createdAt": "2025-02-25T18:22:00.231Z", "user": 1, "updatedAt": "2025-02-25T18:22:00.231Z", "team": null, "race": 2, "driver": 2, "manufacturer": "Toyota", "start_pos": 18, "finish_pos": 19, "car_no": 45, "laps": 266, "start": -1, "led": 0, "points": 0, "bonus": 0, "penality": 0, "practice_pos": 0}}, {"model": "commissioner.raceresult", "pk": 61, "fields": {"createdAt": "2025-02-25T18:22:00.232Z", "user": 1, "updatedAt": "2025-02-25T18:22:00.232Z", "team": null, "race": 2, "driver": 15, "manufacturer": "Chevrolet", "start_pos": 19, "finish_pos": 20, "car_no": 9, "laps": 266, "start": -1, "led": 0, "points": 0, "bonus": 0, "penality": 0, "practice_pos": 0}}, {"model": "commissioner.raceresult", "pk": 62, "fields": {"createdAt": "2025-02-25T18:22:00.233Z", "user": 1, "updatedAt": "2025-02-25T18:22:00.233Z", "team": null, "race": 2, "driver": 4, "manufacturer": "Toyota", "start_pos": 25, "finish_pos": 21, "car_no": 19, "laps": 266, "start": -1, "led": 5, "points": 0, "bonus": 0, "penality": 0, "practice_pos": 0}}, {"model": "commissioner.raceresult", "pk": 63, "fields": {"createdAt": "2025-02-25T18:22:00.234Z", "user": 1, "updatedAt": "2025-02-25T18:22:00.234Z", "team": null, "race": 2, "driver": 42, "manufacturer": "Chevrolet", "start_pos": 38, "finish_pos": 22, "car_no": 78, "laps": 266, "start": -1, "led": 1, "points": 0, "bonus": 0, "penality": 0, "practice_pos": 0}}, {"model": "commissioner.raceresult", "pk": 64, "fields": {"createdAt": "2025-02-25T18:22:00.234Z", "user": 1, "updatedAt": "2025-02-25T18:22:00.234Z", "team": null, "race": 2, "driver": 33, "manufacturer": "Chevrolet", "start_pos": 30, "finish_pos": 23, "car_no": 88, "laps": 266, "start": -1, "led": 2, "points": 0, "bonus": 0, "penality": 0, "practice_pos": 0}}, {"model": "commissioner.raceresult", "pk": 65, "fields": {"createdAt": "2025-02-25T18:22:00.235Z", "user": 1, "updatedAt": "2025-02-25T18:22:00.235Z", "team": null, "race": 2, "driver": 19, "manufacturer": "Chevrolet", "start_pos": 21, "finish_pos": 24, "car_no": 7, "laps": 266, "start": -1, "led": 0, "points": 0, "bonus": 0, "penality": 0, "practice_pos": 0}}, {"model": "commissioner.raceresult", "pk": 66, "fields": {"createdAt": "2025-02-25T18:22:00.236Z", "user": 1, "updatedAt": "2025-02-25T18:22:00.236Z", "team": null, "race": 2, "driver": 37, "manufacturer": "Ford", "start_pos": 3, "finish_pos": 25, "car_no": 21, "laps": 265, "start": -1, "led": 56, "points": 0, "bonus": 0, "penality": 0, "practice_pos": 0}}, {"model": "commissioner.raceresult", "pk": 67, "fields": {"createdAt": "2025-02-25T18:22:00.236Z", "user": 1, "updatedAt": "2025-02-25T18:22:00.236Z", "team": null, "race": 2, "driver": 6, "manufacturer": "Chevrolet", "start_pos": 13, "finish_pos": 26, "car_no": 48, "laps": 266, "start": -1, "led": 6, "points": 0, "bonus": 0, "penality": 0, "practice_pos": 0}}, {"model": "commissioner.raceresult", "pk": 68, "fields": {"createdAt": "2025-02-25T18:22:00.237Z", "user": 1, "updatedAt": "2025-02-25T18:22:00.237Z", "team": null, "race": 2, "driver": 1, "manufacturer": "Chevrolet", "start_pos": 16, "finish_pos": 27, "car_no": 24, "laps": 266, "start": -1, "led": 6, "points": 0, "bonus": 0, "penality": 0, "practice_pos": 0}}, {"model": "commissioner.raceresult", "pk": 69, "fields": {"createdAt": "2025-02-25T18:22:00.238Z", "user": 1, "updatedAt": "2025-02-25T18:22:00.238Z", "team": null, "race": 2, "driver": 8, "manufacturer": "Ford", "start_pos": 2, "finish_pos": 28, "car_no": 2, "laps": 257, "start": -1, "led": 47, "points": 0, "bonus": 0, "penality": 0, "practice_pos": 0}}, {"model": "commissioner.raceresult", "pk": 70, "fields": {"createdAt": "2025-02-25T18:22:00.239Z", "user": 1, "updatedAt": "2025-02-25T18:22:00.239Z", "team": null, "race": 2, "driver": 14, "manufacturer": "Chevrolet", "start_pos": 20, "finish_pos": 29, "car_no": 10, "laps": 266, "start": -1, "led": 0, "points": 0, "bonus": 0, "penality": 0, "practice_pos": 0}}, {"model": "commissioner.raceresult", "pk": 71, "fields": {"createdAt": "2025-02-25T18:22:00.239Z", "user": 1, "updatedAt": "2025-02-25T18:22:00.239Z", "team": null, "race": 2, "driver": 10, "manufacturer": "Ford", "start_pos": 8, "finish_pos": 30, "car_no": 17, "laps": 266, "start": -1, "led": 0, "points": 0, "bonus": 0, "penality": 0, "practice_pos": 0}}, {"model": "commissioner.raceresult", "pk": 72, "fields": {"createdAt": "2025-02-25T18:22:00.240Z", "user": 1, "updatedAt": "2025-02-25T18:22:00.240Z", "team": null, "race": 2, "driver": 12, "manufacturer": "Toyota", "start_pos": 28, "finish_pos": 31, "car_no": 43, "laps": 266, "start": -1, "led": 0, "points": 0, "bonus": 0, "penality": 0, "practice_pos": 0}}, {"model": "commissioner.raceresult", "pk": 73, "fields": {"createdAt": "2025-02-25T18:22:00.241Z", "user": 1, "updatedAt": "2025-02-25T18:22:00.241Z", "team": null, "race": 2, "driver": 16, "manufacturer": "Toyota", "start_pos": 36, "finish_pos": 32, "car_no": 54, "laps": 201, "start": -1, "led": 0, "points": 0, "bonus": 0, "penality": 0, "practice_pos": 0}}, {"model": "commissioner.raceresult", "pk": 74, "fields": {"createdAt": "2025-02-25T18:22:00.241Z", "user": 1, "updatedAt": "2025-02-25T18:22:00.241Z", "team": null, "race": 2, "driver": 13, "manufacturer": "Chevrolet", "start_pos": 29, "finish_pos": 33, "car_no": 99, "laps": 183, "start": -1, "led": 0, "points": 0, "bonus": 0, "penality": 0, "practice_pos": 0}}, {"model": "commissioner.raceresult", "pk": 75, "fields": {"createdAt": "2025-02-25T18:22:00.242Z", "user": 1, "updatedAt": "2025-02-25T18:22:00.242Z", "team": null, "race": 2, "driver": 28, "manufacturer": "Ford", "start_pos": 10, "finish_pos": 34, "car_no": 4, "laps": 183, "start": -1, "led": 0, "points": 0, "bonus": 0, "penality": 0, "practice_pos": 0}}, {"model": "commissioner.raceresult", "pk": 76, "fields": {"createdAt": "2025-02-25T18:22:00.243Z", "user": 1, "updatedAt": "2025-02-25T18:22:00.243Z", "team": null, "race": 2, "driver": 25, "manufacturer": "Ford", "start_pos": 31, "finish_pos": 35, "car_no": 51, "laps": 183, "start": -1, "led": 1, "points": 0, "bonus": 0, "penality": 0, "practice_pos": 0}}, {"model": "commissioner.raceresult", "pk": 77, "fields": {"createdAt": "2025-02-25T18:22:00.243Z", "user": 1, "updatedAt": "2025-02-25T18:22:00.243Z", "team": null, "race": 2, "driver": 21, "manufacturer": "Ford", "start_pos": 23, "finish_pos": 36, "car_no": 41, "laps": 183, "start": -1, "led": 0, "points": 0, "bonus": 0, "penality": 0, "practice_pos": 0}}, {"model": "commissioner.raceresult", "pk": 78, "fields": {"createdAt": "2025-02-25T18:22:00.244Z", "user": 1, "updatedAt": "2025-02-25T18:22:00.244Z", "team": null, "race": 2, "driver": 43, "manufacturer": "Chevrolet", "start_pos": 39, "finish_pos": 37, "car_no": 44, "laps": 183, "start": -1, "led": 0, "points": 0, "bonus": 0, "penality": 0, "practice_pos": 0}}, {"model": "commissioner.raceresult", "pk": 79, "fields": {"createdAt": "2025-02-25T18:22:00.246Z", "user": 1, "updatedAt": "2025-02-25T18:22:00.246Z", "team": null, "race": 2, "driver": 22, "manufacturer": "Ford", "start_pos": 35, "finish_pos": 38, "car_no": 1, "laps": 149, "start": -1, "led": 0, "points": 0, "bonus": 0, "penality": 0, "practice_pos": 0}}, {"model": "commissioner.raceresult", "pk": 80, "fields": {"createdAt": "2025-02-25T18:22:00.246Z", "user": 1, "updatedAt": "2025-02-25T18:22:00.246Z", "team": null, "race": 2, "driver": 26, "manufacturer": "Ford", "start_pos": 9, "finish_pos": 39, "car_no": 6, "laps": 149, "start": -1, "led": 0, "points": 0, "bonus": 0, "penality": 0, "practice_pos": 0}}, {"model": "commissioner.raceresult", "pk": 81, "fields": {"createdAt": "2025-02-25T18:22:00.249Z", "user": 1, "updatedAt": "2025-02-25T18:22:00.249Z", "team": null, "race": 3, "driver": 13, "manufacturer": "Chevrolet", "start_pos": 23, "finish_pos": 1, "car_no": 99, "laps": 260, "start": -1, "led": 9, "points": 0, "bonus": 0, "penality": 0, "practice_pos": 0}}, {"model": "commissioner.raceresult", "pk": 82, "fields": {"createdAt": "2025-02-25T18:22:00.250Z", "user": 1, "updatedAt": "2025-02-25T18:22:00.250Z", "team": null, "race": 3, "driver": 7, "manufacturer": "Ford", "start_pos": 6, "finish_pos": 2, "car_no": 12, "laps": 260, "start": -1, "led": 31, "points": 0, "bonus": 0, "penality": 0, "practice_pos": 0}}, {"model": "commissioner.raceresult", "pk": 83, "fields": {"createdAt": "2025-02-25T18:22:00.251Z", "user": 1, "updatedAt": "2025-02-25T18:22:00.251Z", "team": null, "race": 3, "driver": 34, "manufacturer": "Chevrolet", "start_pos": 3, "finish_pos": 3, "car_no": 8, "laps": 260, "start": -1, "led": 28, "points": 0, "bonus": 0, "penality": 0, "practice_pos": 0}}, {"model": "commissioner.raceresult", "pk": 84, "fields": {"createdAt": "2025-02-25T18:22:00.251Z", "user": 1, "updatedAt": "2025-02-25T18:22:00.251Z", "team": null, "race": 3, "driver": 8, "manufacturer": "Ford", "start_pos": 8, "finish_pos": 4, "car_no": 2, "laps": 260, "start": -1, "led": 32, "points": 0, "bonus": 0, "penality": 0, "practice_pos": 0}}, {"model": "commissioner.raceresult", "pk": 85, "fields": {"createdAt": "2025-02-25T18:22:00.252Z", "user": 1, "updatedAt": "2025-02-25T18:22:00.252Z", "team": null, "race": 3, "driver": 29, "manufacturer": "Toyota", "start_pos": 18, "finish_pos": 5, "car_no": 23, "laps": 260, "start": -1, "led": 3, "points": 0, "bonus": 0, "penality": 0, "practice_pos": 0}}, {"model": "commissioner.raceresult", "pk": 86, "fields": {"createdAt": "2025-02-25T18:22:00.253Z", "user": 1, "updatedAt": "2025-02-25T18:22:00.253Z", "team": null, "race": 3, "driver": 18, "manufacturer": "Chevrolet", "start_pos": 27, "finish_pos": 6, "car_no": 47, "laps": 260, "start": -1, "led": 1, "points": 0, "bonus": 0, "penality": 0, "practice_pos": 0}}, {"model": "commissioner.raceresult", "pk": 87, "fields": {"createdAt": "2025-02-25T18:22:00.253Z", "user": 1, "updatedAt": "2025-02-25T18:22:00.253Z", "team": null, "race": 3, "driver": 40, "manufacturer": "Chevrolet", "start_pos": 21, "finish_pos": 7, "car_no": 1, "laps": 260, "start": -1, "led": 0, "points": 0, "bonus": 0, "penality": 0, "practice_pos": 0}}, {"model": "commissioner.raceresult", "pk": 88, "fields": {"createdAt": "2025-02-25T18:22:00.254Z", "user": 1, "updatedAt": "2025-02-25T18:22:00.254Z", "team": null, "race": 3, "driver": 11, "manufacturer": "Ford", "start_pos": 1, "finish_pos": 8, "car_no": 34, "laps": 260, "start": -1, "led": 27, "points": 0, "bonus": 0, "penality": 0, "practice_pos": 0}}, {"model": "commissioner.raceresult", "pk": 89, "fields": {"createdAt": "2025-02-25T18:22:00.255Z", "user": 1, "updatedAt": "2025-02-25T18:22:00.255Z", "team": null, "race": 3, "driver": 10, "manufacturer": "Ford", "start_pos": 7, "finish_pos": 9, "car_no": 17, "laps": 260, "start": -1, "led": 1, "points": 0, "bonus": 0, "penality": 0, "practice_pos": 0}}, {"model": "commissioner.raceresult", "pk": 90, "fields": {"createdAt": "2025-02-25T18:22:00.255Z", "user": 1, "updatedAt": "2025-02-25T18:22:00.255Z", "team": null, "race": 3, "driver": 16, "manufacturer": "Toyota", "start_pos": 25, "finish_pos": 10, "car_no": 54, "laps": 260, "start": -1, "led": 0, "points": 0, "bonus": 0, "penality": 0, "practice_pos": 0}}, {"model": "commissioner.raceresult", "pk": 91, "fields": {"createdAt": "2025-02-25T18:22:00.256Z", "user": 1, "updatedAt": "2025-02-25T18:22:00.256Z", "team": null, "race": 3, "driver": 44, "manufacturer": "Ford", "start_pos": 16, "finish_pos": 11, "car_no": 21, "laps": 260, "start": -1, "led": 0, "points": 0, "bonus": 0, "penality": 0, "practice_pos": 0}}, {"model": "commissioner.raceresult", "pk": 92, "fields": {"createdAt": "2025-02-25T18:22:00.257Z", "user": 1, "updatedAt": "2025-02-25T18:22:00.257Z", "team": null, "race": 3, "driver": 38, "manufacturer": "Toyota", "start_pos": 12, "finish_pos": 12, "car_no": 19, "laps": 260, "start": -1, "led": 9, "points": 0, "bonus": 0, "penality": 0, "practice_pos": 0}}, {"model": "commissioner.raceresult", "pk": 93, "fields": {"createdAt": "2025-02-25T18:22:00.257Z", "user": 1, "updatedAt": "2025-02-25T18:22:00.257Z", "team": null, "race": 3, "driver": 22, "manufacturer": "Chevrolet", "start_pos": 32, "finish_pos": 13, "car_no": 7, "laps": 260, "start": -1, "led": 0, "points": 0, "bonus": 0, "penality": 0, "practice_pos": 0}}, {"model": "commissioner.raceresult", "pk": 94, "fields": {"createdAt": "2025-02-25T18:22:00.258Z", "user": 1, "updatedAt": "2025-02-25T18:22:00.258Z", "team": null, "race": 3, "driver": 45, "manufacturer": "Ford", "start_pos": 33, "finish_pos": 14, "car_no": 15, "laps": 260, "start": -1, "led": 0, "points": 0, "bonus": 0, "penality": 0, "practice_pos": 0}}, {"model": "commissioner.raceresult", "pk": 95, "fields": {"createdAt": "2025-02-25T18:22:00.259Z", "user": 1, "updatedAt": "2025-02-25T18:22:00.259Z", "team": null, "race": 3, "driver": 15, "manufacturer": "Chevrolet", "start_pos": 28, "finish_pos": 15, "car_no": 9, "laps": 260, "start": -1, "led": 0, "points": 0, "bonus": 0, "penality": 0, "practice_pos": 0}}, {"model": "commissioner.raceresult", "pk": 96, "fields": {"createdAt": "2025-02-25T18:22:00.259Z", "user": 1, "updatedAt": "2025-02-25T18:22:00.259Z", "team": null, "race": 3, "driver": 32, "manufacturer": "Ford", "start_pos": 20, "finish_pos": 16, "car_no": 41, "laps": 260, "start": -1, "led": 0, "points": 0, "bonus": 0, "penality": 0, "practice_pos": 0}}, {"model": "commissioner.raceresult", "pk": 97, "fields": {"createdAt": "2025-02-25T18:22:00.260Z", "user": 1, "updatedAt": "2025-02-25T18:22:00.260Z", "team": null, "race": 3, "driver": 1, "manufacturer": "Chevrolet", "start_pos": 11, "finish_pos": 17, "car_no": 24, "laps": 260, "start": -1, "led": 0, "points": 0, "bonus": 0, "penality": 0, "practice_pos": 0}}, {"model": "commissioner.raceresult", "pk": 98, "fields": {"createdAt": "2025-02-25T18:22:00.261Z", "user": 1, "updatedAt": "2025-02-25T18:22:00.261Z", "team": null, "race": 3, "driver": 46, "manufacturer": "Chevrolet", "start_pos": 26, "finish_pos": 18, "car_no": 10, "laps": 260, "start": -1, "led": 0, "points": 0, "bonus": 0, "penality": 0, "practice_pos": 0}}, {"model": "commissioner.raceresult", "pk": 99, "fields": {"createdAt": "2025-02-25T18:22:00.262Z", "user": 1, "updatedAt": "2025-02-25T18:22:00.262Z", "team": null, "race": 3, "driver": 30, "manufacturer": "Chevrolet", "start_pos": 35, "finish_pos": 19, "car_no": 77, "laps": 260, "start": -1, "led": 0, "points": 0, "bonus": 0, "penality": 0, "practice_pos": 0}}, {"model": "commissioner.raceresult", "pk": 100, "fields": {"createdAt": "2025-02-25T18:22:00.262Z", "user": 1, "updatedAt": "2025-02-25T18:22:00.262Z", "team": null, "race": 3, "driver": 19, "manufacturer": "Ford", "start_pos": 31, "finish_pos": 20, "car_no": 51, "laps": 260, "start": -1, "led": 0, "points": 0, "bonus": 0, "penality": 0, "practice_pos": 0}}, {"model": "commissioner.raceresult", "pk": 101, "fields": {"createdAt": "2025-02-25T18:22:00.263Z", "user": 1, "updatedAt": "2025-02-25T18:22:00.263Z", "team": null, "race": 3, "driver": 5, "manufacturer": "Toyota", "start_pos": 34, "finish_pos": 21, "car_no": 42, "laps": 260, "start": -1, "led": 0, "points": 0, "bonus": 0, "penality": 0, "practice_pos": 0}}, {"model": "commissioner.raceresult", "pk": 102, "fields": {"createdAt": "2025-02-25T18:22:00.264Z", "user": 1, "updatedAt": "2025-02-25T18:22:00.264Z", "team": null, "race": 3, "driver": 23, "manufacturer": "Chevrolet", "start_pos": 10, "finish_pos": 22, "car_no": 3, "laps": 260, "start": -1, "led": 0, "points": 0, "bonus": 0, "penality": 0, "practice_pos": 0}}, {"model": "commissioner.raceresult", "pk": 103, "fields": {"createdAt": "2025-02-25T18:22:00.265Z", "user": 1, "updatedAt": "2025-02-25T18:22:00.265Z", "team": null, "race": 3, "driver": 24, "manufacturer": "Toyota", "start_pos": 13, "finish_pos": 23, "car_no": 11, "laps": 259, "start": -1, "led": 15, "points": 0, "bonus": 0, "penality": 0, "practice_pos": 0}}, {"model": "commissioner.raceresult", "pk": 104, "fields": {"createdAt": "2025-02-25T18:22:00.265Z", "user": 1, "updatedAt": "2025-02-25T18:22:00.265Z", "team": null, "race": 3, "driver": 42, "manufacturer": "Chevrolet", "start_pos": 36, "finish_pos": 24, "car_no": 78, "laps": 257, "start": -1, "led": 0, "points": 0, "bonus": 0, "penality": 0, "practice_pos": 0}}, {"model": "commissioner.raceresult", "pk": 105, "fields": {"createdAt": "2025-02-25T18:22:00.266Z", "user": 1, "updatedAt": "2025-02-25T18:22:00.266Z", "team": null, "race": 3, "driver": 12, "manufacturer": "Toyota", "start_pos": 37, "finish_pos": 25, "car_no": 43, "laps": 256, "start": -1, "led": 0, "points": 0, "bonus": 0, "penality": 0, "practice_pos": 0}}, {"model": "commissioner.raceresult", "pk": 106, "fields": {"createdAt": "2025-02-25T18:22:00.267Z", "user": 1, "updatedAt": "2025-02-25T18:22:00.267Z", "team": null, "race": 3, "driver": 27, "manufacturer": "Ford", "start_pos": 4, "finish_pos": 26, "car_no": 38, "laps": 256, "start": -1, "led": 58, "points": 0, "bonus": 0, "penality": 0, "practice_pos": 0}}, {"model": "commissioner.raceresult", "pk": 107, "fields": {"createdAt": "2025-02-25T18:22:00.267Z", "user": 1, "updatedAt": "2025-02-25T18:22:00.267Z", "team": null, "race": 3, "driver": 6, "manufacturer": "Chevrolet", "start_pos": 17, "finish_pos": 27, "car_no": 48, "laps": 255, "start": -1, "led": 0, "points": 0, "bonus": 0, "penality": 0, "practice_pos": 0}}, {"model": "commissioner.raceresult", "pk": 108, "fields": {"createdAt": "2025-02-25T18:22:00.268Z", "user": 1, "updatedAt": "2025-02-25T18:22:00.268Z", "team": null, "race": 3, "driver": 35, "manufacturer": "Ford", "start_pos": 2, "finish_pos": 28, "car_no": 22, "laps": 252, "start": -1, "led": 27, "points": 0, "bonus": 0, "penality": 0, "practice_pos": 0}}, {"model": "commissioner.raceresult", "pk": 109, "fields": {"createdAt": "2025-02-25T18:22:00.268Z", "user": 1, "updatedAt": "2025-02-25T18:22:00.268Z", "team": null, "race": 3, "driver": 37, "manufacturer": "Ford", "start_pos": 14, "finish_pos": 29, "car_no": 4, "laps": 250, "start": -1, "led": 0, "points": 0, "bonus": 0, "penality": 0, "practice_pos": 0}}, {"model": "commissioner.raceresult", "pk": 110, "fields": {"createdAt": "2025-02-25T18:22:00.269Z", "user": 1, "updatedAt": "2025-02-25T18:22:00.269Z", "team": null, "race": 3, "driver": 2, "manufacturer": "Toyota", "start_pos": 19, "finish_pos": 30, "car_no": 45, "laps": 243, "start": -1, "led": 0, "points": 0, "bonus": 0, "penality": 0, "practice_pos": 0}}, {"model": "commissioner.raceresult", "pk": 111, "fields": {"createdAt": "2025-02-25T18:22:00.270Z", "user": 1, "updatedAt": "2025-02-25T18:22:00.270Z", "team": null, "race": 3, "driver": 4, "manufacturer": "Ford", "start_pos": 9, "finish_pos": 31, "car_no": 14, "laps": 239, "start": -1, "led": 0, "points": 0, "bonus": 0, "penality": 0, "practice_pos": 0}}, {"model": "commissioner.raceresult", "pk": 112, "fields": {"createdAt": "2025-02-25T18:22:00.271Z", "user": 1, "updatedAt": "2025-02-25T18:22:00.271Z", "team": null, "race": 3, "driver": 20, "manufacturer": "Chevrolet", "start_pos": 5, "finish_pos": 32, "car_no": 5, "laps": 222, "start": -1, "led": 17, "points": 0, "bonus": 0, "penality": 0, "practice_pos": 0}}, {"model": "commissioner.raceresult", "pk": 113, "fields": {"createdAt": "2025-02-25T18:22:00.271Z", "user": 1, "updatedAt": "2025-02-25T18:22:00.271Z", "team": null, "race": 3, "driver": 26, "manufacturer": "Ford", "start_pos": 24, "finish_pos": 33, "car_no": 6, "laps": 218, "start": -1, "led": 2, "points": 0, "bonus": 0, "penality": 0, "practice_pos": 0}}, {"model": "commissioner.raceresult", "pk": 114, "fields": {"createdAt": "2025-02-25T18:22:00.272Z", "user": 1, "updatedAt": "2025-02-25T18:22:00.272Z", "team": null, "race": 3, "driver": 31, "manufacturer": "Toyota", "start_pos": 22, "finish_pos": 34, "car_no": 20, "laps": 148, "start": -1, "led": 0, "points": 0, "bonus": 0, "penality": 0, "practice_pos": 0}}, {"model": "commissioner.raceresult", "pk": 115, "fields": {"createdAt": "2025-02-25T18:22:00.273Z", "user": 1, "updatedAt": "2025-02-25T18:22:00.273Z", "team": null, "race": 3, "driver": 36, "manufacturer": "Chevrolet", "start_pos": 29, "finish_pos": 35, "car_no": 71, "laps": 75, "start": -1, "led": 0, "points": 0, "bonus": 0, "penality": 0, "practice_pos": 0}}, {"model": "commissioner.raceresult", "pk": 116, "fields": {"createdAt": "2025-02-25T18:22:00.273Z", "user": 1, "updatedAt": "2025-02-25T18:22:00.273Z", "team": null, "race": 3, "driver": 28, "manufacturer": "Ford", "start_pos": 15, "finish_pos": 36, "car_no": 10, "laps": 66, "start": -1, "led": 0, "points": 0, "bonus": 0, "penality": 0, "practice_pos": 0}}, {"model": "commissioner.raceresult", "pk": 117, "fields": {"createdAt": "2025-02-25T18:22:00.274Z", "user": 1, "updatedAt": "2025-02-25T18:22:00.274Z", "team": null, "race": 3, "driver": 47, "manufacturer": "Chevrolet", "start_pos": 30, "finish_pos": 37, "car_no": 16, "laps": 2, "start": -1, "led": 0, "points": 0, "bonus": 0, "penality": 0, "practice_pos": 0}}, {"model": "commissioner.raceresult", "pk": 194, "fields": {"createdAt": "2025-03-03T13:53:40.752Z", "user": 1, "updatedAt": "2025-03-03T13:53:40.752Z", "team": null, "race": 6, "driver": 31, "manufacturer": "Toyota", "start_pos": 19, "finish_pos": 1, "car_no": 20, "laps": 95, "start": -1, "led": 0, "points": 0, "bonus": 0, "penality": 0, "practice_pos": 0}}, {"model": "commissioner.raceresult", "pk": 195, "fields": {"createdAt": "2025-03-03T13:53:40.755Z", "user": 1, "updatedAt": "2025-03-03T13:53:40.755Z", "team": null, "race": 6, "driver": 1, "manufacturer": "Chevrolet", "start_pos": 15, "finish_pos": 2, "car_no": 24, "laps": 95, "start": -1, "led": 0, "points": 0, "bonus": 0, "penality": 0, "practice_pos": 0}}, {"model": "commissioner.raceresult", "pk": 196, "fields": {"createdAt": "2025-03-03T13:53:40.756Z", "user": 1, "updatedAt": "2025-03-03T13:53:40.756Z", "team": null, "race": 6, "driver": 2, "manufacturer": "Toyota", "start_pos": 1, "finish_pos": 3, "car_no": 45, "laps": 95, "start": -1, "led": 0, "points": 0, "bonus": 0, "penality": 0, "practice_pos": 0}}, {"model": "commissioner.raceresult", "pk": 197, "fields": {"createdAt": "2025-03-03T13:53:40.757Z", "user": 1, "updatedAt": "2025-03-03T13:53:40.757Z", "team": null, "race": 6, "driver": 15, "manufacturer": "Chevrolet", "start_pos": 3, "finish_pos": 4, "car_no": 9, "laps": 95, "start": -1, "led": 0, "points": 0, "bonus": 0, "penality": 0, "practice_pos": 0}}, {"model": "commissioner.raceresult", "pk": 198, "fields": {"createdAt": "2025-03-03T13:53:40.758Z", "user": 1, "updatedAt": "2025-03-03T13:53:40.758Z", "team": null, "race": 6, "driver": 34, "manufacturer": "Chevrolet", "start_pos": 8, "finish_pos": 5, "car_no": 8, "laps": 95, "start": -1, "led": 0, "points": 0, "bonus": 0, "penality": 0, "practice_pos": 0}}, {"model": "commissioner.raceresult", "pk": 199, "fields": {"createdAt": "2025-03-03T13:53:40.759Z", "user": 1, "updatedAt": "2025-03-03T13:53:40.759Z", "team": null, "race": 6, "driver": 33, "manufacturer": "Chevrolet", "start_pos": 6, "finish_pos": 6, "car_no": 88, "laps": 95, "start": -1, "led": 0, "points": 0, "bonus": 0, "penality": 0, "practice_pos": 0}}, {"model": "commissioner.raceresult", "pk": 200, "fields": {"createdAt": "2025-03-03T13:53:40.760Z", "user": 1, "updatedAt": "2025-03-03T13:53:40.760Z", "team": null, "race": 6, "driver": 10, "manufacturer": "Ford", "start_pos": 24, "finish_pos": 7, "car_no": 17, "laps": 95, "start": -1, "led": 0, "points": 0, "bonus": 0, "penality": 0, "practice_pos": 0}}, {"model": "commissioner.raceresult", "pk": 201, "fields": {"createdAt": "2025-03-03T13:53:40.761Z", "user": 1, "updatedAt": "2025-03-03T13:53:40.761Z", "team": null, "race": 6, "driver": 28, "manufacturer": "Ford", "start_pos": 17, "finish_pos": 8, "car_no": 4, "laps": 95, "start": -1, "led": 0, "points": 0, "bonus": 0, "penality": 0, "practice_pos": 0}}, {"model": "commissioner.raceresult", "pk": 202, "fields": {"createdAt": "2025-03-03T13:53:40.763Z", "user": 1, "updatedAt": "2025-03-03T13:53:40.763Z", "team": null, "race": 6, "driver": 6, "manufacturer": "Chevrolet", "start_pos": 21, "finish_pos": 9, "car_no": 48, "laps": 95, "start": -1, "led": 0, "points": 0, "bonus": 0, "penality": 0, "practice_pos": 0}}, {"model": "commissioner.raceresult", "pk": 203, "fields": {"createdAt": "2025-03-03T13:53:40.764Z", "user": 1, "updatedAt": "2025-03-03T13:53:40.764Z", "team": null, "race": 6, "driver": 27, "manufacturer": "Ford", "start_pos": 10, "finish_pos": 10, "car_no": 34, "laps": 95, "start": -1, "led": 0, "points": 0, "bonus": 0, "penality": 0, "practice_pos": 0}}, {"model": "commissioner.raceresult", "pk": 204, "fields": {"createdAt": "2025-03-03T13:53:40.764Z", "user": 1, "updatedAt": "2025-03-03T13:53:40.764Z", "team": null, "race": 6, "driver": 11, "manufacturer": "Chevrolet", "start_pos": 16, "finish_pos": 11, "car_no": 71, "laps": 95, "start": -1, "led": 0, "points": 0, "bonus": 0, "penality": 0, "practice_pos": 0}}, {"model": "commissioner.raceresult", "pk": 205, "fields": {"createdAt": "2025-03-03T13:53:40.765Z", "user": 1, "updatedAt": "2025-03-03T13:53:40.765Z", "team": null, "race": 6, "driver": 40, "manufacturer": "Chevrolet", "start_pos": 9, "finish_pos": 12, "car_no": 1, "laps": 95, "start": -1, "led": 0, "points": 0, "bonus": 0, "penality": 0, "practice_pos": 0}}, {"model": "commissioner.raceresult", "pk": 206, "fields": {"createdAt": "2025-03-03T13:53:40.766Z", "user": 1, "updatedAt": "2025-03-03T13:53:40.766Z", "team": null, "race": 6, "driver": 30, "manufacturer": "Chevrolet", "start_pos": 4, "finish_pos": 13, "car_no": 77, "laps": 95, "start": -1, "led": 0, "points": 0, "bonus": 0, "penality": 0, "practice_pos": 0}}, {"model": "commissioner.raceresult", "pk": 207, "fields": {"createdAt": "2025-03-03T13:53:40.766Z", "user": 1, "updatedAt": "2025-03-03T13:53:40.766Z", "team": null, "race": 6, "driver": 4, "manufacturer": "Toyota", "start_pos": 18, "finish_pos": 14, "car_no": 19, "laps": 95, "start": -1, "led": 0, "points": 0, "bonus": 0, "penality": 0, "practice_pos": 0}}, {"model": "commissioner.raceresult", "pk": 208, "fields": {"createdAt": "2025-03-03T13:53:40.767Z", "user": 1, "updatedAt": "2025-03-03T13:53:40.767Z", "team": null, "race": 6, "driver": 26, "manufacturer": "Ford", "start_pos": 26, "finish_pos": 15, "car_no": 6, "laps": 95, "start": -1, "led": 0, "points": 0, "bonus": 0, "penality": 0, "practice_pos": 0}}, {"model": "commissioner.raceresult", "pk": 209, "fields": {"createdAt": "2025-03-03T13:53:40.768Z", "user": 1, "updatedAt": "2025-03-03T13:53:40.768Z", "team": null, "race": 6, "driver": 19, "manufacturer": "Chevrolet", "start_pos": 29, "finish_pos": 16, "car_no": 7, "laps": 95, "start": -1, "led": 0, "points": 0, "bonus": 0, "penality": 0, "practice_pos": 0}}, {"model": "commissioner.raceresult", "pk": 210, "fields": {"createdAt": "2025-03-03T13:53:40.769Z", "user": 1, "updatedAt": "2025-03-03T13:53:40.769Z", "team": null, "race": 6, "driver": 17, "manufacturer": "Toyota", "start_pos": 31, "finish_pos": 17, "car_no": 35, "laps": 95, "start": -1, "led": 0, "points": 0, "bonus": 0, "penality": 0, "practice_pos": 0}}, {"model": "commissioner.raceresult", "pk": 211, "fields": {"createdAt": "2025-03-03T13:53:40.769Z", "user": 1, "updatedAt": "2025-03-03T13:53:40.769Z", "team": null, "race": 6, "driver": 18, "manufacturer": "Chevrolet", "start_pos": 22, "finish_pos": 18, "car_no": 47, "laps": 95, "start": -1, "led": 0, "points": 0, "bonus": 0, "penality": 0, "practice_pos": 0}}, {"model": "commissioner.raceresult", "pk": 212, "fields": {"createdAt": "2025-03-03T13:53:40.770Z", "user": 1, "updatedAt": "2025-03-03T13:53:40.770Z", "team": null, "race": 6, "driver": 7, "manufacturer": "Ford", "start_pos": 25, "finish_pos": 19, "car_no": 12, "laps": 95, "start": -1, "led": 0, "points": 0, "bonus": 0, "penality": 0, "practice_pos": 0}}, {"model": "commissioner.raceresult", "pk": 213, "fields": {"createdAt": "2025-03-03T13:53:40.771Z", "user": 1, "updatedAt": "2025-03-03T13:53:40.771Z", "team": null, "race": 6, "driver": 29, "manufacturer": "Toyota", "start_pos": 2, "finish_pos": 20, "car_no": 23, "laps": 95, "start": -1, "led": 0, "points": 0, "bonus": 0, "penality": 0, "practice_pos": 0}}, {"model": "commissioner.raceresult", "pk": 214, "fields": {"createdAt": "2025-03-03T13:53:40.772Z", "user": 1, "updatedAt": "2025-03-03T13:53:40.772Z", "team": null, "race": 6, "driver": 24, "manufacturer": "Toyota", "start_pos": 11, "finish_pos": 21, "car_no": 11, "laps": 95, "start": -1, "led": 0, "points": 0, "bonus": 0, "penality": 0, "practice_pos": 0}}, {"model": "commissioner.raceresult", "pk": 215, "fields": {"createdAt": "2025-03-03T13:53:40.773Z", "user": 1, "updatedAt": "2025-03-03T13:53:40.773Z", "team": null, "race": 6, "driver": 5, "manufacturer": "Toyota", "start_pos": 33, "finish_pos": 22, "car_no": 42, "laps": 95, "start": -1, "led": 0, "points": 0, "bonus": 0, "penality": 0, "practice_pos": 0}}, {"model": "commissioner.raceresult", "pk": 216, "fields": {"createdAt": "2025-03-03T13:53:40.774Z", "user": 1, "updatedAt": "2025-03-03T13:53:40.774Z", "team": null, "race": 6, "driver": 21, "manufacturer": "Ford", "start_pos": 30, "finish_pos": 23, "car_no": 41, "laps": 95, "start": -1, "led": 0, "points": 0, "bonus": 0, "penality": 0, "practice_pos": 0}}, {"model": "commissioner.raceresult", "pk": 217, "fields": {"createdAt": "2025-03-03T13:53:40.775Z", "user": 1, "updatedAt": "2025-03-03T13:53:40.775Z", "team": null, "race": 6, "driver": 35, "manufacturer": "Ford", "start_pos": 23, "finish_pos": 24, "car_no": 22, "laps": 95, "start": -1, "led": 0, "points": 0, "bonus": 0, "penality": 0, "practice_pos": 0}}, {"model": "commissioner.raceresult", "pk": 218, "fields": {"createdAt": "2025-03-03T13:53:40.776Z", "user": 1, "updatedAt": "2025-03-03T13:53:40.776Z", "team": null, "race": 6, "driver": 8, "manufacturer": "Ford", "start_pos": 36, "finish_pos": 25, "car_no": 2, "laps": 95, "start": -1, "led": 0, "points": 0, "bonus": 0, "penality": 0, "practice_pos": 0}}, {"model": "commissioner.raceresult", "pk": 219, "fields": {"createdAt": "2025-03-03T13:53:40.776Z", "user": 1, "updatedAt": "2025-03-03T13:53:40.776Z", "team": null, "race": 6, "driver": 37, "manufacturer": "Ford", "start_pos": 35, "finish_pos": 26, "car_no": 21, "laps": 95, "start": -1, "led": 0, "points": 0, "bonus": 0, "penality": 0, "practice_pos": 0}}, {"model": "commissioner.raceresult", "pk": 220, "fields": {"createdAt": "2025-03-03T13:53:40.777Z", "user": 1, "updatedAt": "2025-03-03T13:53:40.777Z", "team": null, "race": 6, "driver": 12, "manufacturer": "Toyota", "start_pos": 32, "finish_pos": 27, "car_no": 43, "laps": 95, "start": -1, "led": 0, "points": 0, "bonus": 0, "penality": 0, "practice_pos": 0}}, {"model": "commissioner.raceresult", "pk": 221, "fields": {"createdAt": "2025-03-03T13:53:40.778Z", "user": 1, "updatedAt": "2025-03-03T13:53:40.778Z", "team": null, "race": 6, "driver": 14, "manufacturer": "Chevrolet", "start_pos": 34, "finish_pos": 28, "car_no": 10, "laps": 95, "start": -1, "led": 0, "points": 0, "bonus": 0, "penality": 0, "practice_pos": 0}}, {"model": "commissioner.raceresult", "pk": 222, "fields": {"createdAt": "2025-03-03T13:53:40.779Z", "user": 1, "updatedAt": "2025-03-03T13:53:40.779Z", "team": null, "race": 6, "driver": 36, "manufacturer": "Ford", "start_pos": 20, "finish_pos": 29, "car_no": 38, "laps": 95, "start": -1, "led": 0, "points": 0, "bonus": 0, "penality": 0, "practice_pos": 0}}, {"model": "commissioner.raceresult", "pk": 223, "fields": {"createdAt": "2025-03-03T13:53:40.780Z", "user": 1, "updatedAt": "2025-03-03T13:53:40.780Z", "team": null, "race": 6, "driver": 41, "manufacturer": "Chevrolet", "start_pos": 12, "finish_pos": 30, "car_no": 16, "laps": 95, "start": -1, "led": 0, "points": 0, "bonus": 0, "penality": 0, "practice_pos": 0}}, {"model": "commissioner.raceresult", "pk": 224, "fields": {"createdAt": "2025-03-03T13:53:40.780Z", "user": 1, "updatedAt": "2025-03-03T13:53:40.780Z", "team": null, "race": 6, "driver": 25, "manufacturer": "Ford", "start_pos": 37, "finish_pos": 31, "car_no": 51, "laps": 95, "start": -1, "led": 0, "points": 0, "bonus": 0, "penality": 0, "practice_pos": 0}}, {"model": "commissioner.raceresult", "pk": 225, "fields": {"createdAt": "2025-03-03T13:53:40.781Z", "user": 1, "updatedAt": "2025-03-03T13:53:40.781Z", "team": null, "race": 6, "driver": 20, "manufacturer": "Chevrolet", "start_pos": 7, "finish_pos": 32, "car_no": 5, "laps": 95, "start": -1, "led": 0, "points": 0, "bonus": 0, "penality": 0, "practice_pos": 0}}, {"model": "commissioner.raceresult", "pk": 226, "fields": {"createdAt": "2025-03-03T13:53:40.782Z", "user": 1, "updatedAt": "2025-03-03T13:53:40.782Z", "team": null, "race": 6, "driver": 32, "manufacturer": "Ford", "start_pos": 28, "finish_pos": 33, "car_no": 60, "laps": 95, "start": -1, "led": 0, "points": 0, "bonus": 0, "penality": 0, "practice_pos": 0}}, {"model": "commissioner.raceresult", "pk": 227, "fields": {"createdAt": "2025-03-03T13:53:40.783Z", "user": 1, "updatedAt": "2025-03-03T13:53:40.783Z", "team": null, "race": 6, "driver": 16, "manufacturer": "Toyota", "start_pos": 13, "finish_pos": 34, "car_no": 54, "laps": 95, "start": -1, "led": 0, "points": 0, "bonus": 0, "penality": 0, "practice_pos": 0}}, {"model": "commissioner.raceresult", "pk": 228, "fields": {"createdAt": "2025-03-03T13:53:40.783Z", "user": 1, "updatedAt": "2025-03-03T13:53:40.783Z", "team": null, "race": 6, "driver": 23, "manufacturer": "Chevrolet", "start_pos": 27, "finish_pos": 35, "car_no": 3, "laps": 95, "start": -1, "led": 0, "points": 0, "bonus": 0, "penality": 0, "practice_pos": 0}}, {"model": "commissioner.raceresult", "pk": 229, "fields": {"createdAt": "2025-03-03T13:53:40.784Z", "user": 1, "updatedAt": "2025-03-03T13:53:40.784Z", "team": null, "race": 6, "driver": 13, "manufacturer": "Chevrolet", "start_pos": 5, "finish_pos": 36, "car_no": 99, "laps": 95, "start": -1, "led": 0, "points": 0, "bonus": 0, "penality": 0, "practice_pos": 0}}, {"model": "commissioner.raceresult", "pk": 230, "fields": {"createdAt": "2025-03-03T13:53:40.785Z", "user": 1, "updatedAt": "2025-03-03T13:53:40.785Z", "team": null, "race": 6, "driver": 50, "manufacturer": "Chevrolet", "start_pos": 14, "finish_pos": 37, "car_no": 87, "laps": 95, "start": -1, "led": 0, "points": 0, "bonus": 0, "penality": 0, "practice_pos": 0}}, {"model": "commissioner.raceresult", "pk": 231, "fields": {"createdAt": "2025-03-03T13:53:48.355Z", "user": 1, "updatedAt": "2025-03-03T13:53:48.355Z", "team": null, "race": 13, "driver": 1, "manufacturer": "Chevrolet", "start_pos": 1, "finish_pos": 1, "car_no": 24, "laps": 68, "start": -1, "led": 42, "points": 0, "bonus": 0, "penality": 0, "practice_pos": 0}}, {"model": "commissioner.raceresult", "pk": 232, "fields": {"createdAt": "2025-03-03T13:53:48.357Z", "user": 1, "updatedAt": "2025-03-03T13:53:48.357Z", "team": null, "race": 13, "driver": 31, "manufacturer": "Toyota", "start_pos": 4, "finish_pos": 2, "car_no": 20, "laps": 68, "start": -1, "led": 9, "points": 0, "bonus": 0, "penality": 0, "practice_pos": 0}}, {"model": "commissioner.raceresult", "pk": 233, "fields": {"createdAt": "2025-03-03T13:53:48.358Z", "user": 1, "updatedAt": "2025-03-03T13:53:48.358Z", "team": null, "race": 13, "driver": 16, "manufacturer": "Toyota", "start_pos": 2, "finish_pos": 3, "car_no": 54, "laps": 68, "start": -1, "led": 1, "points": 0, "bonus": 0, "penality": 0, "practice_pos": 0}}, {"model": "commissioner.raceresult", "pk": 234, "fields": {"createdAt": "2025-03-03T13:53:48.358Z", "user": 1, "updatedAt": "2025-03-03T13:53:48.358Z", "team": null, "race": 13, "driver": 6, "manufacturer": "Chevrolet", "start_pos": 17, "finish_pos": 4, "car_no": 48, "laps": 68, "start": -1, "led": 0, "points": 0, "bonus": 0, "penality": 0, "practice_pos": 0}}, {"model": "commissioner.raceresult", "pk": 235, "fields": {"createdAt": "2025-03-03T13:53:48.359Z", "user": 1, "updatedAt": "2025-03-03T13:53:48.359Z", "team": null, "race": 13, "driver": 2, "manufacturer": "Toyota", "start_pos": 3, "finish_pos": 5, "car_no": 45, "laps": 68, "start": -1, "led": 1, "points": 0, "bonus": 0, "penality": 0, "practice_pos": 0}}, {"model": "commissioner.raceresult", "pk": 236, "fields": {"createdAt": "2025-03-03T13:53:48.360Z", "user": 1, "updatedAt": "2025-03-03T13:53:48.360Z", "team": null, "race": 13, "driver": 41, "manufacturer": "Chevrolet", "start_pos": 14, "finish_pos": 6, "car_no": 13, "laps": 68, "start": -1, "led": 0, "points": 0, "bonus": 0, "penality": 0, "practice_pos": 0}}, {"model": "commissioner.raceresult", "pk": 237, "fields": {"createdAt": "2025-03-03T13:53:48.361Z", "user": 1, "updatedAt": "2025-03-03T13:53:48.361Z", "team": null, "race": 13, "driver": 40, "manufacturer": "Chevrolet", "start_pos": 6, "finish_pos": 7, "car_no": 1, "laps": 68, "start": -1, "led": 10, "points": 0, "bonus": 0, "penality": 0, "practice_pos": 0}}, {"model": "commissioner.raceresult", "pk": 238, "fields": {"createdAt": "2025-03-03T13:53:48.361Z", "user": 1, "updatedAt": "2025-03-03T13:53:48.361Z", "team": null, "race": 13, "driver": 10, "manufacturer": "Ford", "start_pos": 20, "finish_pos": 8, "car_no": 17, "laps": 68, "start": -1, "led": 0, "points": 0, "bonus": 0, "penality": 0, "practice_pos": 0}}, {"model": "commissioner.raceresult", "pk": 239, "fields": {"createdAt": "2025-03-03T13:53:48.363Z", "user": 1, "updatedAt": "2025-03-03T13:53:48.363Z", "team": null, "race": 13, "driver": 34, "manufacturer": "Chevrolet", "start_pos": 16, "finish_pos": 9, "car_no": 8, "laps": 68, "start": -1, "led": 0, "points": 0, "bonus": 0, "penality": 0, "practice_pos": 0}}, {"model": "commissioner.raceresult", "pk": 240, "fields": {"createdAt": "2025-03-03T13:53:48.363Z", "user": 1, "updatedAt": "2025-03-03T13:53:48.363Z", "team": null, "race": 13, "driver": 38, "manufacturer": "Toyota", "start_pos": 7, "finish_pos": 10, "car_no": 19, "laps": 68, "start": -1, "led": 2, "points": 0, "bonus": 0, "penality": 0, "practice_pos": 0}}, {"model": "commissioner.raceresult", "pk": 241, "fields": {"createdAt": "2025-03-03T13:53:48.364Z", "user": 1, "updatedAt": "2025-03-03T13:53:48.364Z", "team": null, "race": 13, "driver": 35, "manufacturer": "Ford", "start_pos": 35, "finish_pos": 11, "car_no": 22, "laps": 68, "start": -1, "led": 0, "points": 0, "bonus": 0, "penality": 0, "practice_pos": 0}}, {"model": "commissioner.raceresult", "pk": 242, "fields": {"createdAt": "2025-03-03T13:53:48.365Z", "user": 1, "updatedAt": "2025-03-03T13:53:48.365Z", "team": null, "race": 13, "driver": 7, "manufacturer": "Ford", "start_pos": 28, "finish_pos": 12, "car_no": 12, "laps": 68, "start": -1, "led": 0, "points": 0, "bonus": 0, "penality": 0, "practice_pos": 0}}, {"model": "commissioner.raceresult", "pk": 243, "fields": {"createdAt": "2025-03-03T13:53:48.366Z", "user": 1, "updatedAt": "2025-03-03T13:53:48.366Z", "team": null, "race": 13, "driver": 4, "manufacturer": "Ford", "start_pos": 32, "finish_pos": 13, "car_no": 14, "laps": 68, "start": -1, "led": 0, "points": 0, "bonus": 0, "penality": 0, "practice_pos": 0}}, {"model": "commissioner.raceresult", "pk": 244, "fields": {"createdAt": "2025-03-03T13:53:48.366Z", "user": 1, "updatedAt": "2025-03-03T13:53:48.366Z", "team": null, "race": 13, "driver": 24, "manufacturer": "Toyota", "start_pos": 8, "finish_pos": 14, "car_no": 11, "laps": 68, "start": -1, "led": 3, "points": 0, "bonus": 0, "penality": 0, "practice_pos": 0}}, {"model": "commissioner.raceresult", "pk": 245, "fields": {"createdAt": "2025-03-03T13:53:48.367Z", "user": 1, "updatedAt": "2025-03-03T13:53:48.367Z", "team": null, "race": 13, "driver": 29, "manufacturer": "Toyota", "start_pos": 10, "finish_pos": 15, "car_no": 23, "laps": 68, "start": -1, "led": 0, "points": 0, "bonus": 0, "penality": 0, "practice_pos": 0}}, {"model": "commissioner.raceresult", "pk": 246, "fields": {"createdAt": "2025-03-03T13:53:48.368Z", "user": 1, "updatedAt": "2025-03-03T13:53:48.368Z", "team": null, "race": 13, "driver": 15, "manufacturer": "Chevrolet", "start_pos": 9, "finish_pos": 16, "car_no": 9, "laps": 68, "start": -1, "led": 0, "points": 0, "bonus": 0, "penality": 0, "practice_pos": 0}}, {"model": "commissioner.raceresult", "pk": 247, "fields": {"createdAt": "2025-03-03T13:53:48.369Z", "user": 1, "updatedAt": "2025-03-03T13:53:48.369Z", "team": null, "race": 13, "driver": 20, "manufacturer": "Chevrolet", "start_pos": 15, "finish_pos": 17, "car_no": 5, "laps": 68, "start": -1, "led": 0, "points": 0, "bonus": 0, "penality": 0, "practice_pos": 0}}, {"model": "commissioner.raceresult", "pk": 248, "fields": {"createdAt": "2025-03-03T13:53:48.370Z", "user": 1, "updatedAt": "2025-03-03T13:53:48.370Z", "team": null, "race": 13, "driver": 8, "manufacturer": "Ford", "start_pos": 11, "finish_pos": 18, "car_no": 2, "laps": 68, "start": -1, "led": 0, "points": 0, "bonus": 0, "penality": 0, "practice_pos": 0}}, {"model": "commissioner.raceresult", "pk": 249, "fields": {"createdAt": "2025-03-03T13:53:48.370Z", "user": 1, "updatedAt": "2025-03-03T13:53:48.370Z", "team": null, "race": 13, "driver": 36, "manufacturer": "Chevrolet", "start_pos": 34, "finish_pos": 19, "car_no": 71, "laps": 68, "start": -1, "led": 0, "points": 0, "bonus": 0, "penality": 0, "practice_pos": 0}}, {"model": "commissioner.raceresult", "pk": 250, "fields": {"createdAt": "2025-03-03T13:53:48.371Z", "user": 1, "updatedAt": "2025-03-03T13:53:48.371Z", "team": null, "race": 13, "driver": 33, "manufacturer": "Chevrolet", "start_pos": 12, "finish_pos": 20, "car_no": 16, "laps": 68, "start": -1, "led": 0, "points": 0, "bonus": 0, "penality": 0, "practice_pos": 0}}, {"model": "commissioner.raceresult", "pk": 251, "fields": {"createdAt": "2025-03-03T13:53:48.372Z", "user": 1, "updatedAt": "2025-03-03T13:53:48.372Z", "team": null, "race": 13, "driver": 5, "manufacturer": "Toyota", "start_pos": 22, "finish_pos": 21, "car_no": 42, "laps": 68, "start": -1, "led": 0, "points": 0, "bonus": 0, "penality": 0, "practice_pos": 0}}, {"model": "commissioner.raceresult", "pk": 252, "fields": {"createdAt": "2025-03-03T13:53:48.373Z", "user": 1, "updatedAt": "2025-03-03T13:53:48.373Z", "team": null, "race": 13, "driver": 30, "manufacturer": "Chevrolet", "start_pos": 18, "finish_pos": 22, "car_no": 77, "laps": 68, "start": -1, "led": 0, "points": 0, "bonus": 0, "penality": 0, "practice_pos": 0}}, {"model": "commissioner.raceresult", "pk": 253, "fields": {"createdAt": "2025-03-03T13:53:48.374Z", "user": 1, "updatedAt": "2025-03-03T13:53:48.374Z", "team": null, "race": 13, "driver": 32, "manufacturer": "Ford", "start_pos": 24, "finish_pos": 23, "car_no": 41, "laps": 68, "start": -1, "led": 0, "points": 0, "bonus": 0, "penality": 0, "practice_pos": 0}}, {"model": "commissioner.raceresult", "pk": 254, "fields": {"createdAt": "2025-03-03T13:53:48.374Z", "user": 1, "updatedAt": "2025-03-03T13:53:48.374Z", "team": null, "race": 13, "driver": 22, "manufacturer": "Chevrolet", "start_pos": 5, "finish_pos": 24, "car_no": 7, "laps": 68, "start": -1, "led": 0, "points": 0, "bonus": 0, "penality": 0, "practice_pos": 0}}, {"model": "commissioner.raceresult", "pk": 255, "fields": {"createdAt": "2025-03-03T13:53:48.375Z", "user": 1, "updatedAt": "2025-03-03T13:53:48.375Z", "team": null, "race": 13, "driver": 23, "manufacturer": "Chevrolet", "start_pos": 21, "finish_pos": 25, "car_no": 3, "laps": 68, "start": -1, "led": 0, "points": 0, "bonus": 0, "penality": 0, "practice_pos": 0}}, {"model": "commissioner.raceresult", "pk": 256, "fields": {"createdAt": "2025-03-03T13:53:48.376Z", "user": 1, "updatedAt": "2025-03-03T13:53:48.376Z", "team": null, "race": 13, "driver": 27, "manufacturer": "Ford", "start_pos": 26, "finish_pos": 26, "car_no": 38, "laps": 68, "start": -1, "led": 0, "points": 0, "bonus": 0, "penality": 0, "practice_pos": 0}}, {"model": "commissioner.raceresult", "pk": 257, "fields": {"createdAt": "2025-03-03T13:53:48.377Z", "user": 1, "updatedAt": "2025-03-03T13:53:48.377Z", "team": null, "race": 13, "driver": 45, "manufacturer": "Ford", "start_pos": 23, "finish_pos": 27, "car_no": 15, "laps": 68, "start": -1, "led": 0, "points": 0, "bonus": 0, "penality": 0, "practice_pos": 0}}, {"model": "commissioner.raceresult", "pk": 258, "fields": {"createdAt": "2025-03-03T13:53:48.377Z", "user": 1, "updatedAt": "2025-03-03T13:53:48.377Z", "team": null, "race": 13, "driver": 18, "manufacturer": "Chevrolet", "start_pos": 30, "finish_pos": 28, "car_no": 47, "laps": 68, "start": -1, "led": 0, "points": 0, "bonus": 0, "penality": 0, "practice_pos": 0}}, {"model": "commissioner.raceresult", "pk": 259, "fields": {"createdAt": "2025-03-03T13:53:48.378Z", "user": 1, "updatedAt": "2025-03-03T13:53:48.378Z", "team": null, "race": 13, "driver": 48, "manufacturer": "Chevrolet", "start_pos": 25, "finish_pos": 29, "car_no": 50, "laps": 68, "start": -1, "led": 0, "points": 0, "bonus": 0, "penality": 0, "practice_pos": 0}}, {"model": "commissioner.raceresult", "pk": 260, "fields": {"createdAt": "2025-03-03T13:53:48.379Z", "user": 1, "updatedAt": "2025-03-03T13:53:48.379Z", "team": null, "race": 13, "driver": 44, "manufacturer": "Ford", "start_pos": 29, "finish_pos": 30, "car_no": 21, "laps": 68, "start": -1, "led": 0, "points": 0, "bonus": 0, "penality": 0, "practice_pos": 0}}, {"model": "commissioner.raceresult", "pk": 261, "fields": {"createdAt": "2025-03-03T13:53:48.379Z", "user": 1, "updatedAt": "2025-03-03T13:53:48.379Z", "team": null, "race": 13, "driver": 13, "manufacturer": "Chevrolet", "start_pos": 19, "finish_pos": 31, "car_no": 99, "laps": 68, "start": -1, "led": 0, "points": 0, "bonus": 0, "penality": 0, "practice_pos": 0}}, {"model": "commissioner.raceresult", "pk": 262, "fields": {"createdAt": "2025-03-03T13:53:48.380Z", "user": 1, "updatedAt": "2025-03-03T13:53:48.380Z", "team": null, "race": 13, "driver": 12, "manufacturer": "Toyota", "start_pos": 38, "finish_pos": 32, "car_no": 43, "laps": 68, "start": -1, "led": 0, "points": 0, "bonus": 0, "penality": 0, "practice_pos": 0}}, {"model": "commissioner.raceresult", "pk": 263, "fields": {"createdAt": "2025-03-03T13:53:48.381Z", "user": 1, "updatedAt": "2025-03-03T13:53:48.381Z", "team": null, "race": 13, "driver": 26, "manufacturer": "Ford", "start_pos": 36, "finish_pos": 33, "car_no": 6, "laps": 68, "start": -1, "led": 0, "points": 0, "bonus": 0, "penality": 0, "practice_pos": 0}}, {"model": "commissioner.raceresult", "pk": 264, "fields": {"createdAt": "2025-03-03T13:53:48.382Z", "user": 1, "updatedAt": "2025-03-03T13:53:48.382Z", "team": null, "race": 13, "driver": 28, "manufacturer": "Ford", "start_pos": 39, "finish_pos": 34, "car_no": 10, "laps": 67, "start": -1, "led": 0, "points": 0, "bonus": 0, "penality": 0, "practice_pos": 0}}, {"model": "commissioner.raceresult", "pk": 265, "fields": {"createdAt": "2025-03-03T13:53:48.382Z", "user": 1, "updatedAt": "2025-03-03T13:53:48.382Z", "team": null, "race": 13, "driver": 37, "manufacturer": "Ford", "start_pos": 31, "finish_pos": 35, "car_no": 4, "laps": 67, "start": -1, "led": 0, "points": 0, "bonus": 0, "penality": 0, "practice_pos": 0}}, {"model": "commissioner.raceresult", "pk": 266, "fields": {"createdAt": "2025-03-03T13:53:48.383Z", "user": 1, "updatedAt": "2025-03-03T13:53:48.383Z", "team": null, "race": 13, "driver": 49, "manufacturer": "Ford", "start_pos": 37, "finish_pos": 36, "car_no": 66, "laps": 66, "start": -1, "led": 0, "points": 0, "bonus": 0, "penality": 0, "practice_pos": 0}}, {"model": "commissioner.raceresult", "pk": 267, "fields": {"createdAt": "2025-03-03T13:53:48.384Z", "user": 1, "updatedAt": "2025-03-03T13:53:48.384Z", "team": null, "race": 13, "driver": 46, "manufacturer": "Chevrolet", "start_pos": 33, "finish_pos": 37, "car_no": 10, "laps": 66, "start": -1, "led": 0, "points": 0, "bonus": 0, "penality": 0, "practice_pos": 0}}, {"model": "commissioner.raceresult", "pk": 268, "fields": {"createdAt": "2025-03-03T13:53:48.384Z", "user": 1, "updatedAt": "2025-03-03T13:53:48.384Z", "team": null, "race": 13, "driver": 11, "manufacturer": "Ford", "start_pos": 27, "finish_pos": 38, "car_no": 34, "laps": 51, "start": -1, "led": 0, "points": 0, "bonus": 0, "penality": 0, "practice_pos": 0}}, {"model": "commissioner.raceresult", "pk": 269, "fields": {"createdAt": "2025-03-03T13:53:48.385Z", "user": 1, "updatedAt": "2025-03-03T13:53:48.385Z", "team": null, "race": 13, "driver": 19, "manufacturer": "Ford", "start_pos": 13, "finish_pos": 39, "car_no": 51, "laps": 68, "start": -1, "led": 0, "points": 0, "bonus": 0, "penality": 0, "practice_pos": 0}}, {"model": "commissioner.raceresult", "pk": 270, "fields": {"createdAt": "2025-03-03T13:53:48.389Z", "user": 1, "updatedAt": "2025-03-03T13:53:48.389Z", "team": null, "race": 1, "driver": 1, "manufacturer": "Chevrolet", "start_pos": 5, "finish_pos": 1, "car_no": 24, "laps": 201, "start": -1, "led": 10, "points": 0, "bonus": 0, "penality": 0, "practice_pos": 0}}, {"model": "commissioner.raceresult", "pk": 271, "fields": {"createdAt": "2025-03-03T13:53:48.389Z", "user": 1, "updatedAt": "2025-03-03T13:53:48.389Z", "team": null, "race": 1, "driver": 2, "manufacturer": "Toyota", "start_pos": 11, "finish_pos": 2, "car_no": 45, "laps": 201, "start": -1, "led": 0, "points": 0, "bonus": 0, "penality": 0, "practice_pos": 0}}, {"model": "commissioner.raceresult", "pk": 272, "fields": {"createdAt": "2025-03-03T13:53:48.390Z", "user": 1, "updatedAt": "2025-03-03T13:53:48.390Z", "team": null, "race": 1, "driver": 3, "manufacturer": "Toyota", "start_pos": 40, "finish_pos": 3, "car_no": 84, "laps": 201, "start": -1, "led": 0, "points": 0, "bonus": 0, "penality": 0, "practice_pos": 0}}, {"model": "commissioner.raceresult", "pk": 273, "fields": {"createdAt": "2025-03-03T13:53:48.390Z", "user": 1, "updatedAt": "2025-03-03T13:53:48.390Z", "team": null, "race": 1, "driver": 4, "manufacturer": "Toyota", "start_pos": 1, "finish_pos": 4, "car_no": 19, "laps": 201, "start": -1, "led": 4, "points": 0, "bonus": 0, "penality": 0, "practice_pos": 0}}, {"model": "commissioner.raceresult", "pk": 274, "fields": {"createdAt": "2025-03-03T13:53:48.391Z", "user": 1, "updatedAt": "2025-03-03T13:53:48.391Z", "team": null, "race": 1, "driver": 5, "manufacturer": "Toyota", "start_pos": 18, "finish_pos": 5, "car_no": 42, "laps": 201, "start": -1, "led": 0, "points": 0, "bonus": 0, "penality": 0, "practice_pos": 0}}, {"model": "commissioner.raceresult", "pk": 275, "fields": {"createdAt": "2025-03-03T13:53:48.392Z", "user": 1, "updatedAt": "2025-03-03T13:53:48.392Z", "team": null, "race": 1, "driver": 6, "manufacturer": "Chevrolet", "start_pos": 38, "finish_pos": 6, "car_no": 48, "laps": 201, "start": -1, "led": 11, "points": 0, "bonus": 0, "penality": 0, "practice_pos": 0}}, {"model": "commissioner.raceresult", "pk": 276, "fields": {"createdAt": "2025-03-03T13:53:48.392Z", "user": 1, "updatedAt": "2025-03-03T13:53:48.392Z", "team": null, "race": 1, "driver": 7, "manufacturer": "Ford", "start_pos": 16, "finish_pos": 7, "car_no": 12, "laps": 201, "start": -1, "led": 23, "points": 0, "bonus": 0, "penality": 0, "practice_pos": 0}}, {"model": "commissioner.raceresult", "pk": 277, "fields": {"createdAt": "2025-03-03T13:53:48.393Z", "user": 1, "updatedAt": "2025-03-03T13:53:48.393Z", "team": null, "race": 1, "driver": 8, "manufacturer": "Ford", "start_pos": 2, "finish_pos": 8, "car_no": 2, "laps": 201, "start": -1, "led": 59, "points": 0, "bonus": 0, "penality": 0, "practice_pos": 0}}, {"model": "commissioner.raceresult", "pk": 278, "fields": {"createdAt": "2025-03-03T13:53:48.394Z", "user": 1, "updatedAt": "2025-03-03T13:53:48.394Z", "team": null, "race": 1, "driver": 9, "manufacturer": "Chevrolet", "start_pos": 19, "finish_pos": 9, "car_no": 40, "laps": 201, "start": -1, "led": 0, "points": 0, "bonus": 0, "penality": 0, "practice_pos": 0}}, {"model": "commissioner.raceresult", "pk": 279, "fields": {"createdAt": "2025-03-03T13:53:48.394Z", "user": 1, "updatedAt": "2025-03-03T13:53:48.394Z", "team": null, "race": 1, "driver": 10, "manufacturer": "Ford", "start_pos": 6, "finish_pos": 10, "car_no": 17, "laps": 201, "start": -1, "led": 0, "points": 0, "bonus": 0, "penality": 0, "practice_pos": 0}}, {"model": "commissioner.raceresult", "pk": 280, "fields": {"createdAt": "2025-03-03T13:53:48.395Z", "user": 1, "updatedAt": "2025-03-03T13:53:48.395Z", "team": null, "race": 1, "driver": 11, "manufacturer": "Chevrolet", "start_pos": 25, "finish_pos": 11, "car_no": 71, "laps": 201, "start": -1, "led": 4, "points": 0, "bonus": 0, "penality": 0, "practice_pos": 0}}, {"model": "commissioner.raceresult", "pk": 281, "fields": {"createdAt": "2025-03-03T13:53:48.395Z", "user": 1, "updatedAt": "2025-03-03T13:53:48.395Z", "team": null, "race": 1, "driver": 12, "manufacturer": "Toyota", "start_pos": 4, "finish_pos": 12, "car_no": 43, "laps": 201, "start": -1, "led": 0, "points": 0, "bonus": 0, "penality": 0, "practice_pos": 0}}, {"model": "commissioner.raceresult", "pk": 282, "fields": {"createdAt": "2025-03-03T13:53:48.396Z", "user": 1, "updatedAt": "2025-03-03T13:53:48.396Z", "team": null, "race": 1, "driver": 13, "manufacturer": "Chevrolet", "start_pos": 36, "finish_pos": 13, "car_no": 99, "laps": 201, "start": -1, "led": 0, "points": 0, "bonus": 0, "penality": 0, "practice_pos": 0}}, {"model": "commissioner.raceresult", "pk": 283, "fields": {"createdAt": "2025-03-03T13:53:48.397Z", "user": 1, "updatedAt": "2025-03-03T13:53:48.397Z", "team": null, "race": 1, "driver": 14, "manufacturer": "Chevrolet", "start_pos": 7, "finish_pos": 14, "car_no": 10, "laps": 201, "start": -1, "led": 3, "points": 0, "bonus": 0, "penality": 0, "practice_pos": 0}}, {"model": "commissioner.raceresult", "pk": 284, "fields": {"createdAt": "2025-03-03T13:53:48.398Z", "user": 1, "updatedAt": "2025-03-03T13:53:48.398Z", "team": null, "race": 1, "driver": 15, "manufacturer": "Chevrolet", "start_pos": 17, "finish_pos": 15, "car_no": 9, "laps": 201, "start": -1, "led": 2, "points": 0, "bonus": 0, "penality": 0, "practice_pos": 0}}, {"model": "commissioner.raceresult", "pk": 285, "fields": {"createdAt": "2025-03-03T13:53:48.398Z", "user": 1, "updatedAt": "2025-03-03T13:53:48.398Z", "team": null, "race": 1, "driver": 16, "manufacturer": "Toyota", "start_pos": 23, "finish_pos": 16, "car_no": 54, "laps": 201, "start": -1, "led": 0, "points": 0, "bonus": 0, "penality": 0, "practice_pos": 0}}, {"model": "commissioner.raceresult", "pk": 286, "fields": {"createdAt": "2025-03-03T13:53:48.399Z", "user": 1, "updatedAt": "2025-03-03T13:53:48.399Z", "team": null, "race": 1, "driver": 17, "manufacturer": "Toyota", "start_pos": 24, "finish_pos": 17, "car_no": 35, "laps": 201, "start": -1, "led": 0, "points": 0, "bonus": 0, "penality": 0, "practice_pos": 0}}, {"model": "commissioner.raceresult", "pk": 287, "fields": {"createdAt": "2025-03-03T13:53:48.400Z", "user": 1, "updatedAt": "2025-03-03T13:53:48.400Z", "team": null, "race": 1, "driver": 18, "manufacturer": "Chevrolet", "start_pos": 31, "finish_pos": 18, "car_no": 47, "laps": 201, "start": -1, "led": 0, "points": 0, "bonus": 0, "penality": 0, "practice_pos": 0}}, {"model": "commissioner.raceresult", "pk": 288, "fields": {"createdAt": "2025-03-03T13:53:48.401Z", "user": 1, "updatedAt": "2025-03-03T13:53:48.401Z", "team": null, "race": 1, "driver": 19, "manufacturer": "Chevrolet", "start_pos": 35, "finish_pos": 19, "car_no": 7, "laps": 201, "start": -1, "led": 0, "points": 0, "bonus": 0, "penality": 0, "practice_pos": 0}}, {"model": "commissioner.raceresult", "pk": 289, "fields": {"createdAt": "2025-03-03T13:53:48.401Z", "user": 1, "updatedAt": "2025-03-03T13:53:48.401Z", "team": null, "race": 1, "driver": 20, "manufacturer": "Chevrolet", "start_pos": 22, "finish_pos": 20, "car_no": 5, "laps": 201, "start": -1, "led": 0, "points": 0, "bonus": 0, "penality": 0, "practice_pos": 0}}, {"model": "commissioner.raceresult", "pk": 290, "fields": {"createdAt": "2025-03-03T13:53:48.402Z", "user": 1, "updatedAt": "2025-03-03T13:53:48.402Z", "team": null, "race": 1, "driver": 21, "manufacturer": "Ford", "start_pos": 30, "finish_pos": 21, "car_no": 41, "laps": 201, "start": -1, "led": 0, "points": 0, "bonus": 0, "penality": 0, "practice_pos": 0}}, {"model": "commissioner.raceresult", "pk": 291, "fields": {"createdAt": "2025-03-03T13:53:48.402Z", "user": 1, "updatedAt": "2025-03-03T13:53:48.402Z", "team": null, "race": 1, "driver": 22, "manufacturer": "Ford", "start_pos": 12, "finish_pos": 22, "car_no": 1, "laps": 201, "start": -1, "led": 10, "points": 0, "bonus": 0, "penality": 0, "practice_pos": 0}}, {"model": "commissioner.raceresult", "pk": 292, "fields": {"createdAt": "2025-03-03T13:53:48.403Z", "user": 1, "updatedAt": "2025-03-03T13:53:48.403Z", "team": null, "race": 1, "driver": 23, "manufacturer": "Chevrolet", "start_pos": 15, "finish_pos": 23, "car_no": 3, "laps": 201, "start": -1, "led": 0, "points": 0, "bonus": 0, "penality": 0, "practice_pos": 0}}, {"model": "commissioner.raceresult", "pk": 293, "fields": {"createdAt": "2025-03-03T13:53:48.404Z", "user": 1, "updatedAt": "2025-03-03T13:53:48.404Z", "team": null, "race": 1, "driver": 24, "manufacturer": "Toyota", "start_pos": 8, "finish_pos": 24, "car_no": 11, "laps": 201, "start": -1, "led": 6, "points": 0, "bonus": 0, "penality": 0, "practice_pos": 0}}, {"model": "commissioner.raceresult", "pk": 294, "fields": {"createdAt": "2025-03-03T13:53:48.405Z", "user": 1, "updatedAt": "2025-03-03T13:53:48.405Z", "team": null, "race": 1, "driver": 25, "manufacturer": "Ford", "start_pos": 28, "finish_pos": 25, "car_no": 51, "laps": 200, "start": -1, "led": 0, "points": 0, "bonus": 0, "penality": 0, "practice_pos": 0}}, {"model": "commissioner.raceresult", "pk": 295, "fields": {"createdAt": "2025-03-03T13:53:48.405Z", "user": 1, "updatedAt": "2025-03-03T13:53:48.405Z", "team": null, "race": 1, "driver": 26, "manufacturer": "Ford", "start_pos": 34, "finish_pos": 26, "car_no": 6, "laps": 200, "start": -1, "led": 0, "points": 0, "bonus": 0, "penality": 0, "practice_pos": 0}}, {"model": "commissioner.raceresult", "pk": 296, "fields": {"createdAt": "2025-03-03T13:53:48.406Z", "user": 1, "updatedAt": "2025-03-03T13:53:48.406Z", "team": null, "race": 1, "driver": 27, "manufacturer": "Ford", "start_pos": 14, "finish_pos": 27, "car_no": 34, "laps": 199, "start": -1, "led": 0, "points": 0, "bonus": 0, "penality": 0, "practice_pos": 0}}, {"model": "commissioner.raceresult", "pk": 297, "fields": {"createdAt": "2025-03-03T13:53:48.407Z", "user": 1, "updatedAt": "2025-03-03T13:53:48.407Z", "team": null, "race": 1, "driver": 28, "manufacturer": "Ford", "start_pos": 32, "finish_pos": 28, "car_no": 4, "laps": 198, "start": -1, "led": 2, "points": 0, "bonus": 0, "penality": 0, "practice_pos": 0}}, {"model": "commissioner.raceresult", "pk": 298, "fields": {"createdAt": "2025-03-03T13:53:48.407Z", "user": 1, "updatedAt": "2025-03-03T13:53:48.407Z", "team": null, "race": 1, "driver": 29, "manufacturer": "Toyota", "start_pos": 3, "finish_pos": 29, "car_no": 23, "laps": 197, "start": -1, "led": 18, "points": 0, "bonus": 0, "penality": 0, "practice_pos": 0}}, {"model": "commissioner.raceresult", "pk": 299, "fields": {"createdAt": "2025-03-03T13:53:48.408Z", "user": 1, "updatedAt": "2025-03-03T13:53:48.408Z", "team": null, "race": 1, "driver": 30, "manufacturer": "Chevrolet", "start_pos": 33, "finish_pos": 30, "car_no": 77, "laps": 196, "start": -1, "led": 1, "points": 0, "bonus": 0, "penality": 0, "practice_pos": 0}}, {"model": "commissioner.raceresult", "pk": 300, "fields": {"createdAt": "2025-03-03T13:53:48.408Z", "user": 1, "updatedAt": "2025-03-03T13:53:48.408Z", "team": null, "race": 1, "driver": 31, "manufacturer": "Toyota", "start_pos": 20, "finish_pos": 31, "car_no": 20, "laps": 195, "start": -1, "led": 0, "points": 0, "bonus": 0, "penality": 0, "practice_pos": 0}}, {"model": "commissioner.raceresult", "pk": 301, "fields": {"createdAt": "2025-03-03T13:53:48.409Z", "user": 1, "updatedAt": "2025-03-03T13:53:48.409Z", "team": null, "race": 1, "driver": 32, "manufacturer": "Ford", "start_pos": 27, "finish_pos": 32, "car_no": 60, "laps": 195, "start": -1, "led": 6, "points": 0, "bonus": 0, "penality": 0, "practice_pos": 0}}, {"model": "commissioner.raceresult", "pk": 302, "fields": {"createdAt": "2025-03-03T13:53:48.409Z", "user": 1, "updatedAt": "2025-03-03T13:53:48.409Z", "team": null, "race": 1, "driver": 33, "manufacturer": "Chevrolet", "start_pos": 26, "finish_pos": 33, "car_no": 88, "laps": 193, "start": -1, "led": 0, "points": 0, "bonus": 0, "penality": 0, "practice_pos": 0}}, {"model": "commissioner.raceresult", "pk": 303, "fields": {"createdAt": "2025-03-03T13:53:48.410Z", "user": 1, "updatedAt": "2025-03-03T13:53:48.410Z", "team": null, "race": 1, "driver": 34, "manufacturer": "Chevrolet", "start_pos": 21, "finish_pos": 34, "car_no": 8, "laps": 186, "start": -1, "led": 0, "points": 0, "bonus": 0, "penality": 0, "practice_pos": 0}}, {"model": "commissioner.raceresult", "pk": 304, "fields": {"createdAt": "2025-03-03T13:53:48.411Z", "user": 1, "updatedAt": "2025-03-03T13:53:48.411Z", "team": null, "race": 1, "driver": 35, "manufacturer": "Ford", "start_pos": 10, "finish_pos": 35, "car_no": 22, "laps": 185, "start": -1, "led": 43, "points": 0, "bonus": 0, "penality": 0, "practice_pos": 0}}, {"model": "commissioner.raceresult", "pk": 305, "fields": {"createdAt": "2025-03-03T13:53:48.411Z", "user": 1, "updatedAt": "2025-03-03T13:53:48.411Z", "team": null, "race": 1, "driver": 36, "manufacturer": "Ford", "start_pos": 37, "finish_pos": 36, "car_no": 38, "laps": 108, "start": -1, "led": 0, "points": 0, "bonus": 0, "penality": 0, "practice_pos": 0}}, {"model": "commissioner.raceresult", "pk": 306, "fields": {"createdAt": "2025-03-03T13:53:48.412Z", "user": 1, "updatedAt": "2025-03-03T13:53:48.412Z", "team": null, "race": 1, "driver": 37, "manufacturer": "Ford", "start_pos": 29, "finish_pos": 37, "car_no": 21, "laps": 105, "start": -1, "led": 0, "points": 0, "bonus": 0, "penality": 0, "practice_pos": 0}}, {"model": "commissioner.raceresult", "pk": 307, "fields": {"createdAt": "2025-03-03T13:53:48.413Z", "user": 1, "updatedAt": "2025-03-03T13:53:48.413Z", "team": null, "race": 1, "driver": 38, "manufacturer": "Toyota", "start_pos": 39, "finish_pos": 38, "car_no": 56, "laps": 71, "start": -1, "led": 0, "points": 0, "bonus": 0, "penality": 0, "practice_pos": 0}}, {"model": "commissioner.raceresult", "pk": 308, "fields": {"createdAt": "2025-03-03T13:53:48.414Z", "user": 1, "updatedAt": "2025-03-03T13:53:48.414Z", "team": null, "race": 1, "driver": 39, "manufacturer": "Chevrolet", "start_pos": 41, "finish_pos": 39, "car_no": 91, "laps": 70, "start": -1, "led": 0, "points": 0, "bonus": 0, "penality": 0, "practice_pos": 0}}, {"model": "commissioner.raceresult", "pk": 309, "fields": {"createdAt": "2025-03-03T13:53:48.415Z", "user": 1, "updatedAt": "2025-03-03T13:53:48.415Z", "team": null, "race": 1, "driver": 40, "manufacturer": "Chevrolet", "start_pos": 9, "finish_pos": 40, "car_no": 1, "laps": 70, "start": -1, "led": 0, "points": 0, "bonus": 0, "penality": 0, "practice_pos": 0}}, {"model": "commissioner.raceresult", "pk": 310, "fields": {"createdAt": "2025-03-03T13:53:48.415Z", "user": 1, "updatedAt": "2025-03-03T13:53:48.415Z", "team": null, "race": 1, "driver": 41, "manufacturer": "Chevrolet", "start_pos": 13, "finish_pos": 41, "car_no": 16, "laps": 42, "start": -1, "led": 0, "points": 0, "bonus": 0, "penality": 0, "practice_pos": 0}}, {"model": "commissioner.raceresult", "pk": 311, "fields": {"createdAt": "2025-03-05T14:20:40.079Z", "user": 1, "updatedAt": "2025-03-05T14:20:40.079Z", "team": null, "race": 14, "driver": 31, "manufacturer": "Toyota", "start_pos": 13, "finish_pos": 1, "car_no": 20, "laps": 312, "start": -1, "led": 50, "points": 0, "bonus": 0, "penality": 0, "practice_pos": 0}}, {"model": "commissioner.raceresult", "pk": 312, "fields": {"createdAt": "2025-03-05T14:20:40.082Z", "user": 1, "updatedAt": "2025-03-05T14:20:40.082Z", "team": null, "race": 14, "driver": 10, "manufacturer": "Ford", "start_pos": 14, "finish_pos": 2, "car_no": 17, "laps": 312, "start": -1, "led": 0, "points": 0, "bonus": 0, "penality": 0, "practice_pos": 0}}, {"model": "commissioner.raceresult", "pk": 313, "fields": {"createdAt": "2025-03-05T14:20:40.082Z", "user": 1, "updatedAt": "2025-03-05T14:20:40.082Z", "team": null, "race": 14, "driver": 16, "manufacturer": "Toyota", "start_pos": 2, "finish_pos": 3, "car_no": 54, "laps": 312, "start": -1, "led": 57, "points": 0, "bonus": 0, "penality": 0, "practice_pos": 0}}, {"model": "commissioner.raceresult", "pk": 314, "fields": {"createdAt": "2025-03-05T14:20:40.083Z", "user": 1, "updatedAt": "2025-03-05T14:20:40.083Z", "team": null, "race": 14, "driver": 26, "manufacturer": "Ford", "start_pos": 18, "finish_pos": 4, "car_no": 6, "laps": 312, "start": -1, "led": 0, "points": 0, "bonus": 0, "penality": 0, "practice_pos": 0}}, {"model": "commissioner.raceresult", "pk": 315, "fields": {"createdAt": "2025-03-05T14:20:40.084Z", "user": 1, "updatedAt": "2025-03-05T14:20:40.084Z", "team": null, "race": 14, "driver": 7, "manufacturer": "Ford", "start_pos": 16, "finish_pos": 5, "car_no": 12, "laps": 312, "start": -1, "led": 0, "points": 0, "bonus": 0, "penality": 0, "practice_pos": 0}}, {"model": "commissioner.raceresult", "pk": 316, "fields": {"createdAt": "2025-03-05T14:20:40.085Z", "user": 1, "updatedAt": "2025-03-05T14:20:40.085Z", "team": null, "race": 14, "driver": 40, "manufacturer": "Chevrolet", "start_pos": 12, "finish_pos": 6, "car_no": 1, "laps": 312, "start": -1, "led": 0, "points": 0, "bonus": 0, "penality": 0, "practice_pos": 0}}, {"model": "commissioner.raceresult", "pk": 317, "fields": {"createdAt": "2025-03-05T14:20:40.086Z", "user": 1, "updatedAt": "2025-03-05T14:20:40.086Z", "team": null, "race": 14, "driver": 38, "manufacturer": "Toyota", "start_pos": 11, "finish_pos": 7, "car_no": 19, "laps": 312, "start": -1, "led": 55, "points": 0, "bonus": 0, "penality": 0, "practice_pos": 0}}, {"model": "commissioner.raceresult", "pk": 318, "fields": {"createdAt": "2025-03-05T14:20:40.087Z", "user": 1, "updatedAt": "2025-03-05T14:20:40.087Z", "team": null, "race": 14, "driver": 11, "manufacturer": "Ford", "start_pos": 9, "finish_pos": 8, "car_no": 34, "laps": 312, "start": -1, "led": 0, "points": 0, "bonus": 0, "penality": 0, "practice_pos": 0}}, {"model": "commissioner.raceresult", "pk": 319, "fields": {"createdAt": "2025-03-05T14:20:40.088Z", "user": 1, "updatedAt": "2025-03-05T14:20:40.088Z", "team": null, "race": 14, "driver": 4, "manufacturer": "Ford", "start_pos": 8, "finish_pos": 9, "car_no": 14, "laps": 312, "start": -1, "led": 0, "points": 0, "bonus": 0, "penality": 0, "practice_pos": 0}}, {"model": "commissioner.raceresult", "pk": 320, "fields": {"createdAt": "2025-03-05T14:20:40.088Z", "user": 1, "updatedAt": "2025-03-05T14:20:40.088Z", "team": null, "race": 14, "driver": 2, "manufacturer": "Toyota", "start_pos": 6, "finish_pos": 10, "car_no": 45, "laps": 312, "start": -1, "led": 68, "points": 0, "bonus": 0, "penality": 0, "practice_pos": 0}}, {"model": "commissioner.raceresult", "pk": 321, "fields": {"createdAt": "2025-03-05T14:20:40.089Z", "user": 1, "updatedAt": "2025-03-05T14:20:40.089Z", "team": null, "race": 14, "driver": 24, "manufacturer": "Toyota", "start_pos": 1, "finish_pos": 11, "car_no": 11, "laps": 312, "start": -1, "led": 68, "points": 0, "bonus": 0, "penality": 0, "practice_pos": 0}}, {"model": "commissioner.raceresult", "pk": 322, "fields": {"createdAt": "2025-03-05T14:20:40.090Z", "user": 1, "updatedAt": "2025-03-05T14:20:40.090Z", "team": null, "race": 14, "driver": 28, "manufacturer": "Ford", "start_pos": 7, "finish_pos": 12, "car_no": 10, "laps": 312, "start": -1, "led": 0, "points": 0, "bonus": 0, "penality": 0, "practice_pos": 0}}, {"model": "commissioner.raceresult", "pk": 323, "fields": {"createdAt": "2025-03-05T14:20:40.090Z", "user": 1, "updatedAt": "2025-03-05T14:20:40.090Z", "team": null, "race": 14, "driver": 13, "manufacturer": "Chevrolet", "start_pos": 15, "finish_pos": 13, "car_no": 99, "laps": 312, "start": -1, "led": 0, "points": 0, "bonus": 0, "penality": 0, "practice_pos": 0}}, {"model": "commissioner.raceresult", "pk": 324, "fields": {"createdAt": "2025-03-05T14:20:40.091Z", "user": 1, "updatedAt": "2025-03-05T14:20:40.091Z", "team": null, "race": 14, "driver": 20, "manufacturer": "Chevrolet", "start_pos": 17, "finish_pos": 14, "car_no": 5, "laps": 312, "start": -1, "led": 0, "points": 0, "bonus": 0, "penality": 0, "practice_pos": 0}}, {"model": "commissioner.raceresult", "pk": 325, "fields": {"createdAt": "2025-03-05T14:20:40.092Z", "user": 1, "updatedAt": "2025-03-05T14:20:40.092Z", "team": null, "race": 14, "driver": 30, "manufacturer": "Chevrolet", "start_pos": 10, "finish_pos": 15, "car_no": 77, "laps": 312, "start": -1, "led": 0, "points": 0, "bonus": 0, "penality": 0, "practice_pos": 0}}, {"model": "commissioner.raceresult", "pk": 326, "fields": {"createdAt": "2025-03-05T14:20:40.093Z", "user": 1, "updatedAt": "2025-03-05T14:20:40.093Z", "team": null, "race": 14, "driver": 29, "manufacturer": "Toyota", "start_pos": 22, "finish_pos": 16, "car_no": 23, "laps": 312, "start": -1, "led": 0, "points": 0, "bonus": 0, "penality": 0, "practice_pos": 0}}, {"model": "commissioner.raceresult", "pk": 327, "fields": {"createdAt": "2025-03-05T14:20:40.093Z", "user": 1, "updatedAt": "2025-03-05T14:20:40.093Z", "team": null, "race": 14, "driver": 27, "manufacturer": "Ford", "start_pos": 29, "finish_pos": 17, "car_no": 38, "laps": 312, "start": -1, "led": 14, "points": 0, "bonus": 0, "penality": 0, "practice_pos": 0}}, {"model": "commissioner.raceresult", "pk": 328, "fields": {"createdAt": "2025-03-05T14:20:40.094Z", "user": 1, "updatedAt": "2025-03-05T14:20:40.094Z", "team": null, "race": 14, "driver": 1, "manufacturer": "Chevrolet", "start_pos": 5, "finish_pos": 18, "car_no": 24, "laps": 312, "start": -1, "led": 0, "points": 0, "bonus": 0, "penality": 0, "practice_pos": 0}}, {"model": "commissioner.raceresult", "pk": 329, "fields": {"createdAt": "2025-03-05T14:20:40.095Z", "user": 1, "updatedAt": "2025-03-05T14:20:40.095Z", "team": null, "race": 14, "driver": 15, "manufacturer": "Chevrolet", "start_pos": 3, "finish_pos": 19, "car_no": 9, "laps": 312, "start": -1, "led": 0, "points": 0, "bonus": 0, "penality": 0, "practice_pos": 0}}, {"model": "commissioner.raceresult", "pk": 330, "fields": {"createdAt": "2025-03-05T14:20:40.095Z", "user": 1, "updatedAt": "2025-03-05T14:20:40.095Z", "team": null, "race": 14, "driver": 6, "manufacturer": "Chevrolet", "start_pos": 25, "finish_pos": 20, "car_no": 48, "laps": 312, "start": -1, "led": 0, "points": 0, "bonus": 0, "penality": 0, "practice_pos": 0}}, {"model": "commissioner.raceresult", "pk": 331, "fields": {"createdAt": "2025-03-05T14:20:40.096Z", "user": 1, "updatedAt": "2025-03-05T14:20:40.096Z", "team": null, "race": 14, "driver": 18, "manufacturer": "Chevrolet", "start_pos": 20, "finish_pos": 21, "car_no": 47, "laps": 312, "start": -1, "led": 0, "points": 0, "bonus": 0, "penality": 0, "practice_pos": 0}}, {"model": "commissioner.raceresult", "pk": 332, "fields": {"createdAt": "2025-03-05T14:20:40.097Z", "user": 1, "updatedAt": "2025-03-05T14:20:40.097Z", "team": null, "race": 14, "driver": 34, "manufacturer": "Chevrolet", "start_pos": 31, "finish_pos": 22, "car_no": 8, "laps": 311, "start": -1, "led": 0, "points": 0, "bonus": 0, "penality": 0, "practice_pos": 0}}, {"model": "commissioner.raceresult", "pk": 333, "fields": {"createdAt": "2025-03-05T14:20:40.098Z", "user": 1, "updatedAt": "2025-03-05T14:20:40.098Z", "team": null, "race": 14, "driver": 32, "manufacturer": "Ford", "start_pos": 27, "finish_pos": 23, "car_no": 41, "laps": 311, "start": -1, "led": 0, "points": 0, "bonus": 0, "penality": 0, "practice_pos": 0}}, {"model": "commissioner.raceresult", "pk": 334, "fields": {"createdAt": "2025-03-05T14:20:40.099Z", "user": 1, "updatedAt": "2025-03-05T14:20:40.099Z", "team": null, "race": 14, "driver": 19, "manufacturer": "Ford", "start_pos": 33, "finish_pos": 24, "car_no": 51, "laps": 311, "start": -1, "led": 0, "points": 0, "bonus": 0, "penality": 0, "practice_pos": 0}}, {"model": "commissioner.raceresult", "pk": 335, "fields": {"createdAt": "2025-03-05T14:20:40.099Z", "user": 1, "updatedAt": "2025-03-05T14:20:40.099Z", "team": null, "race": 14, "driver": 5, "manufacturer": "Toyota", "start_pos": 19, "finish_pos": 25, "car_no": 42, "laps": 311, "start": -1, "led": 0, "points": 0, "bonus": 0, "penality": 0, "practice_pos": 0}}, {"model": "commissioner.raceresult", "pk": 336, "fields": {"createdAt": "2025-03-05T14:20:40.100Z", "user": 1, "updatedAt": "2025-03-05T14:20:40.100Z", "team": null, "race": 14, "driver": 37, "manufacturer": "Ford", "start_pos": 36, "finish_pos": 26, "car_no": 4, "laps": 310, "start": -1, "led": 0, "points": 0, "bonus": 0, "penality": 0, "practice_pos": 0}}, {"model": "commissioner.raceresult", "pk": 337, "fields": {"createdAt": "2025-03-05T14:20:40.101Z", "user": 1, "updatedAt": "2025-03-05T14:20:40.101Z", "team": null, "race": 14, "driver": 44, "manufacturer": "Ford", "start_pos": 24, "finish_pos": 27, "car_no": 21, "laps": 310, "start": -1, "led": 0, "points": 0, "bonus": 0, "penality": 0, "practice_pos": 0}}, {"model": "commissioner.raceresult", "pk": 338, "fields": {"createdAt": "2025-03-05T14:20:40.101Z", "user": 1, "updatedAt": "2025-03-05T14:20:40.101Z", "team": null, "race": 14, "driver": 46, "manufacturer": "Chevrolet", "start_pos": 21, "finish_pos": 28, "car_no": 10, "laps": 310, "start": -1, "led": 0, "points": 0, "bonus": 0, "penality": 0, "practice_pos": 0}}, {"model": "commissioner.raceresult", "pk": 339, "fields": {"createdAt": "2025-03-05T14:20:40.102Z", "user": 1, "updatedAt": "2025-03-05T14:20:40.102Z", "team": null, "race": 14, "driver": 36, "manufacturer": "Chevrolet", "start_pos": 28, "finish_pos": 29, "car_no": 71, "laps": 309, "start": -1, "led": 0, "points": 0, "bonus": 0, "penality": 0, "practice_pos": 0}}, {"model": "commissioner.raceresult", "pk": 340, "fields": {"createdAt": "2025-03-05T14:20:40.103Z", "user": 1, "updatedAt": "2025-03-05T14:20:40.103Z", "team": null, "race": 14, "driver": 45, "manufacturer": "Ford", "start_pos": 32, "finish_pos": 30, "car_no": 15, "laps": 309, "start": -1, "led": 0, "points": 0, "bonus": 0, "penality": 0, "practice_pos": 0}}, {"model": "commissioner.raceresult", "pk": 341, "fields": {"createdAt": "2025-03-05T14:20:40.104Z", "user": 1, "updatedAt": "2025-03-05T14:20:40.104Z", "team": null, "race": 14, "driver": 12, "manufacturer": "Toyota", "start_pos": 4, "finish_pos": 31, "car_no": 43, "laps": 305, "start": -1, "led": 0, "points": 0, "bonus": 0, "penality": 0, "practice_pos": 0}}, {"model": "commissioner.raceresult", "pk": 342, "fields": {"createdAt": "2025-03-05T14:20:40.104Z", "user": 1, "updatedAt": "2025-03-05T14:20:40.104Z", "team": null, "race": 14, "driver": 23, "manufacturer": "Chevrolet", "start_pos": 30, "finish_pos": 32, "car_no": 3, "laps": 304, "start": -1, "led": 0, "points": 0, "bonus": 0, "penality": 0, "practice_pos": 0}}, {"model": "commissioner.raceresult", "pk": 343, "fields": {"createdAt": "2025-03-05T14:20:40.105Z", "user": 1, "updatedAt": "2025-03-05T14:20:40.105Z", "team": null, "race": 14, "driver": 22, "manufacturer": "Chevrolet", "start_pos": 35, "finish_pos": 33, "car_no": 7, "laps": 204, "start": -1, "led": 0, "points": 0, "bonus": 0, "penality": 0, "practice_pos": 0}}, {"model": "commissioner.raceresult", "pk": 344, "fields": {"createdAt": "2025-03-05T14:20:40.105Z", "user": 1, "updatedAt": "2025-03-05T14:20:40.105Z", "team": null, "race": 14, "driver": 35, "manufacturer": "Ford", "start_pos": 23, "finish_pos": 34, "car_no": 22, "laps": 203, "start": -1, "led": 0, "points": 0, "bonus": 0, "penality": 0, "practice_pos": 0}}, {"model": "commissioner.raceresult", "pk": 345, "fields": {"createdAt": "2025-03-05T14:20:40.108Z", "user": 1, "updatedAt": "2025-03-05T14:20:40.108Z", "team": null, "race": 14, "driver": 51, "manufacturer": "Chevrolet", "start_pos": 26, "finish_pos": 35, "car_no": 16, "laps": 203, "start": -1, "led": 0, "points": 0, "bonus": 0, "penality": 0, "practice_pos": 0}}, {"model": "commissioner.raceresult", "pk": 346, "fields": {"createdAt": "2025-03-05T14:20:40.108Z", "user": 1, "updatedAt": "2025-03-05T14:20:40.108Z", "team": null, "race": 14, "driver": 8, "manufacturer": "Ford", "start_pos": 34, "finish_pos": 36, "car_no": 2, "laps": 6, "start": -1, "led": 0, "points": 0, "bonus": 0, "penality": 0, "practice_pos": 0}}, {"model": "commissioner.bet", "pk": 1, "fields": {"createdAt": "2025-02-27T23:39:52.008Z", "user": 1, "updatedAt": "2025-03-05T15:10:24.588Z", "race": 1, "driver": 1, "player": 1, "finish": 1}}, {"model": "commissioner.bet", "pk": 2, "fields": {"createdAt": "2025-02-27T23:40:18.929Z", "user": 1, "updatedAt": "2025-03-05T15:10:24.585Z", "race": 1, "driver": 7, "player": 2, "finish": 7}}, {"model": "commissioner.bet", "pk": 3, "fields": {"createdAt": "2025-02-27T23:42:23.493Z", "user": 1, "updatedAt": "2025-03-05T15:10:24.555Z", "race": 2, "driver": 7, "player": 2, "finish": 4}}, {"model": "commissioner.bet", "pk": 4, "fields": {"createdAt": "2025-02-27T23:42:43.095Z", "user": 1, "updatedAt": "2025-03-05T15:10:24.558Z", "race": 2, "driver": 8, "player": 1, "finish": 28}}, {"model": "commissioner.bet", "pk": 5, "fields": {"createdAt": "2025-03-03T00:36:14.414Z", "user": 1, "updatedAt": "2025-03-05T15:10:24.577Z", "race": 6, "driver": 2, "player": 1, "finish": 3}}, {"model": "commissioner.bet", "pk": 6, "fields": {"createdAt": "2025-03-03T00:36:41.146Z", "user": 1, "updatedAt": "2025-03-05T15:10:24.581Z", "race": 6, "driver": 33, "player": 2, "finish": 6}}, {"model": "commissioner.scoreboard", "pk": 1, "fields": {"createdAt": "2025-02-28T21:11:08.013Z", "user": 1, "updatedAt": "2025-02-28T21:11:08.013Z", "race": 1, "winner": 1, "looser": 2}}, {"model": "commissioner.scoreboard", "pk": 2, "fields": {"createdAt": "2025-02-28T21:11:41.130Z", "user": 1, "updatedAt": "2025-03-01T15:56:44.681Z", "race": 2, "winner": 3, "looser": 4}}, {"model": "admin.logentry", "pk": 1, "fields": {"action_time": "2025-02-26T00:09:10.904Z", "user": 1, "content_type": 8, "object_id": "1", "object_repr": "Team object (1)", "action_flag": 1, "change_message": "[{\"added\": {}}]"}}, {"model": "admin.logentry", "pk": 2, "fields": {"action_time": "2025-02-26T00:10:09.801Z", "user": 1, "content_type": 1, "object_id": "8", "object_repr": "Austin Cindric", "action_flag": 2, "change_message": "[{\"changed\": {\"fields\": [\"Team\"]}}]"}}, {"model": "admin.logentry", "pk": 3, "fields": {"action_time": "2025-02-26T00:10:31.313Z", "user": 1, "content_type": 1, "object_id": "7", "object_repr": "Ryan Blaney", "action_flag": 2, "change_message": "[{\"changed\": {\"fields\": [\"Team\"]}}]"}}, {"model": "admin.logentry", "pk": 4, "fields": {"action_time": "2025-02-26T13:23:44.972Z", "user": 1, "content_type": 8, "object_id": "1", "object_repr": "Penske", "action_flag": 2, "change_message": "[{\"changed\": {\"fields\": [\"Website\"]}}]"}}, {"model": "admin.logentry", "pk": 5, "fields": {"action_time": "2025-02-26T13:24:15.537Z", "user": 1, "content_type": 1, "object_id": "35", "object_repr": "Joey Logano", "action_flag": 2, "change_message": "[{\"changed\": {\"fields\": [\"Team\"]}}]"}}, {"model": "admin.logentry", "pk": 6, "fields": {"action_time": "2025-02-26T13:24:30.675Z", "user": 1, "content_type": 1, "object_id": "7", "object_repr": "Ryan Blaney", "action_flag": 2, "change_message": "[]"}}, {"model": "admin.logentry", "pk": 7, "fields": {"action_time": "2025-02-26T13:28:51.297Z", "user": 1, "content_type": 8, "object_id": "2", "object_repr": "Kaulig Racing", "action_flag": 1, "change_message": "[{\"added\": {}}]"}}, {"model": "admin.logentry", "pk": 8, "fields": {"action_time": "2025-02-26T13:28:55.221Z", "user": 1, "content_type": 1, "object_id": "41", "object_repr": "AJ Allmendinger", "action_flag": 2, "change_message": "[{\"changed\": {\"fields\": [\"Website\", \"Team\"]}}]"}}, {"model": "admin.logentry", "pk": 9, "fields": {"action_time": "2025-02-26T13:31:38.562Z", "user": 1, "content_type": 8, "object_id": "3", "object_repr": "Hendrick Motorsports", "action_flag": 1, "change_message": "[{\"added\": {}}]"}}, {"model": "admin.logentry", "pk": 10, "fields": {"action_time": "2025-02-26T13:31:41.315Z", "user": 1, "content_type": 1, "object_id": "6", "object_repr": "Alex Bowman", "action_flag": 2, "change_message": "[{\"changed\": {\"fields\": [\"Website\", \"Team\"]}}]"}}, {"model": "admin.logentry", "pk": 11, "fields": {"action_time": "2025-02-26T13:32:11.292Z", "user": 1, "content_type": 1, "object_id": "1", "object_repr": "William Byron", "action_flag": 2, "change_message": "[{\"changed\": {\"fields\": [\"Team\"]}}]"}}, {"model": "admin.logentry", "pk": 12, "fields": {"action_time": "2025-02-26T13:34:06.915Z", "user": 1, "content_type": 8, "object_id": "4", "object_repr": "Richard Childress Racing", "action_flag": 1, "change_message": "[{\"added\": {}}]"}}, {"model": "admin.logentry", "pk": 13, "fields": {"action_time": "2025-02-26T13:34:12.105Z", "user": 1, "content_type": 1, "object_id": "23", "object_repr": "Austin Dillon", "action_flag": 2, "change_message": "[{\"changed\": {\"fields\": [\"Team\"]}}]"}}, {"model": "admin.logentry", "pk": 14, "fields": {"action_time": "2025-02-26T13:37:16.474Z", "user": 1, "content_type": 8, "object_id": "5", "object_repr": "Live Fast Motorsports", "action_flag": 1, "change_message": "[{\"added\": {}}]"}}, {"model": "admin.logentry", "pk": 15, "fields": {"action_time": "2025-02-26T13:37:19.640Z", "user": 1, "content_type": 1, "object_id": "42", "object_repr": "B.J. McLeod", "action_flag": 2, "change_message": "[{\"changed\": {\"fields\": [\"Team\"]}}]"}}, {"model": "admin.logentry", "pk": 16, "fields": {"action_time": "2025-02-26T13:40:16.268Z", "user": 1, "content_type": 8, "object_id": "6", "object_repr": "RFK Racing", "action_flag": 1, "change_message": "[{\"added\": {}}]"}}, {"model": "admin.logentry", "pk": 17, "fields": {"action_time": "2025-02-26T13:40:18.366Z", "user": 1, "content_type": 1, "object_id": "26", "object_repr": "Brad Keselowski", "action_flag": 2, "change_message": "[{\"changed\": {\"fields\": [\"Website\", \"Team\"]}}]"}}, {"model": "admin.logentry", "pk": 18, "fields": {"action_time": "2025-02-26T13:42:31.038Z", "user": 1, "content_type": 8, "object_id": "7", "object_repr": "23XI Racing", "action_flag": 1, "change_message": "[{\"added\": {}}]"}}, {"model": "admin.logentry", "pk": 19, "fields": {"action_time": "2025-02-26T13:42:33.858Z", "user": 1, "content_type": 1, "object_id": "29", "object_repr": "Bubba Wallace", "action_flag": 2, "change_message": "[{\"changed\": {\"fields\": [\"Website\", \"Team\"]}}]"}}, {"model": "admin.logentry", "pk": 20, "fields": {"action_time": "2025-02-26T13:44:38.201Z", "user": 1, "content_type": 8, "object_id": "8", "object_repr": "Spire Motorsports", "action_flag": 1, "change_message": "[{\"added\": {}}]"}}, {"model": "admin.logentry", "pk": 21, "fields": {"action_time": "2025-02-26T13:44:41.849Z", "user": 1, "content_type": 1, "object_id": "30", "object_repr": "Carson Hocevar", "action_flag": 2, "change_message": "[{\"changed\": {\"fields\": [\"Team\"]}}]"}}, {"model": "admin.logentry", "pk": 22, "fields": {"action_time": "2025-02-26T13:46:49.039Z", "user": 1, "content_type": 8, "object_id": "9", "object_repr": "Joe Gibbs Racing", "action_flag": 1, "change_message": "[{\"added\": {}}]"}}, {"model": "admin.logentry", "pk": 23, "fields": {"action_time": "2025-02-26T13:46:53.590Z", "user": 1, "content_type": 1, "object_id": "4", "object_repr": "Chase Briscoe", "action_flag": 2, "change_message": "[{\"changed\": {\"fields\": [\"Website\", \"Team\"]}}]"}}, {"model": "admin.logentry", "pk": 24, "fields": {"action_time": "2025-02-26T13:47:20.043Z", "user": 1, "content_type": 1, "object_id": "15", "object_repr": "Chase Elliott", "action_flag": 2, "change_message": "[{\"changed\": {\"fields\": [\"Team\"]}}]"}}, {"model": "admin.logentry", "pk": 25, "fields": {"action_time": "2025-02-26T13:48:25.122Z", "user": 1, "content_type": 1, "object_id": "10", "object_repr": "Chris Buescher", "action_flag": 2, "change_message": "[{\"changed\": {\"fields\": [\"Website\", \"Team\"]}}]"}}, {"model": "admin.logentry", "pk": 26, "fields": {"action_time": "2025-02-26T13:49:30.291Z", "user": 1, "content_type": 1, "object_id": "31", "object_repr": "Christopher Bell", "action_flag": 2, "change_message": "[{\"changed\": {\"fields\": [\"Team\"]}}]"}}, {"model": "admin.logentry", "pk": 27, "fields": {"action_time": "2025-02-26T13:51:06.671Z", "user": 1, "content_type": 8, "object_id": "10", "object_repr": "Rick Ware Racing", "action_flag": 1, "change_message": "[{\"added\": {}}]"}}, {"model": "admin.logentry", "pk": 28, "fields": {"action_time": "2025-02-26T13:51:09.457Z", "user": 1, "content_type": 1, "object_id": "25", "object_repr": "Cody Ware", "action_flag": 2, "change_message": "[{\"changed\": {\"fields\": [\"Team\"]}}]"}}, {"model": "admin.logentry", "pk": 29, "fields": {"action_time": "2025-02-26T13:54:15.857Z", "user": 1, "content_type": 1, "object_id": "25", "object_repr": "Cody Ware", "action_flag": 2, "change_message": "[{\"changed\": {\"fields\": [\"Website\"]}}]"}}, {"model": "admin.logentry", "pk": 30, "fields": {"action_time": "2025-02-26T13:55:36.930Z", "user": 1, "content_type": 8, "object_id": "11", "object_repr": "Haas Factory Team", "action_flag": 1, "change_message": "[{\"added\": {}}]"}}, {"model": "admin.logentry", "pk": 31, "fields": {"action_time": "2025-02-26T13:56:10.601Z", "user": 1, "content_type": 1, "object_id": "21", "object_repr": "Cole Custer", "action_flag": 2, "change_message": "[{\"changed\": {\"fields\": [\"Team\"]}}]"}}, {"model": "admin.logentry", "pk": 32, "fields": {"action_time": "2025-02-26T13:56:44.081Z", "user": 1, "content_type": 1, "object_id": "22", "object_repr": "Corey LaJoie", "action_flag": 2, "change_message": "[{\"changed\": {\"fields\": [\"Team\"]}}]"}}, {"model": "admin.logentry", "pk": 33, "fields": {"action_time": "2025-02-26T13:57:46.459Z", "user": 1, "content_type": 8, "object_id": "12", "object_repr": "McAnally-Hilgemann Racing", "action_flag": 1, "change_message": "[{\"added\": {}}]"}}, {"model": "admin.logentry", "pk": 34, "fields": {"action_time": "2025-02-26T13:57:49.025Z", "user": 1, "content_type": 1, "object_id": "46", "object_repr": "Daniel Hemric", "action_flag": 2, "change_message": "[{\"changed\": {\"fields\": [\"Team\"]}}]"}}, {"model": "admin.logentry", "pk": 35, "fields": {"action_time": "2025-02-26T13:59:17.974Z", "user": 1, "content_type": 8, "object_id": "13", "object_repr": "Trackhouse Racing", "action_flag": 1, "change_message": "[{\"added\": {}}]"}}, {"model": "admin.logentry", "pk": 36, "fields": {"action_time": "2025-02-26T13:59:22.486Z", "user": 1, "content_type": 1, "object_id": "13", "object_repr": "Daniel Suarez", "action_flag": 2, "change_message": "[{\"changed\": {\"fields\": [\"Team\"]}}]"}}, {"model": "admin.logentry", "pk": 37, "fields": {"action_time": "2025-02-26T13:59:59.374Z", "user": 1, "content_type": 1, "object_id": "24", "object_repr": "Denny Hamlin", "action_flag": 2, "change_message": "[{\"changed\": {\"fields\": [\"Team\"]}}]"}}, {"model": "admin.logentry", "pk": 38, "fields": {"action_time": "2025-02-26T14:01:53.421Z", "user": 1, "content_type": 8, "object_id": "14", "object_repr": "Legacy Motor Club", "action_flag": 1, "change_message": "[{\"added\": {}}]"}}, {"model": "admin.logentry", "pk": 39, "fields": {"action_time": "2025-02-26T14:01:56.534Z", "user": 1, "content_type": 1, "object_id": "12", "object_repr": "Erik Jones", "action_flag": 2, "change_message": "[{\"changed\": {\"fields\": [\"Team\"]}}]"}}, {"model": "admin.logentry", "pk": 40, "fields": {"action_time": "2025-02-26T14:03:49.101Z", "user": 1, "content_type": 8, "object_id": "15", "object_repr": "AM Racing", "action_flag": 1, "change_message": "[{\"added\": {}}]"}}, {"model": "admin.logentry", "pk": 41, "fields": {"action_time": "2025-02-26T14:03:53.282Z", "user": 1, "content_type": 1, "object_id": "44", "object_repr": "Harrison Burton", "action_flag": 2, "change_message": "[{\"changed\": {\"fields\": [\"Team\"]}}]"}}, {"model": "admin.logentry", "pk": 42, "fields": {"action_time": "2025-02-26T14:05:54.682Z", "user": 1, "content_type": 8, "object_id": "16", "object_repr": "NY Racing Team", "action_flag": 1, "change_message": "[{\"added\": {}}]"}}, {"model": "admin.logentry", "pk": 43, "fields": {"action_time": "2025-02-26T14:05:58.453Z", "user": 1, "content_type": 1, "object_id": "43", "object_repr": "J.J. Yeley", "action_flag": 2, "change_message": "[{\"changed\": {\"fields\": [\"Team\"]}}]"}}, {"model": "admin.logentry", "pk": 44, "fields": {"action_time": "2025-02-26T14:07:24.696Z", "user": 1, "content_type": 1, "object_id": "3", "object_repr": "Jimmie Johnson", "action_flag": 2, "change_message": "[{\"changed\": {\"fields\": [\"Website\", \"Team\"]}}]"}}, {"model": "admin.logentry", "pk": 45, "fields": {"action_time": "2025-02-26T14:08:21.548Z", "user": 1, "content_type": 1, "object_id": "5", "object_repr": "John Hunter Nemechek", "action_flag": 2, "change_message": "[{\"changed\": {\"fields\": [\"Website\", \"Team\"]}}]"}}, {"model": "admin.logentry", "pk": 46, "fields": {"action_time": "2025-02-26T14:10:01.002Z", "user": 1, "content_type": 8, "object_id": "17", "object_repr": "Wood Brothers Racing", "action_flag": 1, "change_message": "[{\"added\": {}}]"}}, {"model": "admin.logentry", "pk": 47, "fields": {"action_time": "2025-02-26T14:10:03.971Z", "user": 1, "content_type": 1, "object_id": "37", "object_repr": "Josh Berry", "action_flag": 2, "change_message": "[{\"changed\": {\"fields\": [\"Website\", \"Team\"]}}]"}}, {"model": "admin.logentry", "pk": 48, "fields": {"action_time": "2025-02-26T14:11:23.285Z", "user": 1, "content_type": 1, "object_id": "47", "object_repr": "Josh Williams", "action_flag": 2, "change_message": "[{\"changed\": {\"fields\": [\"Website\", \"Team\"]}}]"}}, {"model": "admin.logentry", "pk": 49, "fields": {"action_time": "2025-02-26T14:18:08.254Z", "user": 1, "content_type": 8, "object_id": "18", "object_repr": "JR Motorsports", "action_flag": 1, "change_message": "[{\"added\": {}}]"}}, {"model": "admin.logentry", "pk": 50, "fields": {"action_time": "2025-02-26T14:18:26.346Z", "user": 1, "content_type": 1, "object_id": "9", "object_repr": "Justin Allgaier", "action_flag": 2, "change_message": "[{\"changed\": {\"fields\": [\"Website\", \"Team\"]}}]"}}, {"model": "admin.logentry", "pk": 51, "fields": {"action_time": "2025-02-26T14:19:22.514Z", "user": 1, "content_type": 1, "object_id": "19", "object_repr": "Justin Haley", "action_flag": 2, "change_message": "[{\"changed\": {\"fields\": [\"Team\"]}}]"}}, {"model": "admin.logentry", "pk": 52, "fields": {"action_time": "2025-02-26T14:20:21.628Z", "user": 1, "content_type": 8, "object_id": "19", "object_repr": "Front Row Motorsports", "action_flag": 1, "change_message": "[{\"added\": {}}]"}}, {"model": "admin.logentry", "pk": 53, "fields": {"action_time": "2025-02-26T14:20:24.960Z", "user": 1, "content_type": 1, "object_id": "45", "object_repr": "Kaz Grala", "action_flag": 2, "change_message": "[{\"changed\": {\"fields\": [\"Team\"]}}]"}}, {"model": "admin.logentry", "pk": 54, "fields": {"action_time": "2025-02-26T14:22:03.384Z", "user": 1, "content_type": 1, "object_id": "34", "object_repr": "Kyle Busch", "action_flag": 2, "change_message": "[{\"changed\": {\"fields\": [\"Website\", \"Team\"]}}]"}}, {"model": "admin.logentry", "pk": 55, "fields": {"action_time": "2025-02-26T14:22:17.641Z", "user": 1, "content_type": 1, "object_id": "20", "object_repr": "Kyle Larson", "action_flag": 2, "change_message": "[{\"changed\": {\"fields\": [\"Team\"]}}]"}}, {"model": "admin.logentry", "pk": 56, "fields": {"action_time": "2025-02-26T14:23:04.410Z", "user": 1, "content_type": 1, "object_id": "11", "object_repr": "Michael McDowell", "action_flag": 2, "change_message": "[{\"changed\": {\"fields\": [\"Website\", \"Team\"]}}]"}}, {"model": "admin.logentry", "pk": 57, "fields": {"action_time": "2025-02-26T14:23:54.630Z", "user": 1, "content_type": 1, "object_id": "28", "object_repr": "Noah Gragson", "action_flag": 2, "change_message": "[{\"changed\": {\"fields\": [\"Website\", \"Team\"]}}]"}}, {"model": "admin.logentry", "pk": 58, "fields": {"action_time": "2025-02-26T14:25:06.616Z", "user": 1, "content_type": 8, "object_id": "20", "object_repr": "Hyak Motorsports", "action_flag": 1, "change_message": "[{\"added\": {}}]"}}, {"model": "admin.logentry", "pk": 59, "fields": {"action_time": "2025-02-26T14:25:11.235Z", "user": 1, "content_type": 1, "object_id": "18", "object_repr": "Ricky Stenhouse Jr.", "action_flag": 2, "change_message": "[{\"changed\": {\"fields\": [\"Team\"]}}]"}}, {"model": "admin.logentry", "pk": 60, "fields": {"action_time": "2025-02-26T14:26:05.580Z", "user": 1, "content_type": 1, "object_id": "17", "object_repr": "Riley Herbst", "action_flag": 2, "change_message": "[{\"changed\": {\"fields\": [\"Website\", \"Team\"]}}]"}}, {"model": "admin.logentry", "pk": 61, "fields": {"action_time": "2025-02-26T14:27:02.942Z", "user": 1, "content_type": 1, "object_id": "40", "object_repr": "Ross Chastain", "action_flag": 2, "change_message": "[{\"changed\": {\"fields\": [\"Website\", \"Team\"]}}]"}}, {"model": "admin.logentry", "pk": 62, "fields": {"action_time": "2025-02-26T14:27:33.882Z", "user": 1, "content_type": 1, "object_id": "32", "object_repr": "Ryan Preece", "action_flag": 2, "change_message": "[{\"changed\": {\"fields\": [\"Website\", \"Team\"]}}]"}}, {"model": "admin.logentry", "pk": 63, "fields": {"action_time": "2025-02-26T14:28:07.681Z", "user": 1, "content_type": 1, "object_id": "33", "object_repr": "Shane van Gisbergen", "action_flag": 2, "change_message": "[{\"changed\": {\"fields\": [\"Website\", \"Team\"]}}]"}}, {"model": "admin.logentry", "pk": 64, "fields": {"action_time": "2025-02-26T14:28:54.000Z", "user": 1, "content_type": 1, "object_id": "27", "object_repr": "Todd Gilliland", "action_flag": 2, "change_message": "[{\"changed\": {\"fields\": [\"Website\", \"Team\"]}}]"}}, {"model": "admin.logentry", "pk": 65, "fields": {"action_time": "2025-02-26T14:29:30.137Z", "user": 1, "content_type": 1, "object_id": "14", "object_repr": "Ty Dillon", "action_flag": 2, "change_message": "[{\"changed\": {\"fields\": [\"Website\", \"Team\"]}}]"}}, {"model": "admin.logentry", "pk": 66, "fields": {"action_time": "2025-02-26T14:29:59.722Z", "user": 1, "content_type": 1, "object_id": "16", "object_repr": "Ty Gibbs", "action_flag": 2, "change_message": "[{\"changed\": {\"fields\": [\"Website\", \"Team\"]}}]"}}, {"model": "admin.logentry", "pk": 67, "fields": {"action_time": "2025-02-26T14:30:34.421Z", "user": 1, "content_type": 1, "object_id": "2", "object_repr": "Tyler Reddick", "action_flag": 2, "change_message": "[{\"changed\": {\"fields\": [\"Website\", \"Team\"]}}]"}}, {"model": "admin.logentry", "pk": 68, "fields": {"action_time": "2025-02-26T14:31:41.878Z", "user": 1, "content_type": 1, "object_id": "36", "object_repr": "Zane Smith", "action_flag": 2, "change_message": "[{\"changed\": {\"fields\": [\"Website\", \"Team\"]}}]"}}, {"model": "admin.logentry", "pk": 69, "fields": {"action_time": "2025-02-26T20:40:00.849Z", "user": 1, "content_type": 3, "object_id": "3", "object_repr": "Ambetter Health 400 2024-02-24", "action_flag": 2, "change_message": "[{\"changed\": {\"fields\": [\"Race date\"]}}]"}}, {"model": "admin.logentry", "pk": 70, "fields": {"action_time": "2025-02-27T14:00:59.483Z", "user": 1, "content_type": 7, "object_id": "7", "object_repr": "South Carolina", "action_flag": 1, "change_message": "[{\"added\": {}}]"}}, {"model": "admin.logentry", "pk": 71, "fields": {"action_time": "2025-02-27T14:01:48.215Z", "user": 1, "content_type": 9, "object_id": "8", "object_repr": "Darlington Raceway, Darlington South Carolina", "action_flag": 1, "change_message": "[{\"added\": {}}]"}}, {"model": "admin.logentry", "pk": 72, "fields": {"action_time": "2025-02-27T14:03:05.638Z", "user": 1, "content_type": 7, "object_id": "8", "object_repr": "Tennessee", "action_flag": 1, "change_message": "[{\"added\": {}}]"}}, {"model": "admin.logentry", "pk": 73, "fields": {"action_time": "2025-02-27T14:03:09.624Z", "user": 1, "content_type": 9, "object_id": "9", "object_repr": "Bristol Motor Speedway, Bristol Tennessee", "action_flag": 1, "change_message": "[{\"added\": {}}]"}}, {"model": "admin.logentry", "pk": 74, "fields": {"action_time": "2025-02-27T14:03:47.125Z", "user": 1, "content_type": 7, "object_id": "9", "object_repr": "Alabama", "action_flag": 1, "change_message": "[{\"added\": {}}]"}}, {"model": "admin.logentry", "pk": 75, "fields": {"action_time": "2025-02-27T14:05:14.704Z", "user": 1, "content_type": 9, "object_id": "10", "object_repr": "Talladega Superspeedway, Talladega Alabama", "action_flag": 1, "change_message": "[{\"added\": {}}]"}}, {"model": "admin.logentry", "pk": 76, "fields": {"action_time": "2025-02-27T14:06:33.703Z", "user": 1, "content_type": 7, "object_id": "10", "object_repr": "Texas", "action_flag": 1, "change_message": "[{\"added\": {}}]"}}, {"model": "admin.logentry", "pk": 77, "fields": {"action_time": "2025-02-27T14:07:16.843Z", "user": 1, "content_type": 9, "object_id": "11", "object_repr": "Texas Motor Speedway, Fort Worth Texas", "action_flag": 1, "change_message": "[{\"added\": {}}]"}}, {"model": "admin.logentry", "pk": 78, "fields": {"action_time": "2025-02-27T14:08:52.126Z", "user": 1, "content_type": 7, "object_id": "11", "object_repr": "Kansas", "action_flag": 1, "change_message": "[{\"added\": {}}]"}}, {"model": "admin.logentry", "pk": 79, "fields": {"action_time": "2025-02-27T14:09:06.667Z", "user": 1, "content_type": 9, "object_id": "12", "object_repr": "Kansas Speedway, Kansas City Kansas", "action_flag": 1, "change_message": "[{\"added\": {}}]"}}, {"model": "admin.logentry", "pk": 80, "fields": {"action_time": "2025-02-27T14:10:20.591Z", "user": 1, "content_type": 7, "object_id": "12", "object_repr": "North", "action_flag": 1, "change_message": "[{\"added\": {}}]"}}, {"model": "admin.logentry", "pk": 81, "fields": {"action_time": "2025-02-27T14:10:42.785Z", "user": 1, "content_type": 7, "object_id": "12", "object_repr": "North Carolina", "action_flag": 2, "change_message": "[{\"changed\": {\"fields\": [\"Name\"]}}]"}}, {"model": "admin.logentry", "pk": 82, "fields": {"action_time": "2025-02-27T14:11:12.944Z", "user": 1, "content_type": 9, "object_id": "13", "object_repr": "North Wilkesboro Speedway, North Wilkesboro North Carolina", "action_flag": 1, "change_message": "[{\"added\": {}}]"}}, {"model": "admin.logentry", "pk": 83, "fields": {"action_time": "2025-02-27T14:12:25.383Z", "user": 1, "content_type": 9, "object_id": "14", "object_repr": "Charlotte Motor Speedway, Concord North Carolina", "action_flag": 1, "change_message": "[{\"added\": {}}]"}}, {"model": "admin.logentry", "pk": 84, "fields": {"action_time": "2025-02-27T14:14:30.922Z", "user": 1, "content_type": 3, "object_id": "4", "object_repr": "Coca-Cola 600 2025-05-25", "action_flag": 1, "change_message": "[{\"added\": {}}]"}}, {"model": "admin.logentry", "pk": 85, "fields": {"action_time": "2025-02-27T14:15:37.533Z", "user": 1, "content_type": 9, "object_id": "15", "object_repr": "Nashville Superspeedway, Nashville Tennessee", "action_flag": 1, "change_message": "[{\"added\": {}}]"}}, {"model": "admin.logentry", "pk": 86, "fields": {"action_time": "2025-02-27T14:16:28.104Z", "user": 1, "content_type": 3, "object_id": "5", "object_repr": "NASCAR Cup Series Race at Nashville 2025-06-01", "action_flag": 1, "change_message": "[{\"added\": {}}]"}}, {"model": "admin.logentry", "pk": 87, "fields": {"action_time": "2025-02-27T14:17:45.095Z", "user": 1, "content_type": 3, "object_id": "6", "object_repr": "EchoPark Automotive Grand Prix 2025-03-02", "action_flag": 1, "change_message": "[{\"added\": {}}]"}}, {"model": "admin.logentry", "pk": 88, "fields": {"action_time": "2025-02-27T14:20:37.881Z", "user": 1, "content_type": 3, "object_id": "7", "object_repr": "Shriners Children's 500 2025-03-09", "action_flag": 1, "change_message": "[{\"added\": {}}]"}}, {"model": "admin.logentry", "pk": 89, "fields": {"action_time": "2025-02-27T14:22:02.262Z", "user": 1, "content_type": 3, "object_id": "8", "object_repr": "Pennzoil 400 2025-03-16", "action_flag": 1, "change_message": "[{\"added\": {}}]"}}, {"model": "admin.logentry", "pk": 90, "fields": {"action_time": "2025-02-27T14:22:49.775Z", "user": 1, "content_type": 3, "object_id": "9", "object_repr": "Straight Talk Wireless 400 2025-03-23", "action_flag": 1, "change_message": "[{\"added\": {}}]"}}, {"model": "admin.logentry", "pk": 91, "fields": {"action_time": "2025-02-27T14:23:39.343Z", "user": 1, "content_type": 3, "object_id": "10", "object_repr": "Cook Out 400 2025-03-30", "action_flag": 1, "change_message": "[{\"added\": {}}]"}}, {"model": "admin.logentry", "pk": 92, "fields": {"action_time": "2025-02-27T14:25:29.368Z", "user": 1, "content_type": 3, "object_id": "6", "object_repr": "EchoPark Automotive Grand Prix 2025-03-02", "action_flag": 2, "change_message": "[{\"changed\": {\"fields\": [\"Laps\"]}}]"}}, {"model": "admin.logentry", "pk": 93, "fields": {"action_time": "2025-02-27T14:25:48.621Z", "user": 1, "content_type": 3, "object_id": "7", "object_repr": "Shriners Children's 500 2025-03-09", "action_flag": 2, "change_message": "[{\"changed\": {\"fields\": [\"Laps\"]}}]"}}, {"model": "admin.logentry", "pk": 94, "fields": {"action_time": "2025-02-27T14:26:25.112Z", "user": 1, "content_type": 3, "object_id": "5", "object_repr": "NASCAR Cup Series Race at Nashville 2025-06-01", "action_flag": 2, "change_message": "[{\"changed\": {\"fields\": [\"Laps\"]}}]"}}, {"model": "admin.logentry", "pk": 95, "fields": {"action_time": "2025-02-27T14:26:36.443Z", "user": 1, "content_type": 3, "object_id": "4", "object_repr": "Coca-Cola 600 2025-05-25", "action_flag": 2, "change_message": "[{\"changed\": {\"fields\": [\"Laps\"]}}]"}}, {"model": "admin.logentry", "pk": 96, "fields": {"action_time": "2025-02-27T14:28:21.056Z", "user": 1, "content_type": 7, "object_id": "13", "object_repr": "Michigan", "action_flag": 1, "change_message": "[{\"added\": {}}]"}}, {"model": "admin.logentry", "pk": 97, "fields": {"action_time": "2025-02-27T14:28:39.443Z", "user": 1, "content_type": 9, "object_id": "16", "object_repr": "Michigan International Speedway, Brooklyn Michigan", "action_flag": 1, "change_message": "[{\"added\": {}}]"}}, {"model": "admin.logentry", "pk": 98, "fields": {"action_time": "2025-02-27T14:29:11.704Z", "user": 1, "content_type": 3, "object_id": "11", "object_repr": "Firekeepers Casino 400 2025-06-08", "action_flag": 1, "change_message": "[{\"added\": {}}]"}}, {"model": "admin.logentry", "pk": 99, "fields": {"action_time": "2025-02-27T15:03:05.417Z", "user": 1, "content_type": 7, "object_id": "14", "object_repr": "Mexico", "action_flag": 1, "change_message": "[{\"added\": {}}]"}}, {"model": "admin.logentry", "pk": 100, "fields": {"action_time": "2025-02-27T15:03:27.245Z", "user": 1, "content_type": 9, "object_id": "17", "object_repr": "Autodromo Hermanos Rodriguez, Mexico City Mexico", "action_flag": 1, "change_message": "[{\"added\": {}}]"}}, {"model": "admin.logentry", "pk": 101, "fields": {"action_time": "2025-02-27T15:04:14.600Z", "user": 1, "content_type": 3, "object_id": "12", "object_repr": "NASCAR Cup Series Race at Mexico City 2025-06-15", "action_flag": 1, "change_message": "[{\"added\": {}}]"}}, {"model": "admin.logentry", "pk": 102, "fields": {"action_time": "2025-02-27T15:06:28.932Z", "user": 1, "content_type": 7, "object_id": "14", "object_repr": "Mexico", "action_flag": 2, "change_message": "[{\"changed\": {\"fields\": [\"Country\"]}}]"}}, {"model": "admin.logentry", "pk": 103, "fields": {"action_time": "2025-02-27T15:06:35.573Z", "user": 1, "content_type": 7, "object_id": "11", "object_repr": "Kansas", "action_flag": 2, "change_message": "[]"}}, {"model": "admin.logentry", "pk": 104, "fields": {"action_time": "2025-02-27T23:39:52.009Z", "user": 1, "content_type": 4, "object_id": "1", "object_repr": "Daytona 500 - Bob - Alex Bowman", "action_flag": 1, "change_message": "[{\"added\": {}}]"}}, {"model": "admin.logentry", "pk": 105, "fields": {"action_time": "2025-02-27T23:40:18.930Z", "user": 1, "content_type": 4, "object_id": "2", "object_repr": "Daytona 500 - Greg - Ryan Blaney", "action_flag": 1, "change_message": "[{\"added\": {}}]"}}, {"model": "admin.logentry", "pk": 106, "fields": {"action_time": "2025-02-27T23:41:36.680Z", "user": 1, "content_type": 4, "object_id": "1", "object_repr": "Daytona 500 - Bob - William Byron", "action_flag": 2, "change_message": "[{\"changed\": {\"fields\": [\"Driver\", \"Finish\"]}}]"}}, {"model": "admin.logentry", "pk": 107, "fields": {"action_time": "2025-02-27T23:42:23.493Z", "user": 1, "content_type": 4, "object_id": "3", "object_repr": "Ambetter Health 400 - Greg - Ryan Blaney", "action_flag": 1, "change_message": "[{\"added\": {}}]"}}, {"model": "admin.logentry", "pk": 108, "fields": {"action_time": "2025-02-27T23:42:43.096Z", "user": 1, "content_type": 4, "object_id": "4", "object_repr": "Ambetter Health 400 - Bob - Austin Cindric", "action_flag": 1, "change_message": "[{\"added\": {}}]"}}, {"model": "admin.logentry", "pk": 109, "fields": {"action_time": "2025-02-28T21:11:08.015Z", "user": 1, "content_type": 16, "object_id": "1", "object_repr": "ScoreBoard object (1)", "action_flag": 1, "change_message": "[{\"added\": {}}]"}}, {"model": "admin.logentry", "pk": 110, "fields": {"action_time": "2025-02-28T21:11:41.131Z", "user": 1, "content_type": 16, "object_id": "2", "object_repr": "ScoreBoard object (2)", "action_flag": 1, "change_message": "[{\"added\": {}}]"}}, {"model": "admin.logentry", "pk": 111, "fields": {"action_time": "2025-03-01T15:56:23.553Z", "user": 1, "content_type": 4, "object_id": "4", "object_repr": "Ambetter Health 400 - Bob - Austin Cindric", "action_flag": 2, "change_message": "[]"}}, {"model": "admin.logentry", "pk": 112, "fields": {"action_time": "2025-03-01T15:56:44.686Z", "user": 1, "content_type": 16, "object_id": "2", "object_repr": "Ambetter Health 400 - Greg - Ryan Blaney ---- Ambetter Health 400 2025-02-23 ", "action_flag": 2, "change_message": "[{\"changed\": {\"fields\": [\"Winner\"]}}]"}}, {"model": "admin.logentry", "pk": 113, "fields": {"action_time": "2025-03-01T20:34:22.956Z", "user": 1, "content_type": 3, "object_id": "13", "object_repr": "NASCAR Cup Series at Circuit of the Americas 2024-03-24", "action_flag": 1, "change_message": "[{\"added\": {}}]"}}, {"model": "admin.logentry", "pk": 114, "fields": {"action_time": "2025-03-01T20:38:51.484Z", "user": 1, "content_type": 3, "object_id": "13", "object_repr": "NASCAR at COTA 2024-03-24", "action_flag": 2, "change_message": "[{\"changed\": {\"fields\": [\"Name\"]}}]"}}, {"model": "admin.logentry", "pk": 115, "fields": {"action_time": "2025-03-03T00:36:14.416Z", "user": 1, "content_type": 4, "object_id": "5", "object_repr": "EchoPark Automotive Grand Prix - Bob - Tyler Reddick", "action_flag": 1, "change_message": "[{\"added\": {}}]"}}, {"model": "admin.logentry", "pk": 116, "fields": {"action_time": "2025-03-03T00:36:41.147Z", "user": 1, "content_type": 4, "object_id": "6", "object_repr": "EchoPark Automotive Grand Prix - Greg - Shane van Gisbergen", "action_flag": 1, "change_message": "[{\"added\": {}}]"}}, {"model": "admin.logentry", "pk": 117, "fields": {"action_time": "2025-03-03T00:56:11.175Z", "user": 1, "content_type": 3, "object_id": "13", "object_repr": "NASCAR at COTA 2024-03-24", "action_flag": 2, "change_message": "[{\"changed\": {\"fields\": [\"Create results file\"]}}]"}}, {"model": "admin.logentry", "pk": 118, "fields": {"action_time": "2025-03-03T00:57:24.267Z", "user": 1, "content_type": 3, "object_id": "13", "object_repr": "NASCAR at COTA 2024-03-24", "action_flag": 2, "change_message": "[{\"changed\": {\"fields\": [\"Reload\"]}}]"}}, {"model": "admin.logentry", "pk": 119, "fields": {"action_time": "2025-03-03T00:58:14.351Z", "user": 1, "content_type": 3, "object_id": "6", "object_repr": "EchoPark Automotive Grand Prix 2025-03-02", "action_flag": 2, "change_message": "[{\"changed\": {\"fields\": [\"Reload\", \"Create results file\"]}}]"}}, {"model": "admin.logentry", "pk": 120, "fields": {"action_time": "2025-03-03T01:00:48.953Z", "user": 1, "content_type": 3, "object_id": "13", "object_repr": "NASCAR at COTA", "action_flag": 2, "change_message": "[]"}}, {"model": "admin.logentry", "pk": 121, "fields": {"action_time": "2025-03-03T13:53:36.356Z", "user": 1, "content_type": 3, "object_id": "1", "object_repr": "Daytona 500", "action_flag": 2, "change_message": "[{\"changed\": {\"fields\": [\"Create results file\"]}}]"}}, {"model": "admin.logentry", "pk": 122, "fields": {"action_time": "2025-03-03T15:12:55.418Z", "user": 1, "content_type": 9, "object_id": "1", "object_repr": "Daytona, Daytona Florida", "action_flag": 2, "change_message": "[{\"changed\": {\"fields\": [\"Short name\"]}}]"}}, {"model": "admin.logentry", "pk": 123, "fields": {"action_time": "2025-03-03T15:13:08.952Z", "user": 1, "content_type": 9, "object_id": "2", "object_repr": "Atlanta, Atlanta Georgia", "action_flag": 2, "change_message": "[{\"changed\": {\"fields\": [\"Short name\"]}}]"}}, {"model": "admin.logentry", "pk": 124, "fields": {"action_time": "2025-03-03T15:13:35.369Z", "user": 1, "content_type": 9, "object_id": "3", "object_repr": "Cota, Austin Texas", "action_flag": 2, "change_message": "[{\"changed\": {\"fields\": [\"Short name\"]}}]"}}, {"model": "admin.logentry", "pk": 125, "fields": {"action_time": "2025-03-03T15:13:56.938Z", "user": 1, "content_type": 9, "object_id": "4", "object_repr": "Phoenix, Phoenix Arizona", "action_flag": 2, "change_message": "[{\"changed\": {\"fields\": [\"Short name\"]}}]"}}, {"model": "admin.logentry", "pk": 126, "fields": {"action_time": "2025-03-03T15:14:34.007Z", "user": 1, "content_type": 9, "object_id": "6", "object_repr": "Homestead, Homestead Florida", "action_flag": 2, "change_message": "[{\"changed\": {\"fields\": [\"Short name\"]}}]"}}, {"model": "admin.logentry", "pk": 127, "fields": {"action_time": "2025-03-03T15:14:51.388Z", "user": 1, "content_type": 9, "object_id": "8", "object_repr": "Darlington, Darlington South Carolina", "action_flag": 2, "change_message": "[{\"changed\": {\"fields\": [\"Short name\"]}}]"}}, {"model": "admin.logentry", "pk": 128, "fields": {"action_time": "2025-03-03T15:15:13.647Z", "user": 1, "content_type": 9, "object_id": "12", "object_repr": "Kansas, Kansas City Kansas", "action_flag": 2, "change_message": "[{\"changed\": {\"fields\": [\"Short name\"]}}]"}}, {"model": "admin.logentry", "pk": 129, "fields": {"action_time": "2025-03-03T15:16:33.111Z", "user": 1, "content_type": 9, "object_id": "16", "object_repr": "Michigan, Brooklyn Michigan", "action_flag": 2, "change_message": "[{\"changed\": {\"fields\": [\"Short name\"]}}]"}}, {"model": "admin.logentry", "pk": 130, "fields": {"action_time": "2025-03-03T15:17:07.756Z", "user": 1, "content_type": 9, "object_id": "7", "object_repr": "Martinsville, Martinsville Virginia", "action_flag": 2, "change_message": "[{\"changed\": {\"fields\": [\"Short name\"]}}]"}}, {"model": "admin.logentry", "pk": 131, "fields": {"action_time": "2025-03-03T15:53:10.429Z", "user": 1, "content_type": 9, "object_id": "15", "object_repr": "Nashville, Nashville Tennessee", "action_flag": 2, "change_message": "[{\"changed\": {\"fields\": [\"Short name\"]}}]"}}, {"model": "admin.logentry", "pk": 132, "fields": {"action_time": "2025-03-03T15:53:26.592Z", "user": 1, "content_type": 9, "object_id": "9", "object_repr": "Bristol, Bristol Tennessee", "action_flag": 2, "change_message": "[{\"changed\": {\"fields\": [\"Short name\"]}}]"}}, {"model": "admin.logentry", "pk": 133, "fields": {"action_time": "2025-03-03T15:53:51.043Z", "user": 1, "content_type": 9, "object_id": "13", "object_repr": "North Wilkesboro, North Wilkesboro North Carolina", "action_flag": 2, "change_message": "[{\"changed\": {\"fields\": [\"Short name\"]}}]"}}, {"model": "admin.logentry", "pk": 134, "fields": {"action_time": "2025-03-03T15:54:05.782Z", "user": 1, "content_type": 9, "object_id": "14", "object_repr": "Charlotte, Concord North Carolina", "action_flag": 2, "change_message": "[{\"changed\": {\"fields\": [\"Short name\"]}}]"}}, {"model": "admin.logentry", "pk": 135, "fields": {"action_time": "2025-03-03T15:54:21.001Z", "user": 1, "content_type": 9, "object_id": "11", "object_repr": "Texas, Fort Worth Texas", "action_flag": 2, "change_message": "[{\"changed\": {\"fields\": [\"Short name\"]}}]"}}, {"model": "admin.logentry", "pk": 136, "fields": {"action_time": "2025-03-03T15:54:37.338Z", "user": 1, "content_type": 9, "object_id": "10", "object_repr": "Talladega, Talladega Alabama", "action_flag": 2, "change_message": "[{\"changed\": {\"fields\": [\"Short name\"]}}]"}}, {"model": "admin.logentry", "pk": 137, "fields": {"action_time": "2025-03-03T15:54:53.355Z", "user": 1, "content_type": 9, "object_id": "5", "object_repr": "Las Vegas, Las Vegas Nevada", "action_flag": 2, "change_message": "[{\"changed\": {\"fields\": [\"Short name\"]}}]"}}, {"model": "admin.logentry", "pk": 138, "fields": {"action_time": "2025-03-05T14:14:00.328Z", "user": 1, "content_type": 3, "object_id": "14", "object_repr": "NASCAR Cup Series at Phoenix", "action_flag": 1, "change_message": "[{\"added\": {}}]"}}, {"model": "admin.logentry", "pk": 139, "fields": {"action_time": "2025-03-05T14:15:54.364Z", "user": 1, "content_type": 3, "object_id": "14", "object_repr": "NASCAR Cup Series at Phoenix", "action_flag": 2, "change_message": "[{\"changed\": {\"fields\": [\"Race date\"]}}]"}}, {"model": "admin.logentry", "pk": 140, "fields": {"action_time": "2025-03-05T14:17:35.233Z", "user": 1, "content_type": 3, "object_id": "14", "object_repr": "NASCAR Cup Series at Phoenix", "action_flag": 2, "change_message": "[{\"changed\": {\"fields\": [\"Reload\"]}}]"}}, {"model": "admin.logentry", "pk": 141, "fields": {"action_time": "2025-03-05T14:40:55.763Z", "user": 1, "content_type": 7, "object_id": "15", "object_repr": "Pennsylvania", "action_flag": 1, "change_message": "[{\"added\": {}}]"}}, {"model": "admin.logentry", "pk": 142, "fields": {"action_time": "2025-03-05T14:41:11.481Z", "user": 1, "content_type": 9, "object_id": "18", "object_repr": "Pocono, Long Pond Pennsylvania", "action_flag": 1, "change_message": "[{\"added\": {}}]"}}, {"model": "admin.logentry", "pk": 143, "fields": {"action_time": "2025-03-05T14:43:33.625Z", "user": 1, "content_type": 3, "object_id": "15", "object_repr": "NASCAR Cup Series Race at", "action_flag": 1, "change_message": "[{\"added\": {}}]"}}, {"model": "admin.logentry", "pk": 144, "fields": {"action_time": "2025-03-05T14:44:07.335Z", "user": 1, "content_type": 3, "object_id": "15", "object_repr": "NASCAR Cup Series Race at Pocono", "action_flag": 2, "change_message": "[{\"changed\": {\"fields\": [\"Name\"]}}]"}}, {"model": "admin.logentry", "pk": 145, "fields": {"action_time": "2025-03-05T14:45:26.793Z", "user": 1, "content_type": 3, "object_id": "16", "object_repr": "Quaker State 400 Available at Walmart", "action_flag": 1, "change_message": "[{\"added\": {}}]"}}, {"model": "admin.logentry", "pk": 146, "fields": {"action_time": "2025-03-05T14:46:32.389Z", "user": 1, "content_type": 7, "object_id": "16", "object_repr": "Illinois", "action_flag": 1, "change_message": "[{\"added\": {}}]"}}, {"model": "admin.logentry", "pk": 147, "fields": {"action_time": "2025-03-05T14:46:55.350Z", "user": 1, "content_type": 9, "object_id": "19", "object_repr": "Chicago, Chicago Illinois", "action_flag": 1, "change_message": "[{\"added\": {}}]"}}, {"model": "admin.logentry", "pk": 148, "fields": {"action_time": "2025-03-05T14:47:52.605Z", "user": 1, "content_type": 3, "object_id": "17", "object_repr": "Grant Park 165", "action_flag": 1, "change_message": "[{\"added\": {}}]"}}, {"model": "admin.logentry", "pk": 149, "fields": {"action_time": "2025-03-05T14:50:50.497Z", "user": 1, "content_type": 3, "object_id": "18", "object_repr": "NASCAR Cup Series Race at", "action_flag": 1, "change_message": "[{\"added\": {}}]"}}, {"model": "admin.logentry", "pk": 150, "fields": {"action_time": "2025-03-05T14:51:30.152Z", "user": 1, "content_type": 3, "object_id": "18", "object_repr": "NASCAR Cup Series Race at", "action_flag": 2, "change_message": "[]"}}, {"model": "admin.logentry", "pk": 151, "fields": {"action_time": "2025-03-05T14:52:10.604Z", "user": 1, "content_type": 3, "object_id": "18", "object_repr": "NASCAR Cup Series Race at", "action_flag": 3, "change_message": ""}}, {"model": "admin.logentry", "pk": 152, "fields": {"action_time": "2025-03-05T14:53:53.921Z", "user": 1, "content_type": 3, "object_id": "16", "object_repr": "Quaker State 400 Available at Walmart", "action_flag": 2, "change_message": "[{\"changed\": {\"fields\": [\"Race date\"]}}]"}}, {"model": "admin.logentry", "pk": 153, "fields": {"action_time": "2025-03-05T14:55:15.955Z", "user": 1, "content_type": 7, "object_id": "17", "object_repr": "California", "action_flag": 1, "change_message": "[{\"added\": {}}]"}}, {"model": "admin.logentry", "pk": 154, "fields": {"action_time": "2025-03-05T14:55:31.227Z", "user": 1, "content_type": 9, "object_id": "20", "object_repr": "Sonoma, Sonoma California", "action_flag": 1, "change_message": "[{\"added\": {}}]"}}, {"model": "admin.logentry", "pk": 155, "fields": {"action_time": "2025-03-05T14:56:17.500Z", "user": 1, "content_type": 3, "object_id": "19", "object_repr": "Toyota / Save Mart 350", "action_flag": 1, "change_message": "[{\"added\": {}}]"}}, {"model": "admin.logentry", "pk": 156, "fields": {"action_time": "2025-03-05T14:58:20.605Z", "user": 1, "content_type": 7, "object_id": "18", "object_repr": "Delaware", "action_flag": 1, "change_message": "[{\"added\": {}}]"}}, {"model": "admin.logentry", "pk": 157, "fields": {"action_time": "2025-03-05T14:58:24.019Z", "user": 1, "content_type": 9, "object_id": "21", "object_repr": "Dover, Dover Delaware", "action_flag": 1, "change_message": "[{\"added\": {}}]"}}, {"model": "admin.logentry", "pk": 158, "fields": {"action_time": "2025-03-05T14:58:38.127Z", "user": 1, "content_type": 3, "object_id": "20", "object_repr": "Autotrader EchoPark Automotive 400", "action_flag": 1, "change_message": "[{\"added\": {}}]"}}, {"model": "admin.logentry", "pk": 159, "fields": {"action_time": "2025-03-05T14:59:38.688Z", "user": 1, "content_type": 7, "object_id": "19", "object_repr": "Indiana", "action_flag": 1, "change_message": "[{\"added\": {}}]"}}, {"model": "admin.logentry", "pk": 160, "fields": {"action_time": "2025-03-05T14:59:50.264Z", "user": 1, "content_type": 9, "object_id": "22", "object_repr": "Indianapolis, Speedway Indiana", "action_flag": 1, "change_message": "[{\"added\": {}}]"}}, {"model": "admin.logentry", "pk": 161, "fields": {"action_time": "2025-03-05T15:00:23.710Z", "user": 1, "content_type": 3, "object_id": "21", "object_repr": "Brickyard 400 Presented by PPG", "action_flag": 1, "change_message": "[{\"added\": {}}]"}}, {"model": "admin.logentry", "pk": 162, "fields": {"action_time": "2025-03-05T15:01:01.206Z", "user": 1, "content_type": 7, "object_id": "20", "object_repr": "Iowa", "action_flag": 1, "change_message": "[{\"added\": {}}]"}}, {"model": "admin.logentry", "pk": 163, "fields": {"action_time": "2025-03-05T15:01:27.857Z", "user": 1, "content_type": 7, "object_id": "21", "object_repr": "Florida", "action_flag": 1, "change_message": "[{\"added\": {}}]"}}, {"model": "admin.logentry", "pk": 164, "fields": {"action_time": "2025-03-05T15:02:01.250Z", "user": 1, "content_type": 7, "object_id": "21", "object_repr": "Florida", "action_flag": 3, "change_message": ""}}, {"model": "admin.logentry", "pk": 165, "fields": {"action_time": "2025-03-05T15:03:33.431Z", "user": 1, "content_type": 7, "object_id": "22", "object_repr": "New Hampshire", "action_flag": 1, "change_message": "[{\"added\": {}}]"}}, {"model": "admin.logentry", "pk": 166, "fields": {"action_time": "2025-03-05T15:06:06.922Z", "user": 1, "content_type": 9, "object_id": "23", "object_repr": "Richmond, Richmond Virginia", "action_flag": 1, "change_message": "[{\"added\": {}}]"}}, {"model": "admin.logentry", "pk": 167, "fields": {"action_time": "2025-03-05T15:06:56.635Z", "user": 1, "content_type": 7, "object_id": "23", "object_repr": "New York", "action_flag": 1, "change_message": "[{\"added\": {}}]"}}, {"model": "admin.logentry", "pk": 168, "fields": {"action_time": "2025-03-05T15:07:17.060Z", "user": 1, "content_type": 9, "object_id": "24", "object_repr": "Watkins Glen, Watkins Glen New York", "action_flag": 1, "change_message": "[{\"added\": {}}]"}}, {"model": "admin.logentry", "pk": 169, "fields": {"action_time": "2025-03-05T15:08:29.344Z", "user": 1, "content_type": 9, "object_id": "25", "object_repr": "Iowa, Newton Iowa", "action_flag": 1, "change_message": "[{\"added\": {}}]"}}, {"model": "admin.logentry", "pk": 170, "fields": {"action_time": "2025-03-05T15:09:35.993Z", "user": 1, "content_type": 3, "object_id": "22", "object_repr": "Iowa Corn 350 Powered by Ethanol", "action_flag": 1, "change_message": "[{\"added\": {}}]"}}, {"model": "auth.permission", "pk": 1, "fields": {"name": "Can add driver", "content_type": 1, "codename": "add_driver"}}, {"model": "auth.permission", "pk": 2, "fields": {"name": "Can change driver", "content_type": 1, "codename": "change_driver"}}, {"model": "auth.permission", "pk": 3, "fields": {"name": "Can delete driver", "content_type": 1, "codename": "delete_driver"}}, {"model": "auth.permission", "pk": 4, "fields": {"name": "Can view driver", "content_type": 1, "codename": "view_driver"}}, {"model": "auth.permission", "pk": 5, "fields": {"name": "Can add player", "content_type": 2, "codename": "add_player"}}, {"model": "auth.permission", "pk": 6, "fields": {"name": "Can change player", "content_type": 2, "codename": "change_player"}}, {"model": "auth.permission", "pk": 7, "fields": {"name": "Can delete player", "content_type": 2, "codename": "delete_player"}}, {"model": "auth.permission", "pk": 8, "fields": {"name": "Can view player", "content_type": 2, "codename": "view_player"}}, {"model": "auth.permission", "pk": 9, "fields": {"name": "Can add race", "content_type": 3, "codename": "add_race"}}, {"model": "auth.permission", "pk": 10, "fields": {"name": "Can change race", "content_type": 3, "codename": "change_race"}}, {"model": "auth.permission", "pk": 11, "fields": {"name": "Can delete race", "content_type": 3, "codename": "delete_race"}}, {"model": "auth.permission", "pk": 12, "fields": {"name": "Can view race", "content_type": 3, "codename": "view_race"}}, {"model": "auth.permission", "pk": 13, "fields": {"name": "Can add bet", "content_type": 4, "codename": "add_bet"}}, {"model": "auth.permission", "pk": 14, "fields": {"name": "Can change bet", "content_type": 4, "codename": "change_bet"}}, {"model": "auth.permission", "pk": 15, "fields": {"name": "Can delete bet", "content_type": 4, "codename": "delete_bet"}}, {"model": "auth.permission", "pk": 16, "fields": {"name": "Can view bet", "content_type": 4, "codename": "view_bet"}}, {"model": "auth.permission", "pk": 17, "fields": {"name": "Can add race result", "content_type": 5, "codename": "add_raceresult"}}, {"model": "auth.permission", "pk": 18, "fields": {"name": "Can change race result", "content_type": 5, "codename": "change_raceresult"}}, {"model": "auth.permission", "pk": 19, "fields": {"name": "Can delete race result", "content_type": 5, "codename": "delete_raceresult"}}, {"model": "auth.permission", "pk": 20, "fields": {"name": "Can view race result", "content_type": 5, "codename": "view_raceresult"}}, {"model": "auth.permission", "pk": 21, "fields": {"name": "Can add race settings", "content_type": 6, "codename": "add_racesettings"}}, {"model": "auth.permission", "pk": 22, "fields": {"name": "Can change race settings", "content_type": 6, "codename": "change_racesettings"}}, {"model": "auth.permission", "pk": 23, "fields": {"name": "Can delete race settings", "content_type": 6, "codename": "delete_racesettings"}}, {"model": "auth.permission", "pk": 24, "fields": {"name": "Can view race settings", "content_type": 6, "codename": "view_racesettings"}}, {"model": "auth.permission", "pk": 25, "fields": {"name": "Can add state", "content_type": 7, "codename": "add_state"}}, {"model": "auth.permission", "pk": 26, "fields": {"name": "Can change state", "content_type": 7, "codename": "change_state"}}, {"model": "auth.permission", "pk": 27, "fields": {"name": "Can delete state", "content_type": 7, "codename": "delete_state"}}, {"model": "auth.permission", "pk": 28, "fields": {"name": "Can view state", "content_type": 7, "codename": "view_state"}}, {"model": "auth.permission", "pk": 29, "fields": {"name": "Can add team", "content_type": 8, "codename": "add_team"}}, {"model": "auth.permission", "pk": 30, "fields": {"name": "Can change team", "content_type": 8, "codename": "change_team"}}, {"model": "auth.permission", "pk": 31, "fields": {"name": "Can delete team", "content_type": 8, "codename": "delete_team"}}, {"model": "auth.permission", "pk": 32, "fields": {"name": "Can view team", "content_type": 8, "codename": "view_team"}}, {"model": "auth.permission", "pk": 33, "fields": {"name": "Can add track", "content_type": 9, "codename": "add_track"}}, {"model": "auth.permission", "pk": 34, "fields": {"name": "Can change track", "content_type": 9, "codename": "change_track"}}, {"model": "auth.permission", "pk": 35, "fields": {"name": "Can delete track", "content_type": 9, "codename": "delete_track"}}, {"model": "auth.permission", "pk": 36, "fields": {"name": "Can view track", "content_type": 9, "codename": "view_track"}}, {"model": "auth.permission", "pk": 37, "fields": {"name": "Can add log entry", "content_type": 10, "codename": "add_logentry"}}, {"model": "auth.permission", "pk": 38, "fields": {"name": "Can change log entry", "content_type": 10, "codename": "change_logentry"}}, {"model": "auth.permission", "pk": 39, "fields": {"name": "Can delete log entry", "content_type": 10, "codename": "delete_logentry"}}, {"model": "auth.permission", "pk": 40, "fields": {"name": "Can view log entry", "content_type": 10, "codename": "view_logentry"}}, {"model": "auth.permission", "pk": 41, "fields": {"name": "Can add permission", "content_type": 11, "codename": "add_permission"}}, {"model": "auth.permission", "pk": 42, "fields": {"name": "Can change permission", "content_type": 11, "codename": "change_permission"}}, {"model": "auth.permission", "pk": 43, "fields": {"name": "Can delete permission", "content_type": 11, "codename": "delete_permission"}}, {"model": "auth.permission", "pk": 44, "fields": {"name": "Can view permission", "content_type": 11, "codename": "view_permission"}}, {"model": "auth.permission", "pk": 45, "fields": {"name": "Can add group", "content_type": 12, "codename": "add_group"}}, {"model": "auth.permission", "pk": 46, "fields": {"name": "Can change group", "content_type": 12, "codename": "change_group"}}, {"model": "auth.permission", "pk": 47, "fields": {"name": "Can delete group", "content_type": 12, "codename": "delete_group"}}, {"model": "auth.permission", "pk": 48, "fields": {"name": "Can view group", "content_type": 12, "codename": "view_group"}}, {"model": "auth.permission", "pk": 49, "fields": {"name": "Can add user", "content_type": 13, "codename": "add_user"}}, {"model": "auth.permission", "pk": 50, "fields": {"name": "Can change user", "content_type": 13, "codename": "change_user"}}, {"model": "auth.permission", "pk": 51, "fields": {"name": "Can delete user", "content_type": 13, "codename": "delete_user"}}, {"model": "auth.permission", "pk": 52, "fields": {"name": "Can view user", "content_type": 13, "codename": "view_user"}}, {"model": "auth.permission", "pk": 53, "fields": {"name": "Can add content type", "content_type": 14, "codename": "add_contenttype"}}, {"model": "auth.permission", "pk": 54, "fields": {"name": "Can change content type", "content_type": 14, "codename": "change_contenttype"}}, {"model": "auth.permission", "pk": 55, "fields": {"name": "Can delete content type", "content_type": 14, "codename": "delete_contenttype"}}, {"model": "auth.permission", "pk": 56, "fields": {"name": "Can view content type", "content_type": 14, "codename": "view_contenttype"}}, {"model": "auth.permission", "pk": 57, "fields": {"name": "Can add session", "content_type": 15, "codename": "add_session"}}, {"model": "auth.permission", "pk": 58, "fields": {"name": "Can change session", "content_type": 15, "codename": "change_session"}}, {"model": "auth.permission", "pk": 59, "fields": {"name": "Can delete session", "content_type": 15, "codename": "delete_session"}}, {"model": "auth.permission", "pk": 60, "fields": {"name": "Can view session", "content_type": 15, "codename": "view_session"}}, {"model": "auth.permission", "pk": 61, "fields": {"name": "Can add score board", "content_type": 16, "codename": "add_scoreboard"}}, {"model": "auth.permission", "pk": 62, "fields": {"name": "Can change score board", "content_type": 16, "codename": "change_scoreboard"}}, {"model": "auth.permission", "pk": 63, "fields": {"name": "Can delete score board", "content_type": 16, "codename": "delete_scoreboard"}}, {"model": "auth.permission", "pk": 64, "fields": {"name": "Can view score board", "content_type": 16, "codename": "view_scoreboard"}}, {"model": "auth.user", "pk": 1, "fields": {"password": "pbkdf2_sha256$720000$7EmTJZ39EkgFlWOiQTpskQ$Eq2SPIQTgKus4Prt+LUbr4pC6+yywKqK7R6Dizg23nQ=", "last_login": "2025-02-26T13:20:13.929Z", "is_superuser": true, "username": "admin", "first_name": "", "last_name": "", "email": "", "is_staff": true, "is_active": true, "date_joined": "2025-02-25T16:57:51.730Z", "groups": [], "user_permissions": []}}, {"model": "contenttypes.contenttype", "pk": 1, "fields": {"app_label": "commissioner", "model": "driver"}}, {"model": "contenttypes.contenttype", "pk": 2, "fields": {"app_label": "commissioner", "model": "player"}}, {"model": "contenttypes.contenttype", "pk": 3, "fields": {"app_label": "commissioner", "model": "race"}}, {"model": "contenttypes.contenttype", "pk": 4, "fields": {"app_label": "commissioner", "model": "bet"}}, {"model": "contenttypes.contenttype", "pk": 5, "fields": {"app_label": "commissioner", "model": "raceresult"}}, {"model": "contenttypes.contenttype", "pk": 6, "fields": {"app_label": "commissioner", "model": "racesettings"}}, {"model": "contenttypes.contenttype", "pk": 7, "fields": {"app_label": "commissioner", "model": "state"}}, {"model": "contenttypes.contenttype", "pk": 8, "fields": {"app_label": "commissioner", "model": "team"}}, {"model": "contenttypes.contenttype", "pk": 9, "fields": {"app_label": "commissioner", "model": "track"}}, {"model": "contenttypes.contenttype", "pk": 10, "fields": {"app_label": "admin", "model": "logentry"}}, {"model": "contenttypes.contenttype", "pk": 11, "fields": {"app_label": "auth", "model": "permission"}}, {"model": "contenttypes.contenttype", "pk": 12, "fields": {"app_label": "auth", "model": "group"}}, {"model": "contenttypes.contenttype", "pk": 13, "fields": {"app_label": "auth", "model": "user"}}, {"model": "contenttypes.contenttype", "pk": 14, "fields": {"app_label": "contenttypes", "model": "contenttype"}}, {"model": "contenttypes.contenttype", "pk": 15, "fields": {"app_label": "sessions", "model": "session"}}, {"model": "contenttypes.contenttype", "pk": 16, "fields": {"app_label": "commissioner", "model": "scoreboard"}}, {"model": "sessions.session", "pk": "2iwgvnthv6jp27atfupkx2gqix7yps1b", "fields": {"session_data": ".eJxVjMsOwiAQRf-FtSEDhJdL934DmWFAqoYmpV0Z_12bdKHbe865L5FwW1vaRlnSxOIslDj9boT5UfoO-I79Nss893WZSO6KPOiQ15nL83K4fwcNR_vWwTmttc_gCAtSzIprrAzWMVCNJuSilLEGwFRLhFx0hBy8VUC-qijeH-qVN_Q:1tn4pY:3FtgPOlValzeL66xfjyaxBfJUn8n-i-P97S_-dTFmks", "expire_date": "2025-03-11T23:59:16.530Z"}}, {"model": "sessions.session", "pk": "ys8pa8rej3z36fa355skz65kj20lzeyg", "fields": {"session_data": ".eJxVjMsOwiAQRf-FtSEDhJdL934DmWFAqoYmpV0Z_12bdKHbe865L5FwW1vaRlnSxOIslDj9boT5UfoO-I79Nss893WZSO6KPOiQ15nL83K4fwcNR_vWwTmttc_gCAtSzIprrAzWMVCNJuSilLEGwFRLhFx0hBy8VUC-qijeH-qVN_Q:1tnHKf:5w430xC2mtUKnvoeM6Yje_PMWnu2CIBCrmLFaQHt65I", "expire_date": "2025-03-12T13:20:13.931Z"}}]