--
-- PostgreSQL database dump
--

-- Dumped from database version 16.3
-- Dumped by pg_dump version 17.4

-- Started on 2025-04-06 19:16:39

SET statement_timeout = 0;
SET lock_timeout = 0;
SET idle_in_transaction_session_timeout = 0;
SET transaction_timeout = 0;
SET client_encoding = 'UTF8';
SET standard_conforming_strings = on;
SELECT pg_catalog.set_config('search_path', '', false);
SET check_function_bodies = false;
SET xmloption = content;
SET client_min_messages = warning;
SET row_security = off;

SET default_tablespace = '';

SET default_table_access_method = heap;

--
-- TOC entry 222 (class 1259 OID 17393)
-- Name: auth_group; Type: TABLE; Schema: public; Owner: bob
--

CREATE TABLE public.auth_group (
    id integer NOT NULL,
    name character varying(150) NOT NULL
);


ALTER TABLE public.auth_group OWNER TO bob;

--
-- TOC entry 221 (class 1259 OID 17392)
-- Name: auth_group_id_seq; Type: SEQUENCE; Schema: public; Owner: bob
--

ALTER TABLE public.auth_group ALTER COLUMN id ADD GENERATED BY DEFAULT AS IDENTITY (
    SEQUENCE NAME public.auth_group_id_seq
    START WITH 1
    INCREMENT BY 1
    NO MINVALUE
    NO MAXVALUE
    CACHE 1
);


--
-- TOC entry 224 (class 1259 OID 17401)
-- Name: auth_group_permissions; Type: TABLE; Schema: public; Owner: bob
--

CREATE TABLE public.auth_group_permissions (
    id bigint NOT NULL,
    group_id integer NOT NULL,
    permission_id integer NOT NULL
);


ALTER TABLE public.auth_group_permissions OWNER TO bob;

--
-- TOC entry 223 (class 1259 OID 17400)
-- Name: auth_group_permissions_id_seq; Type: SEQUENCE; Schema: public; Owner: bob
--

ALTER TABLE public.auth_group_permissions ALTER COLUMN id ADD GENERATED BY DEFAULT AS IDENTITY (
    SEQUENCE NAME public.auth_group_permissions_id_seq
    START WITH 1
    INCREMENT BY 1
    NO MINVALUE
    NO MAXVALUE
    CACHE 1
);


--
-- TOC entry 220 (class 1259 OID 17387)
-- Name: auth_permission; Type: TABLE; Schema: public; Owner: bob
--

CREATE TABLE public.auth_permission (
    id integer NOT NULL,
    name character varying(255) NOT NULL,
    content_type_id integer NOT NULL,
    codename character varying(100) NOT NULL
);


ALTER TABLE public.auth_permission OWNER TO bob;

--
-- TOC entry 219 (class 1259 OID 17386)
-- Name: auth_permission_id_seq; Type: SEQUENCE; Schema: public; Owner: bob
--

ALTER TABLE public.auth_permission ALTER COLUMN id ADD GENERATED BY DEFAULT AS IDENTITY (
    SEQUENCE NAME public.auth_permission_id_seq
    START WITH 1
    INCREMENT BY 1
    NO MINVALUE
    NO MAXVALUE
    CACHE 1
);


--
-- TOC entry 226 (class 1259 OID 17407)
-- Name: auth_user; Type: TABLE; Schema: public; Owner: bob
--

CREATE TABLE public.auth_user (
    id integer NOT NULL,
    password character varying(128) NOT NULL,
    last_login timestamp with time zone,
    is_superuser boolean NOT NULL,
    username character varying(150) NOT NULL,
    first_name character varying(150) NOT NULL,
    last_name character varying(150) NOT NULL,
    email character varying(254) NOT NULL,
    is_staff boolean NOT NULL,
    is_active boolean NOT NULL,
    date_joined timestamp with time zone NOT NULL
);


ALTER TABLE public.auth_user OWNER TO bob;

--
-- TOC entry 228 (class 1259 OID 17415)
-- Name: auth_user_groups; Type: TABLE; Schema: public; Owner: bob
--

CREATE TABLE public.auth_user_groups (
    id bigint NOT NULL,
    user_id integer NOT NULL,
    group_id integer NOT NULL
);


ALTER TABLE public.auth_user_groups OWNER TO bob;

--
-- TOC entry 227 (class 1259 OID 17414)
-- Name: auth_user_groups_id_seq; Type: SEQUENCE; Schema: public; Owner: bob
--

ALTER TABLE public.auth_user_groups ALTER COLUMN id ADD GENERATED BY DEFAULT AS IDENTITY (
    SEQUENCE NAME public.auth_user_groups_id_seq
    START WITH 1
    INCREMENT BY 1
    NO MINVALUE
    NO MAXVALUE
    CACHE 1
);


--
-- TOC entry 225 (class 1259 OID 17406)
-- Name: auth_user_id_seq; Type: SEQUENCE; Schema: public; Owner: bob
--

ALTER TABLE public.auth_user ALTER COLUMN id ADD GENERATED BY DEFAULT AS IDENTITY (
    SEQUENCE NAME public.auth_user_id_seq
    START WITH 1
    INCREMENT BY 1
    NO MINVALUE
    NO MAXVALUE
    CACHE 1
);


--
-- TOC entry 230 (class 1259 OID 17421)
-- Name: auth_user_user_permissions; Type: TABLE; Schema: public; Owner: bob
--

CREATE TABLE public.auth_user_user_permissions (
    id bigint NOT NULL,
    user_id integer NOT NULL,
    permission_id integer NOT NULL
);


ALTER TABLE public.auth_user_user_permissions OWNER TO bob;

--
-- TOC entry 229 (class 1259 OID 17420)
-- Name: auth_user_user_permissions_id_seq; Type: SEQUENCE; Schema: public; Owner: bob
--

ALTER TABLE public.auth_user_user_permissions ALTER COLUMN id ADD GENERATED BY DEFAULT AS IDENTITY (
    SEQUENCE NAME public.auth_user_user_permissions_id_seq
    START WITH 1
    INCREMENT BY 1
    NO MINVALUE
    NO MAXVALUE
    CACHE 1
);


--
-- TOC entry 240 (class 1259 OID 17532)
-- Name: commissioner_bet; Type: TABLE; Schema: public; Owner: bob
--

CREATE TABLE public.commissioner_bet (
    id bigint NOT NULL,
    "createdAt" timestamp with time zone,
    "updatedAt" timestamp with time zone,
    finish integer NOT NULL,
    user_id integer NOT NULL,
    driver_id bigint NOT NULL,
    player_id bigint NOT NULL,
    race_id bigint NOT NULL
);


ALTER TABLE public.commissioner_bet OWNER TO bob;

--
-- TOC entry 239 (class 1259 OID 17531)
-- Name: commissioner_bet_id_seq; Type: SEQUENCE; Schema: public; Owner: bob
--

ALTER TABLE public.commissioner_bet ALTER COLUMN id ADD GENERATED BY DEFAULT AS IDENTITY (
    SEQUENCE NAME public.commissioner_bet_id_seq
    START WITH 1
    INCREMENT BY 1
    NO MINVALUE
    NO MAXVALUE
    CACHE 1
);


--
-- TOC entry 234 (class 1259 OID 17508)
-- Name: commissioner_driver; Type: TABLE; Schema: public; Owner: bob
--

CREATE TABLE public.commissioner_driver (
    id bigint NOT NULL,
    "createdAt" timestamp with time zone,
    "updatedAt" timestamp with time zone,
    name character varying(64) NOT NULL,
    website character varying(200),
    user_id integer NOT NULL,
    salary numeric(6,0),
    salary_currency character varying(3),
    comments text
);


ALTER TABLE public.commissioner_driver OWNER TO bob;

--
-- TOC entry 233 (class 1259 OID 17507)
-- Name: commissioner_driver_id_seq; Type: SEQUENCE; Schema: public; Owner: bob
--

ALTER TABLE public.commissioner_driver ALTER COLUMN id ADD GENERATED BY DEFAULT AS IDENTITY (
    SEQUENCE NAME public.commissioner_driver_id_seq
    START WITH 1
    INCREMENT BY 1
    NO MINVALUE
    NO MAXVALUE
    CACHE 1
);


--
-- TOC entry 257 (class 1259 OID 21975)
-- Name: commissioner_drivercurrentteam; Type: TABLE; Schema: public; Owner: bob
--

CREATE TABLE public.commissioner_drivercurrentteam (
    id bigint NOT NULL,
    "createdAt" timestamp with time zone,
    "updatedAt" timestamp with time zone,
    start_date date NOT NULL,
    end_date date,
    driver_id bigint NOT NULL,
    team_id bigint NOT NULL,
    user_id integer NOT NULL,
    racing_series_id bigint
);


ALTER TABLE public.commissioner_drivercurrentteam OWNER TO bob;

--
-- TOC entry 256 (class 1259 OID 21974)
-- Name: commissioner_drivercurrentteam_id_seq; Type: SEQUENCE; Schema: public; Owner: bob
--

ALTER TABLE public.commissioner_drivercurrentteam ALTER COLUMN id ADD GENERATED BY DEFAULT AS IDENTITY (
    SEQUENCE NAME public.commissioner_drivercurrentteam_id_seq
    START WITH 1
    INCREMENT BY 1
    NO MINVALUE
    NO MAXVALUE
    CACHE 1
);


--
-- TOC entry 236 (class 1259 OID 17518)
-- Name: commissioner_player; Type: TABLE; Schema: public; Owner: bob
--

CREATE TABLE public.commissioner_player (
    id bigint NOT NULL,
    "createdAt" timestamp with time zone,
    "updatedAt" timestamp with time zone,
    name character varying(64),
    user_id integer NOT NULL,
    beers integer NOT NULL
);


ALTER TABLE public.commissioner_player OWNER TO bob;

--
-- TOC entry 235 (class 1259 OID 17517)
-- Name: commissioner_player_id_seq; Type: SEQUENCE; Schema: public; Owner: bob
--

ALTER TABLE public.commissioner_player ALTER COLUMN id ADD GENERATED BY DEFAULT AS IDENTITY (
    SEQUENCE NAME public.commissioner_player_id_seq
    START WITH 1
    INCREMENT BY 1
    NO MINVALUE
    NO MAXVALUE
    CACHE 1
);


--
-- TOC entry 238 (class 1259 OID 17526)
-- Name: commissioner_race; Type: TABLE; Schema: public; Owner: bob
--

CREATE TABLE public.commissioner_race (
    id bigint NOT NULL,
    "createdAt" timestamp with time zone,
    "updatedAt" timestamp with time zone,
    name character varying(64) NOT NULL,
    race_date date NOT NULL,
    laps integer NOT NULL,
    reload boolean NOT NULL,
    create_results_file boolean NOT NULL,
    user_id integer NOT NULL,
    track_id bigint,
    road_course boolean NOT NULL,
    series_id bigint NOT NULL
);


ALTER TABLE public.commissioner_race OWNER TO bob;

--
-- TOC entry 237 (class 1259 OID 17525)
-- Name: commissioner_race_id_seq; Type: SEQUENCE; Schema: public; Owner: bob
--

ALTER TABLE public.commissioner_race ALTER COLUMN id ADD GENERATED BY DEFAULT AS IDENTITY (
    SEQUENCE NAME public.commissioner_race_id_seq
    START WITH 1
    INCREMENT BY 1
    NO MINVALUE
    NO MAXVALUE
    CACHE 1
);


--
-- TOC entry 242 (class 1259 OID 17538)
-- Name: commissioner_raceresult; Type: TABLE; Schema: public; Owner: bob
--

CREATE TABLE public.commissioner_raceresult (
    id bigint NOT NULL,
    "createdAt" timestamp with time zone,
    "updatedAt" timestamp with time zone,
    team character varying(64),
    manufacturer character varying(64),
    start_pos integer NOT NULL,
    finish_pos integer NOT NULL,
    car_no integer NOT NULL,
    laps integer NOT NULL,
    start integer NOT NULL,
    led integer NOT NULL,
    points integer NOT NULL,
    bonus integer NOT NULL,
    penality integer NOT NULL,
    practice_pos integer NOT NULL,
    driver_id bigint NOT NULL,
    race_id bigint NOT NULL,
    user_id integer NOT NULL
);


ALTER TABLE public.commissioner_raceresult OWNER TO bob;

--
-- TOC entry 241 (class 1259 OID 17537)
-- Name: commissioner_raceresult_id_seq; Type: SEQUENCE; Schema: public; Owner: bob
--

ALTER TABLE public.commissioner_raceresult ALTER COLUMN id ADD GENERATED BY DEFAULT AS IDENTITY (
    SEQUENCE NAME public.commissioner_raceresult_id_seq
    START WITH 1
    INCREMENT BY 1
    NO MINVALUE
    NO MAXVALUE
    CACHE 1
);


--
-- TOC entry 244 (class 1259 OID 17544)
-- Name: commissioner_racesettings; Type: TABLE; Schema: public; Owner: bob
--

CREATE TABLE public.commissioner_racesettings (
    id bigint NOT NULL,
    "createdAt" timestamp with time zone,
    "updatedAt" timestamp with time zone,
    src_dir character varying(128) NOT NULL,
    contents character varying(32) NOT NULL,
    user_id integer NOT NULL
);


ALTER TABLE public.commissioner_racesettings OWNER TO bob;

--
-- TOC entry 243 (class 1259 OID 17543)
-- Name: commissioner_racesettings_id_seq; Type: SEQUENCE; Schema: public; Owner: bob
--

ALTER TABLE public.commissioner_racesettings ALTER COLUMN id ADD GENERATED BY DEFAULT AS IDENTITY (
    SEQUENCE NAME public.commissioner_racesettings_id_seq
    START WITH 1
    INCREMENT BY 1
    NO MINVALUE
    NO MAXVALUE
    CACHE 1
);


--
-- TOC entry 259 (class 1259 OID 21999)
-- Name: commissioner_racingseries; Type: TABLE; Schema: public; Owner: bob
--

CREATE TABLE public.commissioner_racingseries (
    id bigint NOT NULL,
    "createdAt" timestamp with time zone,
    "updatedAt" timestamp with time zone,
    name character varying(32) NOT NULL,
    user_id integer NOT NULL
);


ALTER TABLE public.commissioner_racingseries OWNER TO bob;

--
-- TOC entry 258 (class 1259 OID 21998)
-- Name: commissioner_racingseries_id_seq; Type: SEQUENCE; Schema: public; Owner: bob
--

ALTER TABLE public.commissioner_racingseries ALTER COLUMN id ADD GENERATED BY DEFAULT AS IDENTITY (
    SEQUENCE NAME public.commissioner_racingseries_id_seq
    START WITH 1
    INCREMENT BY 1
    NO MINVALUE
    NO MAXVALUE
    CACHE 1
);


--
-- TOC entry 253 (class 1259 OID 21892)
-- Name: commissioner_scoreboard; Type: TABLE; Schema: public; Owner: bob
--

CREATE TABLE public.commissioner_scoreboard (
    id bigint NOT NULL,
    "createdAt" timestamp with time zone,
    "updatedAt" timestamp with time zone,
    user_id integer NOT NULL,
    race_id bigint,
    looser_id bigint,
    winner_id bigint
);


ALTER TABLE public.commissioner_scoreboard OWNER TO bob;

--
-- TOC entry 252 (class 1259 OID 21891)
-- Name: commissioner_scoreboard_id_seq; Type: SEQUENCE; Schema: public; Owner: bob
--

ALTER TABLE public.commissioner_scoreboard ALTER COLUMN id ADD GENERATED BY DEFAULT AS IDENTITY (
    SEQUENCE NAME public.commissioner_scoreboard_id_seq
    START WITH 1
    INCREMENT BY 1
    NO MINVALUE
    NO MAXVALUE
    CACHE 1
);


--
-- TOC entry 246 (class 1259 OID 17550)
-- Name: commissioner_state; Type: TABLE; Schema: public; Owner: bob
--

CREATE TABLE public.commissioner_state (
    id bigint NOT NULL,
    "createdAt" timestamp with time zone,
    "updatedAt" timestamp with time zone,
    name character varying(32) NOT NULL,
    user_id integer NOT NULL,
    country character varying(32)
);


ALTER TABLE public.commissioner_state OWNER TO bob;

--
-- TOC entry 245 (class 1259 OID 17549)
-- Name: commissioner_state_id_seq; Type: SEQUENCE; Schema: public; Owner: bob
--

ALTER TABLE public.commissioner_state ALTER COLUMN id ADD GENERATED BY DEFAULT AS IDENTITY (
    SEQUENCE NAME public.commissioner_state_id_seq
    START WITH 1
    INCREMENT BY 1
    NO MINVALUE
    NO MAXVALUE
    CACHE 1
);


--
-- TOC entry 248 (class 1259 OID 17556)
-- Name: commissioner_team; Type: TABLE; Schema: public; Owner: bob
--

CREATE TABLE public.commissioner_team (
    id bigint NOT NULL,
    "createdAt" timestamp with time zone,
    "updatedAt" timestamp with time zone,
    name character varying(32) NOT NULL,
    user_id integer NOT NULL,
    website character varying(128)
);


ALTER TABLE public.commissioner_team OWNER TO bob;

--
-- TOC entry 247 (class 1259 OID 17555)
-- Name: commissioner_team_id_seq; Type: SEQUENCE; Schema: public; Owner: bob
--

ALTER TABLE public.commissioner_team ALTER COLUMN id ADD GENERATED BY DEFAULT AS IDENTITY (
    SEQUENCE NAME public.commissioner_team_id_seq
    START WITH 1
    INCREMENT BY 1
    NO MINVALUE
    NO MAXVALUE
    CACHE 1
);


--
-- TOC entry 250 (class 1259 OID 17564)
-- Name: commissioner_track; Type: TABLE; Schema: public; Owner: bob
--

CREATE TABLE public.commissioner_track (
    id bigint NOT NULL,
    "createdAt" timestamp with time zone,
    "updatedAt" timestamp with time zone,
    name character varying(64) NOT NULL,
    website character varying(200),
    city character varying(32),
    length numeric(5,4) NOT NULL,
    phone_number character varying(17) NOT NULL,
    state_id bigint,
    user_id integer NOT NULL,
    short_name character varying(16),
    track_type_id bigint
);


ALTER TABLE public.commissioner_track OWNER TO bob;

--
-- TOC entry 249 (class 1259 OID 17563)
-- Name: commissioner_track_id_seq; Type: SEQUENCE; Schema: public; Owner: bob
--

ALTER TABLE public.commissioner_track ALTER COLUMN id ADD GENERATED BY DEFAULT AS IDENTITY (
    SEQUENCE NAME public.commissioner_track_id_seq
    START WITH 1
    INCREMENT BY 1
    NO MINVALUE
    NO MAXVALUE
    CACHE 1
);


--
-- TOC entry 255 (class 1259 OID 21942)
-- Name: commissioner_tracktype; Type: TABLE; Schema: public; Owner: bob
--

CREATE TABLE public.commissioner_tracktype (
    id bigint NOT NULL,
    "createdAt" timestamp with time zone,
    "updatedAt" timestamp with time zone,
    name character varying(32) NOT NULL,
    user_id integer NOT NULL,
    track_type character varying(32)
);


ALTER TABLE public.commissioner_tracktype OWNER TO bob;

--
-- TOC entry 254 (class 1259 OID 21941)
-- Name: commissioner_tracktype_id_seq; Type: SEQUENCE; Schema: public; Owner: bob
--

ALTER TABLE public.commissioner_tracktype ALTER COLUMN id ADD GENERATED BY DEFAULT AS IDENTITY (
    SEQUENCE NAME public.commissioner_tracktype_id_seq
    START WITH 1
    INCREMENT BY 1
    NO MINVALUE
    NO MAXVALUE
    CACHE 1
);


--
-- TOC entry 232 (class 1259 OID 17479)
-- Name: django_admin_log; Type: TABLE; Schema: public; Owner: bob
--

CREATE TABLE public.django_admin_log (
    id integer NOT NULL,
    action_time timestamp with time zone NOT NULL,
    object_id text,
    object_repr character varying(200) NOT NULL,
    action_flag smallint NOT NULL,
    change_message text NOT NULL,
    content_type_id integer,
    user_id integer NOT NULL,
    CONSTRAINT django_admin_log_action_flag_check CHECK ((action_flag >= 0))
);


ALTER TABLE public.django_admin_log OWNER TO bob;

--
-- TOC entry 231 (class 1259 OID 17478)
-- Name: django_admin_log_id_seq; Type: SEQUENCE; Schema: public; Owner: bob
--

ALTER TABLE public.django_admin_log ALTER COLUMN id ADD GENERATED BY DEFAULT AS IDENTITY (
    SEQUENCE NAME public.django_admin_log_id_seq
    START WITH 1
    INCREMENT BY 1
    NO MINVALUE
    NO MAXVALUE
    CACHE 1
);


--
-- TOC entry 218 (class 1259 OID 17379)
-- Name: django_content_type; Type: TABLE; Schema: public; Owner: bob
--

CREATE TABLE public.django_content_type (
    id integer NOT NULL,
    app_label character varying(100) NOT NULL,
    model character varying(100) NOT NULL
);


ALTER TABLE public.django_content_type OWNER TO bob;

--
-- TOC entry 217 (class 1259 OID 17378)
-- Name: django_content_type_id_seq; Type: SEQUENCE; Schema: public; Owner: bob
--

ALTER TABLE public.django_content_type ALTER COLUMN id ADD GENERATED BY DEFAULT AS IDENTITY (
    SEQUENCE NAME public.django_content_type_id_seq
    START WITH 1
    INCREMENT BY 1
    NO MINVALUE
    NO MAXVALUE
    CACHE 1
);


--
-- TOC entry 216 (class 1259 OID 17371)
-- Name: django_migrations; Type: TABLE; Schema: public; Owner: bob
--

CREATE TABLE public.django_migrations (
    id bigint NOT NULL,
    app character varying(255) NOT NULL,
    name character varying(255) NOT NULL,
    applied timestamp with time zone NOT NULL
);


ALTER TABLE public.django_migrations OWNER TO bob;

--
-- TOC entry 215 (class 1259 OID 17370)
-- Name: django_migrations_id_seq; Type: SEQUENCE; Schema: public; Owner: bob
--

ALTER TABLE public.django_migrations ALTER COLUMN id ADD GENERATED BY DEFAULT AS IDENTITY (
    SEQUENCE NAME public.django_migrations_id_seq
    START WITH 1
    INCREMENT BY 1
    NO MINVALUE
    NO MAXVALUE
    CACHE 1
);


--
-- TOC entry 251 (class 1259 OID 17671)
-- Name: django_session; Type: TABLE; Schema: public; Owner: bob
--

CREATE TABLE public.django_session (
    session_key character varying(40) NOT NULL,
    session_data text NOT NULL,
    expire_date timestamp with time zone NOT NULL
);


ALTER TABLE public.django_session OWNER TO bob;

--
-- TOC entry 5110 (class 0 OID 17393)
-- Dependencies: 222
-- Data for Name: auth_group; Type: TABLE DATA; Schema: public; Owner: bob
--

COPY public.auth_group (id, name) FROM stdin;
\.


--
-- TOC entry 5112 (class 0 OID 17401)
-- Dependencies: 224
-- Data for Name: auth_group_permissions; Type: TABLE DATA; Schema: public; Owner: bob
--

COPY public.auth_group_permissions (id, group_id, permission_id) FROM stdin;
\.


--
-- TOC entry 5108 (class 0 OID 17387)
-- Dependencies: 220
-- Data for Name: auth_permission; Type: TABLE DATA; Schema: public; Owner: bob
--

COPY public.auth_permission (id, name, content_type_id, codename) FROM stdin;
1	Can add driver	1	add_driver
2	Can change driver	1	change_driver
3	Can delete driver	1	delete_driver
4	Can view driver	1	view_driver
5	Can add player	2	add_player
6	Can change player	2	change_player
7	Can delete player	2	delete_player
8	Can view player	2	view_player
9	Can add race	3	add_race
10	Can change race	3	change_race
11	Can delete race	3	delete_race
12	Can view race	3	view_race
13	Can add bet	4	add_bet
14	Can change bet	4	change_bet
15	Can delete bet	4	delete_bet
16	Can view bet	4	view_bet
17	Can add race result	5	add_raceresult
18	Can change race result	5	change_raceresult
19	Can delete race result	5	delete_raceresult
20	Can view race result	5	view_raceresult
21	Can add race settings	6	add_racesettings
22	Can change race settings	6	change_racesettings
23	Can delete race settings	6	delete_racesettings
24	Can view race settings	6	view_racesettings
25	Can add state	7	add_state
26	Can change state	7	change_state
27	Can delete state	7	delete_state
28	Can view state	7	view_state
29	Can add team	8	add_team
30	Can change team	8	change_team
31	Can delete team	8	delete_team
32	Can view team	8	view_team
33	Can add track	9	add_track
34	Can change track	9	change_track
35	Can delete track	9	delete_track
36	Can view track	9	view_track
37	Can add log entry	10	add_logentry
38	Can change log entry	10	change_logentry
39	Can delete log entry	10	delete_logentry
40	Can view log entry	10	view_logentry
41	Can add permission	11	add_permission
42	Can change permission	11	change_permission
43	Can delete permission	11	delete_permission
44	Can view permission	11	view_permission
45	Can add group	12	add_group
46	Can change group	12	change_group
47	Can delete group	12	delete_group
48	Can view group	12	view_group
49	Can add user	13	add_user
50	Can change user	13	change_user
51	Can delete user	13	delete_user
52	Can view user	13	view_user
53	Can add content type	14	add_contenttype
54	Can change content type	14	change_contenttype
55	Can delete content type	14	delete_contenttype
56	Can view content type	14	view_contenttype
57	Can add session	15	add_session
58	Can change session	15	change_session
59	Can delete session	15	delete_session
60	Can view session	15	view_session
61	Can add score board	16	add_scoreboard
62	Can change score board	16	change_scoreboard
63	Can delete score board	16	delete_scoreboard
64	Can view score board	16	view_scoreboard
65	Can add track type	17	add_tracktype
66	Can change track type	17	change_tracktype
67	Can delete track type	17	delete_tracktype
68	Can view track type	17	view_tracktype
69	Can add driver current team	18	add_drivercurrentteam
70	Can change driver current team	18	change_drivercurrentteam
71	Can delete driver current team	18	delete_drivercurrentteam
72	Can view driver current team	18	view_drivercurrentteam
73	Can add racing series	19	add_racingseries
74	Can change racing series	19	change_racingseries
75	Can delete racing series	19	delete_racingseries
76	Can view racing series	19	view_racingseries
\.


--
-- TOC entry 5114 (class 0 OID 17407)
-- Dependencies: 226
-- Data for Name: auth_user; Type: TABLE DATA; Schema: public; Owner: bob
--

COPY public.auth_user (id, password, last_login, is_superuser, username, first_name, last_name, email, is_staff, is_active, date_joined) FROM stdin;
1	pbkdf2_sha256$720000$7EmTJZ39EkgFlWOiQTpskQ$Eq2SPIQTgKus4Prt+LUbr4pC6+yywKqK7R6Dizg23nQ=	2025-03-26 14:27:14.488619-04	t	admin				t	t	2025-02-25 11:57:51.730399-05
\.


--
-- TOC entry 5116 (class 0 OID 17415)
-- Dependencies: 228
-- Data for Name: auth_user_groups; Type: TABLE DATA; Schema: public; Owner: bob
--

COPY public.auth_user_groups (id, user_id, group_id) FROM stdin;
\.


--
-- TOC entry 5118 (class 0 OID 17421)
-- Dependencies: 230
-- Data for Name: auth_user_user_permissions; Type: TABLE DATA; Schema: public; Owner: bob
--

COPY public.auth_user_user_permissions (id, user_id, permission_id) FROM stdin;
\.


--
-- TOC entry 5128 (class 0 OID 17532)
-- Dependencies: 240
-- Data for Name: commissioner_bet; Type: TABLE DATA; Schema: public; Owner: bob
--

COPY public.commissioner_bet (id, "createdAt", "updatedAt", finish, user_id, driver_id, player_id, race_id) FROM stdin;
3	2025-02-27 18:42:23.493911-05	2025-04-06 19:07:48.980413-04	4	1	7	2	2
4	2025-02-27 18:42:43.095702-05	2025-04-06 19:07:48.983415-04	28	1	8	1	2
7	2025-03-09 19:29:06.46396-04	2025-04-06 19:07:48.996353-04	28	1	7	2	7
8	2025-03-09 19:29:30.279763-04	2025-04-06 19:07:48.999353-04	1	1	31	1	7
10	2025-03-17 11:21:57.965997-04	2025-04-06 19:07:49.002407-04	9	1	20	1	8
9	2025-03-17 11:21:12.569852-04	2025-04-06 19:07:49.005407-04	12	1	31	2	8
2	2025-02-27 18:40:18.929187-05	2025-04-06 19:07:49.008737-04	7	1	7	2	1
1	2025-02-27 18:39:52.008257-05	2025-04-06 19:07:49.011737-04	1	1	1	1	1
11	2025-03-23 18:57:02.035701-04	2025-04-06 19:07:49.014737-04	17	1	37	2	9
12	2025-03-23 18:57:47.054002-04	2025-04-06 19:07:49.017737-04	12	1	1	1	9
13	2025-03-31 11:04:30.762722-04	2025-04-06 19:07:49.034746-04	4	1	15	1	10
14	2025-03-31 11:05:10.897404-04	2025-04-06 19:07:49.037742-04	11	1	7	2	10
15	2025-04-06 19:07:20.796674-04	2025-04-06 19:07:49.057249-04	2	1	1	1	108
16	2025-04-06 19:07:43.708659-04	2025-04-06 19:07:49.06025-04	1	1	24	2	108
5	2025-03-02 19:36:14.414668-05	2025-04-06 19:07:49.06525-04	3	1	2	1	6
6	2025-03-02 19:36:41.146894-05	2025-04-06 19:07:49.068249-04	6	1	33	2	6
\.


--
-- TOC entry 5122 (class 0 OID 17508)
-- Dependencies: 234
-- Data for Name: commissioner_driver; Type: TABLE DATA; Schema: public; Owner: bob
--

COPY public.commissioner_driver (id, "createdAt", "updatedAt", name, website, user_id, salary, salary_currency, comments) FROM stdin;
39	2025-02-25 13:22:00.213596-05	2025-02-25 13:22:00.213596-05	Helio Castroneves		1	\N	\N	\N
19	2025-02-25 13:22:00.192498-05	2025-03-30 13:07:23.234537-04	Justin Haley	\N	1	7000	USD	\N
25	2025-02-25 13:22:00.199498-05	2025-02-26 08:54:15.857326-05	Cody Ware	https://codyshaneware.com/	1	\N	\N	\N
21	2025-02-25 13:22:00.194497-05	2025-02-26 08:56:10.600634-05	Cole Custer	\N	1	\N	\N	\N
3	2025-02-25 13:22:00.175498-05	2025-02-26 09:07:24.695176-05	Jimmie Johnson	https://www.jimmiejohnson.com/	1	\N	\N	\N
47	2025-02-25 13:22:00.274709-05	2025-02-26 09:11:23.285578-05	Josh Williams	https://josh6williams.com/	1	\N	\N	\N
9	2025-02-25 13:22:00.182499-05	2025-02-26 09:18:26.346027-05	Justin Allgaier	http://justinallgaier.com/	1	\N	\N	\N
17	2025-02-25 13:22:00.190498-05	2025-02-26 09:26:05.580446-05	Riley Herbst	https://en.wikipedia.org/wiki/Riley_Herbst	1	\N	\N	\N
33	2025-02-25 13:22:00.207498-05	2025-02-26 09:28:07.680651-05	Shane van Gisbergen	https://en.wikipedia.org/wiki/Shane_van_Gisbergen	1	\N	\N	\N
48	2025-03-01 15:36:25.372547-05	2025-03-01 15:36:25.372547-05	Kamui Kobayashi		1	\N	\N	\N
49	2025-03-01 15:36:25.379559-05	2025-03-01 15:36:25.379559-05	Timmy Hill		1	\N	\N	\N
50	2025-03-02 19:37:11.043814-05	2025-03-02 19:37:11.043814-05	Connor Zilisch		1	\N	\N	\N
51	2025-03-05 09:20:40.10664-05	2025-03-05 09:20:40.10664-05	Derek Kraus		1	\N	\N	\N
53	2025-03-17 12:57:11.901489-04	2025-03-17 12:57:11.901489-04	Chad Finchum		1	\N	\N	\N
54	2025-03-24 11:45:49.19775-04	2025-03-24 11:45:49.19775-04	David Starr		1	\N	\N	\N
55	2025-03-24 15:12:00.588777-04	2025-03-24 15:12:00.588777-04	Josh Bilicki		1	\N	\N	\N
56	2025-03-24 15:23:42.207821-04	2025-03-24 15:23:42.207821-04	Aric Almirola		1	\N	\N	\N
57	2025-03-24 15:23:42.218687-04	2025-03-24 15:23:42.218687-04	Kevin Harvick		1	\N	\N	\N
58	2025-03-24 15:23:42.229849-04	2025-03-24 15:23:42.229849-04	Anthony Alfredo		1	\N	\N	\N
59	2025-03-24 15:57:43.013911-04	2025-03-24 15:57:43.013911-04	Ryan Newman		1	\N	\N	\N
60	2025-03-24 20:11:16.124548-04	2025-03-24 20:11:16.124548-04	Landon Cassill		1	\N	\N	\N
61	2025-03-25 13:37:48.590651-04	2025-03-25 13:37:48.590651-04	Chandler Smith		1	\N	\N	\N
62	2025-03-25 13:40:50.71971-04	2025-03-25 13:40:50.71971-04	Jenson Button		1	\N	\N	\N
63	2025-03-25 13:40:50.72473-04	2025-03-25 13:40:50.72473-04	Jordan Taylor		1	\N	\N	\N
64	2025-03-25 13:40:50.72831-04	2025-03-25 13:40:50.72831-04	Kimi Raikkonen		1	\N	\N	\N
65	2025-03-25 13:40:50.73331-04	2025-03-25 13:40:50.73331-04	Conor Daly		1	\N	\N	\N
66	2025-03-26 08:59:26.120754-04	2025-03-26 08:59:26.120754-04	Jeb Burton		1	\N	\N	\N
67	2025-03-26 09:39:12.289891-04	2025-03-26 09:39:12.289891-04	Juan Pablo Montoya		1	\N	\N	\N
68	2025-03-26 09:45:30.557897-04	2025-03-26 09:45:30.557897-04	Parker Retzlaff		1	\N	\N	\N
69	2025-03-26 09:45:30.568897-04	2025-03-26 09:45:30.568897-04	Joey Gase		1	\N	\N	\N
70	2025-03-26 09:45:30.572897-04	2025-03-26 09:45:30.572897-04	Austin Hill		1	\N	\N	\N
71	2025-03-26 09:55:46.561411-04	2025-03-26 09:55:46.561411-04	Joey Hand		1	\N	\N	\N
72	2025-03-26 09:57:22.455044-04	2025-03-26 09:57:22.455044-04	Corey Heim		1	\N	\N	\N
73	2025-03-26 10:01:55.706543-04	2025-03-26 10:01:55.706543-04	Will Brown		1	\N	\N	\N
74	2025-03-26 10:01:55.709541-04	2025-03-26 10:01:55.709541-04	Cam Waters		1	\N	\N	\N
75	2025-03-26 10:24:19.570742-04	2025-03-26 10:24:19.570742-04	David Ragan		1	\N	\N	\N
76	2025-03-26 10:26:49.156488-04	2025-03-26 10:26:49.156488-04	Brennan Poole		1	\N	\N	\N
77	2025-03-26 10:33:08.975286-04	2025-03-26 10:33:08.975286-04	Mike Rockenfeller		1	\N	\N	\N
78	2025-03-26 10:33:08.980285-04	2025-03-26 10:33:08.980285-04	Andy Lally		1	\N	\N	\N
79	2025-03-26 10:43:53.344106-04	2025-03-26 10:43:53.344106-04	Sheldon Creed		1	\N	\N	\N
80	2025-03-26 13:36:30.65548-04	2025-03-26 13:36:30.65548-04	Brodie Kostecki		1	\N	\N	\N
81	2025-03-26 13:47:45.640394-04	2025-03-26 13:47:45.640394-04	Grant Enfinger		1	\N	\N	\N
10	2025-02-25 13:22:00.183497-05	2025-03-30 12:56:06.840322-04	Chris Buescher	https://www.rfkracing.com/driver/chris-buescher/	1	11000	USD	\N
2	2025-02-25 13:22:00.173498-05	2025-03-30 12:56:31.087855-04	Tyler Reddick	https://en.wikipedia.org/wiki/Tyler_Reddick	1	12000	USD	\N
24	2025-02-25 13:22:00.198498-05	2025-03-30 12:56:51.576362-04	Denny Hamlin	\N	1	11000	USD	\N
4	2025-02-25 13:22:00.176498-05	2025-03-30 12:57:06.261286-04	Chase Briscoe	https://www.chasebriscoe.com/	1	9000	USD	\N
5	2025-02-25 13:22:00.177498-05	2025-03-30 12:57:27.557984-04	John Hunter Nemechek	https://johnhunternemechek.com/	1	8000	USD	\N
20	2025-02-25 13:22:00.193498-05	2025-03-30 13:00:24.209758-04	Kyle Larson	\N	1	12000	USD	\N
23	2025-02-25 13:22:00.196498-05	2025-03-30 13:00:49.119895-04	Austin Dillon	\N	1	7000	USD	\N
31	2025-02-25 13:22:00.205498-05	2025-03-30 13:01:34.088753-04	Christopher Bell	\N	1	13000	USD	\N
18	2025-02-25 13:22:00.191498-05	2025-03-30 13:02:50.938303-04	Ricky Stenhouse Jr.	\N	1	8000	USD	\N
26	2025-02-25 13:22:00.200499-05	2025-03-30 13:03:13.620677-04	Brad Keselowski	https://www.bradracing.com/	1	9000	USD	\N
15	2025-02-25 13:22:00.188498-05	2025-03-30 13:03:47.004221-04	Chase Elliott	\N	1	12000	USD	\N
11	2025-02-25 13:22:00.184497-05	2025-03-30 13:04:20.422381-04	Michael McDowell	https://en.wikipedia.org/wiki/Michael_McDowell_(racing_driver)	1	9000	USD	\N
7	2025-02-25 13:22:00.180498-05	2025-03-30 13:06:19.494101-04	Ryan Blaney	\N	1	10000	USD	\N
32	2025-02-25 13:22:00.206498-05	2025-03-30 13:09:59.492805-04	Ryan Preece	https://en.wikipedia.org/wiki/Ryan_Preece	1	8000	USD	\N
27	2025-02-25 13:22:00.201498-05	2025-03-30 13:10:35.896645-04	Todd Gilliland	https://en.wikipedia.org/wiki/Todd_Gilliland	1	8000	USD	\N
1	2025-02-25 13:22:00.171498-05	2025-03-30 13:11:03.477941-04	William Byron	\N	1	12000	USD	\N
8	2025-02-25 13:22:00.181498-05	2025-03-30 13:11:57.318478-04	Austin Cindric	\N	1	9000	USD	\N
30	2025-02-25 13:22:00.204498-05	2025-03-30 13:13:08.276369-04	Carson Hocevar	\N	1	9000	USD	\N
40	2025-02-25 13:22:00.214596-05	2025-03-30 13:13:36.808363-04	Ross Chastain	https://en.wikipedia.org/wiki/Ross_Chastain	1	11000	USD	\N
37	2025-02-25 13:22:00.211496-05	2025-03-30 13:14:08.191191-04	Josh Berry	https://joshberryracing.com/	1	8000	USD	\N
35	2025-02-25 13:22:00.209497-05	2025-03-30 13:15:22.333605-04	Joey Logano	\N	1	10000	USD	\N
12	2025-02-25 13:22:00.185498-05	2025-03-30 13:16:01.837279-04	Erik Jones	\N	1	7000	USD	\N
44	2025-02-25 13:22:00.256001-05	2025-03-30 13:17:09.833836-04	Harrison Burton	\N	1	4000	USD	\N
36	2025-02-25 13:22:00.210498-05	2025-03-30 13:17:33.546825-04	Zane Smith	https://en.wikipedia.org/wiki/Zane_Smith_(racing_driver)	1	7000	USD	\N
13	2025-02-25 13:22:00.186498-05	2025-03-30 13:18:13.782556-04	Daniel Suarez	\N	1	9000	USD	\N
46	2025-02-25 13:22:00.261001-05	2025-03-30 13:19:03.253335-04	Daniel Hemric	\N	1	5000	USD	\N
45	2025-02-25 13:22:00.258003-05	2025-03-30 13:20:01.880099-04	Kaz Grala	\N	1	3000	USD	\N
34	2025-02-25 13:22:00.208498-05	2025-03-30 13:21:48.929762-04	Kyle Busch	https://en.wikipedia.org/wiki/Kyle_Busch	1	9000	USD	\N
22	2025-02-25 13:22:00.195498-05	2025-03-30 13:22:29.460638-04	Corey LaJoie	\N	1	5000	USD	\N
43	2025-02-25 13:22:00.244596-05	2025-03-30 13:24:01.668693-04	J.J. Yeley	\N	1	3000	USD	\N
42	2025-02-25 13:22:00.233596-05	2025-03-30 13:24:43.544878-04	B.J. McLeod	\N	1	3000	USD	\N
38	2025-02-25 13:22:00.212501-05	2025-04-01 10:41:03.552292-04	Martin Truex Jr.	https://en.wikipedia.org/wiki/Martin_Truex_Jr.	1	0	USD	
82	2025-03-26 13:55:07.830246-04	2025-03-26 13:55:07.830246-04	Gray Gaulding		1	\N	\N	\N
83	2025-03-26 14:14:54.519294-04	2025-03-26 14:14:54.519294-04	Matt Crafton		1	\N	\N	\N
84	2025-03-26 14:14:54.521868-04	2025-03-26 14:14:54.521868-04	Jonathan Davenport		1	\N	\N	\N
85	2025-03-26 14:22:55.781551-04	2025-03-26 14:22:55.781551-04	Travis Pastrana		1	\N	\N	\N
6	2025-02-25 13:22:00.178498-05	2025-03-30 12:46:00.06807-04	Alex Bowman	https://www.alexbowmanracing.com/	1	11000	USD	\N
29	2025-02-25 13:22:00.203499-05	2025-03-30 13:01:59.906935-04	Bubba Wallace	https://www.23xiracing.com/bubba-wallace	1	10000	USD	\N
16	2025-02-25 13:22:00.189498-05	2025-03-30 13:09:31.520417-04	Ty Gibbs	https://en.wikipedia.org/wiki/Ty_Gibbs	1	9000	USD	\N
28	2025-02-25 13:22:00.202499-05	2025-03-30 13:15:05.94021-04	Noah Gragson	https://en.wikipedia.org/wiki/Noah_Gragson	1	8000	USD	\N
14	2025-02-25 13:22:00.187497-05	2025-03-30 13:21:03.287118-04	Ty Dillon	https://en.wikipedia.org/wiki/Ty_Dillon	1	3000	USD	\N
86	2025-03-30 19:38:13.12194-04	2025-03-30 19:38:13.12194-04	Casey Mears		1	\N	USD	\N
87	2025-03-30 19:38:13.12394-04	2025-03-31 19:38:24.075787-04	Burt Myers	http://burtmyersracing.com/	1	3000	USD	\N
52	2025-03-11 09:52:25.950742-04	2025-04-01 09:51:46.228278-04	Katherine Legge	\N	1	0	USD	https://www.jayski.com/2025/03/03/katherine-legge-to-make-cup-debut-at-phoenix-with-live-fast-motorsports/
41	2025-02-25 13:22:00.215596-05	2025-04-01 10:57:49.152399-04	AJ Allmendinger	https://www.ajallmendinger.com/	1	5000	USD	
\.


--
-- TOC entry 5145 (class 0 OID 21975)
-- Dependencies: 257
-- Data for Name: commissioner_drivercurrentteam; Type: TABLE DATA; Schema: public; Owner: bob
--

COPY public.commissioner_drivercurrentteam (id, "createdAt", "updatedAt", start_date, end_date, driver_id, team_id, user_id, racing_series_id) FROM stdin;
5	2025-03-31 19:09:28.76178-04	2025-03-31 19:09:28.76178-04	2025-03-31	\N	29	7	1	1
6	2025-03-31 19:12:43.656572-04	2025-03-31 19:12:43.656572-04	2025-03-31	\N	20	3	1	1
7	2025-03-31 19:14:27.577257-04	2025-03-31 19:14:27.577257-04	2025-03-31	\N	24	9	1	1
8	2025-03-31 19:15:52.144787-04	2025-03-31 19:15:52.144787-04	2025-03-31	\N	31	9	1	1
9	2025-03-31 19:16:54.298869-04	2025-03-31 19:16:54.298869-04	2025-03-31	\N	37	17	1	1
10	2025-03-31 19:17:42.630924-04	2025-03-31 19:17:42.630924-04	2025-03-31	\N	7	1	1	1
12	2025-03-31 19:21:55.80478-04	2025-03-31 19:21:55.80478-04	2025-03-31	\N	4	9	1	1
13	2025-03-31 19:22:51.091262-04	2025-03-31 19:22:51.092263-04	2025-03-31	\N	10	6	1	1
14	2025-03-31 19:23:51.832904-04	2025-03-31 19:23:51.832904-04	2025-03-31	\N	34	4	1	1
15	2025-03-31 19:24:37.956974-04	2025-03-31 19:24:37.956974-04	2025-03-31	\N	1	3	1	1
16	2025-03-31 19:25:13.211372-04	2025-03-31 19:25:13.211372-04	2025-03-31	\N	40	13	1	1
17	2025-03-31 19:26:09.539451-04	2025-03-31 19:26:09.539451-04	2025-03-31	\N	21	11	1	1
18	2025-03-31 19:26:47.472869-04	2025-03-31 19:26:47.472869-04	2025-03-31	\N	14	2	1	1
19	2025-03-31 19:27:10.888587-04	2025-03-31 19:27:10.888587-04	2025-03-31	\N	15	3	1	1
20	2025-03-31 19:27:57.273011-04	2025-03-31 19:27:57.273011-04	2025-03-31	\N	16	9	1	1
21	2025-03-31 19:28:39.379883-04	2025-03-31 19:28:39.379883-04	2025-03-31	\N	27	19	1	1
22	2025-03-31 19:29:12.792351-04	2025-03-31 19:29:12.792351-04	2025-03-31	\N	28	19	1	1
23	2025-03-31 19:29:49.986211-04	2025-03-31 19:29:49.986211-04	2025-03-31	\N	19	8	1	1
24	2025-03-31 19:30:25.520904-04	2025-03-31 19:30:25.520904-04	2025-03-31	\N	17	7	1	1
26	2025-03-31 19:31:31.832147-04	2025-03-31 19:31:31.832147-04	2025-03-31	\N	35	1	1	1
27	2025-03-31 19:32:17.680622-04	2025-03-31 19:32:17.680622-04	2025-03-31	\N	11	8	1	1
28	2025-03-31 19:32:58.479959-04	2025-03-31 19:32:58.479959-04	2025-03-31	\N	5	14	1	1
29	2025-03-31 19:33:37.411462-04	2025-03-31 19:33:37.411462-04	2025-03-31	\N	18	20	1	1
30	2025-03-31 19:34:15.066294-04	2025-03-31 19:34:15.066294-04	2025-03-31	\N	13	13	1	1
31	2025-03-31 19:34:53.306436-04	2025-03-31 19:34:53.306436-04	2025-03-31	\N	33	13	1	1
32	2025-03-31 19:35:33.053025-04	2025-03-31 19:35:33.053025-04	2025-03-31	\N	25	10	1	1
33	2025-03-31 19:40:45.169233-04	2025-03-31 19:40:45.169233-04	2025-03-31	\N	87	21	1	1
11	2025-03-31 19:20:50.632828-04	2025-04-01 09:03:02.606525-04	2025-03-31	\N	6	3	1	1
25	2025-03-31 19:30:52.641037-04	2025-04-01 09:18:07.676654-04	2025-03-31	\N	26	6	1	1
3	2025-03-31 18:57:33.334196-04	2025-04-01 09:21:05.554327-04	2025-03-31	\N	8	1	1	1
4	2025-03-31 19:01:25.08619-04	2025-04-01 09:27:14.761373-04	2024-02-01	\N	56	9	1	2
34	2025-04-01 09:43:21.545626-04	2025-04-01 09:43:21.545626-04	2025-04-01	\N	52	22	1	3
35	2025-04-01 09:48:44.102745-04	2025-04-01 09:48:44.102745-04	2025-04-01	\N	52	5	1	1
36	2025-04-01 10:41:03.552292-04	2025-04-01 10:41:03.552292-04	2019-01-01	2024-12-31	38	9	1	1
1	2025-03-31 11:29:07.043913-04	2025-04-01 10:57:49.152399-04	2025-03-31	\N	41	14	1	1
\.


--
-- TOC entry 5124 (class 0 OID 17518)
-- Dependencies: 236
-- Data for Name: commissioner_player; Type: TABLE DATA; Schema: public; Owner: bob
--

COPY public.commissioner_player (id, "createdAt", "updatedAt", name, user_id, beers) FROM stdin;
1	2025-02-24 10:53:56.614-05	2025-02-24 10:53:56.614-05	Bob	1	0
2	2025-02-24 10:54:29.64-05	2025-02-24 10:54:29.64-05	Greg	1	0
\.


--
-- TOC entry 5126 (class 0 OID 17526)
-- Dependencies: 238
-- Data for Name: commissioner_race; Type: TABLE DATA; Schema: public; Owner: bob
--

COPY public.commissioner_race (id, "createdAt", "updatedAt", name, race_date, laps, reload, create_results_file, user_id, track_id, road_course, series_id) FROM stdin;
25	2025-03-05 19:27:12.872906-05	2025-03-05 19:27:12.872906-05	Coke Zero Sugar 400	2025-08-23	160	f	t	1	1	f	1
26	2025-03-05 19:28:01.225647-05	2025-03-05 19:28:01.225647-05	Southern 500	2025-08-31	367	f	t	1	8	f	1
27	2025-03-05 19:30:40.876299-05	2025-03-05 19:30:40.876299-05	Enjoy Illinois 300	2025-09-07	240	f	t	1	26	f	1
28	2025-03-05 19:31:22.732212-05	2025-03-05 19:31:22.732212-05	Bass Pro Shops Night Race	2025-09-13	500	f	t	1	9	f	1
29	2025-03-05 19:33:26.695295-05	2025-03-05 19:33:26.695295-05	NASCAR Cup Series Playoff Race at New Hampshire	2025-09-21	301	f	t	1	27	f	1
30	2025-03-05 19:34:13.421393-05	2025-03-05 19:34:13.421393-05	Hollywood Casino 400	2025-09-28	267	f	t	1	12	f	1
2	2025-02-24 10:50:35.186-05	2025-02-25 13:22:00.247-05	Ambetter Health 400	2025-02-23	-1	t	f	1	2	f	1
32	2025-03-05 19:36:27.536249-05	2025-03-05 19:36:27.536249-05	South Point 400	2025-10-12	267	f	t	1	5	f	1
33	2025-03-05 19:37:15.992415-05	2025-03-05 19:37:15.992415-05	YellaWood 500	2025-10-19	188	f	t	1	10	f	1
5	2025-02-27 09:16:28.104687-05	2025-02-27 09:26:25.111777-05	NASCAR Cup Series Race at Nashville	2025-06-01	300	f	t	1	15	f	1
4	2025-02-27 09:14:30.921625-05	2025-02-27 09:26:36.443689-05	Coca-Cola 600	2025-05-25	400	f	t	1	14	f	1
11	2025-02-27 09:29:11.703539-05	2025-02-27 09:29:11.703539-05	Firekeepers Casino 400	2025-06-08	200	f	t	1	16	f	1
34	2025-03-05 19:37:55.488172-05	2025-03-05 19:37:55.488172-05	NASCAR Cup Series Playoff Race at Martinsville	2025-10-26	500	f	t	1	7	f	1
35	2025-03-05 19:38:33.614082-05	2025-03-05 19:38:33.614082-05	NASCAR Cup Series Championship	2025-11-02	312	f	t	1	4	f	1
7	2025-02-27 09:20:37.880301-05	2025-03-11 09:52:25.957743-04	Shriners Children's 500	2025-03-09	312	f	f	1	4	f	1
36	2025-03-11 09:51:28.643684-04	2025-03-11 09:54:49.485396-04	NASCAR Cup Series at Las Vegas	2024-03-03	-1	f	f	1	5	f	1
8	2025-02-27 09:22:02.261153-05	2025-03-17 11:28:23.782063-04	Pennzoil 400	2025-03-16	267	f	f	1	5	f	1
70	2025-03-25 09:58:01.500142-04	2025-03-26 09:01:26.776812-04	NASCAR Cup Series Race at Las Vegas	2024-10-20	-1	f	f	1	5	f	1
69	2025-03-25 09:56:57.387668-04	2025-03-26 09:03:15.08303-04	NASCAR Cup Series Race at Charlotte	2024-10-13	-1	f	f	1	14	t	1
1	2025-02-24 10:50:02.788-05	2025-03-03 08:53:48.416526-05	Daytona 500	2025-02-16	-1	t	f	1	1	f	1
37	2025-03-17 12:55:27.030364-04	2025-03-17 12:57:11.904487-04	Homestead-Miami	2024-10-27	-1	f	f	1	6	f	1
9	2025-02-27 09:22:49.775234-05	2025-03-23 19:03:37.87466-04	Straight Talk Wireless 400	2025-03-23	267	f	f	1	6	f	1
14	2025-03-05 09:14:00.322393-05	2025-03-05 09:20:40.10964-05	NASCAR Cup Series at Phoenix	2024-03-10	-1	t	f	1	4	f	1
15	2025-03-05 09:43:33.623208-05	2025-03-05 09:44:07.335033-05	NASCAR Cup Series Race at Pocono	2025-06-22	-1	f	t	1	18	f	1
16	2025-03-05 09:45:26.791299-05	2025-03-05 09:53:53.920409-05	Quaker State 400 Available at Walmart	2025-06-28	-1	f	t	1	2	f	1
20	2025-03-05 09:58:38.126738-05	2025-03-05 09:58:38.126738-05	Autotrader EchoPark Automotive 400	2025-07-20	-1	f	t	1	21	f	1
21	2025-03-05 10:00:23.709297-05	2025-03-05 10:00:23.709297-05	Brickyard 400 Presented by PPG	2025-07-27	-1	f	t	1	22	f	1
22	2025-03-05 10:09:35.991236-05	2025-03-05 10:09:35.991236-05	Iowa Corn 350 Powered by Ethanol	2025-08-03	350	f	t	1	25	f	1
24	2025-03-05 19:26:22.156573-05	2025-03-05 19:26:22.156573-05	Cook Out 400	2025-08-16	400	f	t	1	23	f	1
38	2025-03-24 11:43:19.00895-04	2025-03-24 11:45:49.19975-04	NASCAR Cup Series at Martinsville	2024-04-07	-1	f	f	1	7	f	1
39	2025-03-24 15:09:58.704588-04	2025-03-24 15:12:00.590776-04	NASCAR Cup Series Race at Martisville	2024-11-03	-1	f	f	1	7	f	1
40	2025-03-24 15:22:30.900828-04	2025-03-24 15:23:42.23185-04	NASCAR Cup Series Race at Martinsville	2023-04-16	-1	f	f	1	7	f	1
41	2025-03-24 15:56:45.006073-04	2025-03-24 15:57:43.019912-04	NASCAR Cup Series Race at Martinsville	2023-10-29	-1	f	f	1	7	f	1
42	2025-03-24 20:09:23.136991-04	2025-03-24 20:11:16.129553-04	NASCAR Cup Series Race at Martinsville	2022-10-30	-1	f	f	1	7	f	1
3	2025-02-24 12:14:45.585-05	2025-03-25 09:31:09.515682-04	Ambetter Health 400	2024-02-25	-1	t	f	1	2	f	1
68	2025-03-25 09:55:46.166672-04	2025-03-26 09:18:55.823575-04	NASCAR Cup Series Race at Talladega	2024-10-06	-1	f	f	1	10	f	1
10	2025-02-27 09:23:39.341409-05	2025-03-30 19:48:22.478499-04	Cook Out 400	2025-03-30	400	f	f	1	7	f	1
52	2025-03-25 09:41:14.029726-04	2025-03-26 10:03:49.695488-04	NASCAR Cup Series Race at WWW	2024-06-02	-1	f	f	1	26	f	1
19	2025-03-05 09:56:17.4983-05	2025-03-25 11:38:39.123131-04	Toyota / Save Mart 350	2025-07-13	-1	f	t	1	20	t	1
56	2025-03-25 09:45:42.146878-04	2025-03-26 09:57:22.462044-04	NASCAR Cup Series Race at Nashville	2024-06-30	-1	f	f	1	15	f	1
23	2025-03-05 19:25:27.824429-05	2025-03-25 11:52:07.928514-04	Go Bowling at The Glen	2025-08-10	90	f	t	1	24	t	1
64	2025-03-25 09:52:12.605202-04	2025-03-26 09:40:23.869887-04	NASCAR Cup Series Race at Atlanta	2024-09-08	-1	f	f	1	2	f	1
13	2025-03-01 15:34:22.950878-05	2025-03-25 13:45:23.621181-04	NASCAR at COTA	2024-03-24	-1	f	f	1	3	f	1
67	2025-03-25 09:54:56.031926-04	2025-03-26 09:35:15.504502-04	NASCAR Cup Series Race at Kansas	2024-09-29	-1	f	f	1	12	f	1
66	2025-03-25 09:54:04.346987-04	2025-03-26 09:37:22.090994-04	NASCAR Cup Series Race at Bristol	2024-09-21	-1	f	f	1	9	f	1
65	2025-03-25 09:53:03.202526-04	2025-03-26 09:39:12.295405-04	NASCAR Cup Series Race at Watkins Glen	2024-09-15	-1	f	f	1	24	t	1
63	2025-03-25 09:51:35.846004-04	2025-03-26 09:42:40.000216-04	NASCAR Cup Series Race at Darlington	2024-09-01	-1	f	f	1	8	f	1
62	2025-03-25 09:50:49.209601-04	2025-03-26 09:45:30.584897-04	NASCAR Cup Series Race at Michigan	2024-08-24	-1	f	f	1	1	f	1
61	2025-03-25 09:49:40.874081-04	2025-03-26 09:47:38.016322-04	NASCAR Cup Series Race at Michigan	2024-08-18	-1	f	f	1	16	f	1
60	2025-03-25 09:48:43.206561-04	2025-03-26 09:50:22.527486-04	NASCAR Cup Series Race at Richmond	2024-08-11	-1	f	f	1	23	f	1
59	2025-03-25 09:47:42.57794-04	2025-03-26 09:52:39.175334-04	NASCAR Cup Series Race at Indianapolis	2024-07-21	-1	f	f	1	22	f	1
57	2025-03-25 09:46:18.122462-04	2025-03-26 09:55:46.588411-04	NASCAR Cup Series Race at Chicago	2024-07-07	-1	f	f	1	19	t	1
55	2025-03-25 09:44:51.783476-04	2025-03-26 09:59:05.641018-04	NASCAR Cup Series Race at New Hampshire	2024-06-23	-1	f	f	1	27	f	1
54	2025-03-25 09:44:09.416344-04	2025-03-26 10:00:34.062536-04	NASCAR Cup Series Race at Iowa	2024-06-16	-1	f	f	1	25	f	1
53	2025-03-25 09:43:23.31468-04	2025-03-26 10:01:55.713544-04	NASCAR Cup Series Race at Sonoma	2024-06-09	-1	f	f	1	20	t	1
51	2025-03-25 09:40:26.119916-04	2025-03-26 10:05:49.897357-04	NASCAR Cup Series Race at Charlotte	2024-05-26	-1	f	f	1	14	f	1
50	2025-03-25 09:39:36.15082-04	2025-03-26 10:07:41.524885-04	NASCAR Cup Series Race at Darlington	2024-05-12	-1	f	f	1	8	f	1
49	2025-03-25 09:38:56.415021-04	2025-03-26 10:09:31.731475-04	NASCAR Cup Series Race at Kansas	2024-05-05	-1	f	f	1	12	f	1
47	2025-03-25 09:37:10.024988-04	2025-03-26 10:12:42.7061-04	NASCAR Cup Series Race at	2024-04-21	-1	f	f	1	10	f	1
48	2025-03-25 09:37:51.738523-04	2025-03-26 10:14:38.443931-04	NASCAR Cup Series Race at Dover	2024-04-18	-1	f	f	1	21	f	1
46	2025-03-25 09:36:22.5539-04	2025-03-26 10:16:47.073415-04	NASCAR Cup Series Race at Texas	2024-04-14	-1	f	f	1	11	f	1
43	2025-03-25 09:17:42.119411-04	2025-03-26 10:20:55.210284-04	NASCAR Cup Series Race at Bristol	2024-03-17	-1	f	f	1	9	f	1
44	2025-03-25 09:29:47.927069-04	2025-03-26 10:24:19.586742-04	Daytona	2024-02-18	-1	f	f	1	1	f	1
31	2025-03-05 19:35:24.61561-05	2025-03-27 09:23:41.150284-04	Bank of America ROVAL 400	2025-10-05	109	f	t	1	30	t	1
72	2025-03-25 10:01:15.28162-04	2025-03-25 10:01:15.28162-04	NASCAR Cup Series Race at Texas	2025-05-04	-1	f	t	1	11	f	1
17	2025-03-05 09:47:52.605483-05	2025-03-25 11:28:33.188418-04	Grant Park 165	2025-07-06	-1	f	t	1	19	t	1
96	2025-03-25 11:47:54.885482-04	2025-03-26 13:36:30.66848-04	Indianapolis Motor Speedway	2023-07-13	-1	f	f	1	22	f	1
108	2025-04-06 19:05:50.231672-04	2025-04-06 19:06:51.811968-04	Darlington Raceway	2025-04-06	-1	f	f	1	8	f	1
12	2025-02-27 10:04:14.599149-05	2025-03-25 11:29:59.571639-04	NASCAR Cup Series Race at Mexico City	2025-06-15	100	f	t	1	17	t	1
107	2025-03-25 13:24:01.340574-04	2025-03-25 13:26:18.077641-04	Phoenix Raceway	2023-11-05	-1	f	f	1	4	f	1
106	2025-03-25 13:21:45.007614-04	2025-03-25 13:28:31.469125-04	Homestead-Miami Speedway	2023-10-22	-1	f	f	1	6	f	1
79	2025-03-25 10:36:00.21579-04	2025-03-25 13:37:48.606652-04	NASCAR Cup Series Race at Richmond	2023-04-02	-1	f	f	1	23	f	1
78	2025-03-25 10:35:11.125405-04	2025-03-25 13:40:50.73631-04	NASCAR Cup Series Race at Circuit	2023-03-26	-1	f	f	1	3	t	1
6	2025-02-27 09:17:45.094072-05	2025-03-25 13:45:34.149449-04	EchoPark Automotive Grand Prix	2025-03-02	95	t	f	1	3	f	1
71	2025-03-25 09:59:51.663402-04	2025-03-26 08:59:26.126756-04	NASCAR Cup Series Race at Phoenix	2024-11-10	-1	f	f	1	4	f	1
58	2025-03-25 09:47:00.046747-04	2025-03-26 09:54:03.905362-04	NASCAR Cup Series Race at Pocono	2024-07-14	-1	f	f	1	18	f	1
45	2025-03-25 09:34:08.074143-04	2025-03-26 10:18:40.41541-04	NASCAR Cup Series Race at Richmond	2024-03-31	-1	f	f	1	23	f	1
105	2025-03-25 13:20:44.697999-04	2025-03-26 10:26:49.161489-04	Las Vegas Motor Speedway	2023-10-15	-1	f	f	1	5	f	1
104	2025-03-25 13:19:25.807834-04	2025-03-26 10:33:08.983285-04	Charlotte Motor Speedway	2023-10-08	-1	f	f	1	14	t	1
103	2025-03-25 13:18:35.997885-04	2025-03-26 10:37:11.89783-04	Talladega Superspeedway	2023-10-01	-1	f	f	1	10	f	1
102	2025-03-25 12:03:20.593967-04	2025-03-26 10:39:33.585281-04	Texas Motor Speedway	2023-09-24	-1	f	f	1	11	f	1
101	2025-03-25 12:01:59.950274-04	2025-03-26 10:41:28.6494-04	Bristol Motor Speedway	2023-09-16	-1	f	f	1	9	f	1
100	2025-03-25 11:59:29.237541-04	2025-03-26 10:43:53.351614-04	Kansas Speedway	2023-09-10	-1	f	f	1	12	f	1
99	2025-03-25 11:56:39.54346-04	2025-03-26 10:45:28.037875-04	Darlington Raceway	2023-09-03	-1	f	f	1	8	f	1
94	2025-03-25 11:44:28.778925-04	2025-03-26 10:47:53.026877-04	Richmond Raceway	2023-07-30	-1	f	f	1	23	f	1
98	2025-03-25 11:54:33.55093-04	2025-03-26 10:49:37.642807-04	Daytona International Speedway	2023-07-26	-1	f	f	1	1	f	1
93	2025-03-25 11:43:34.745828-04	2025-03-26 10:51:45.677723-04	Pocono Raceway	2023-07-23	-1	f	f	1	18	f	1
97	2025-03-25 11:52:01.623224-04	2025-03-26 13:27:30.768247-04	Watkins Glen International	2023-07-20	-1	f	f	1	24	t	1
92	2025-03-25 11:42:49.318265-04	2025-03-26 13:29:59.720078-04	New Hampshire Motor Speedway	2023-07-16	-1	f	f	1	27	f	1
91	2025-03-25 11:41:46.658705-04	2025-03-26 13:37:56.670041-04	Atlanta Motor Speedway	2023-07-09	-1	f	f	1	2	f	1
95	2025-03-25 11:45:48.720081-04	2025-03-26 13:41:24.115748-04	Michigan International Speedway	2023-07-06	-1	f	f	1	16	f	1
90	2025-03-25 11:40:42.968572-04	2025-03-26 13:43:30.945134-04	Chicago Street Race	2023-07-02	-1	f	f	1	19	t	1
89	2025-03-25 11:39:48.570354-04	2025-03-26 13:46:01.989122-04	Nashville Superspeedway	2023-06-25	-1	f	f	1	15	f	1
88	2025-03-25 11:38:25.372117-04	2025-03-26 13:47:45.648902-04	Sonoma Raceway	2023-06-11	-1	f	f	1	20	t	1
87	2025-03-25 11:37:13.28044-04	2025-03-26 13:55:07.836249-04	World Wide Technology Raceway	2023-06-04	-1	f	f	1	26	f	1
86	2025-03-25 11:32:28.015526-04	2025-03-26 13:57:06.765992-04	Charlotte Motor Speedway	2023-05-28	-1	f	f	1	14	f	1
84	2025-03-25 11:16:39.570093-04	2025-03-26 13:58:58.772232-04	NASCAR Cup Series Race at Darlington	2023-05-14	-1	f	f	1	8	f	1
83	2025-03-25 11:15:41.996028-04	2025-03-26 14:07:51.160411-04	NASCAR Cup Series Race at Kansas	2023-05-07	-1	f	f	1	12	f	1
82	2025-03-25 11:14:56.828742-04	2025-03-26 14:09:52.138093-04	NASCAR Cup Series Race at Dover	2023-04-30	-1	f	f	1	21	f	1
81	2025-03-25 11:14:20.576425-04	2025-03-26 14:13:07.334942-04	NASCAR Cup Series Race at	2023-04-23	-1	f	f	1	10	f	1
80	2025-03-25 11:13:19.666613-04	2025-03-26 14:14:54.523941-04	NASCAR Cup Series Race at Bristol Dirt	2023-04-09	-1	f	f	1	9	f	1
77	2025-03-25 10:34:07.169984-04	2025-03-26 14:16:57.206646-04	NASCAR Cup Series Race at Atlanta	2023-03-19	-1	f	f	1	2	f	1
75	2025-03-25 10:15:00.256392-04	2025-03-26 14:18:42.64897-04	NASCAR Cup Series Race at Las Vegas	2023-03-15	-1	f	f	1	5	f	1
76	2025-03-25 10:33:14.012758-04	2025-03-26 14:20:10.390465-04	NASCAR Cup Series Race at Phoenix	2023-03-12	-1	f	f	1	4	f	1
74	2025-03-25 10:14:25.000838-04	2025-03-26 14:21:41.993721-04	NASCAR Cup Series Race at Auto Club	2023-02-26	-1	f	f	1	28	t	1
73	2025-03-25 10:10:12.645617-04	2025-03-26 14:22:55.803551-04	NASCAR Cup Series Race at Daytona	2023-02-19	-1	f	f	1	1	f	1
\.


--
-- TOC entry 5130 (class 0 OID 17538)
-- Dependencies: 242
-- Data for Name: commissioner_raceresult; Type: TABLE DATA; Schema: public; Owner: bob
--

COPY public.commissioner_raceresult (id, "createdAt", "updatedAt", team, manufacturer, start_pos, finish_pos, car_no, laps, start, led, points, bonus, penality, practice_pos, driver_id, race_id, user_id) FROM stdin;
311	2025-03-05 09:20:40.079304-05	2025-03-05 09:20:40.079304-05	\N	Toyota	13	1	20	312	-1	50	0	0	0	0	31	14	1
312	2025-03-05 09:20:40.082304-05	2025-03-05 09:20:40.082304-05	\N	Ford	14	2	17	312	-1	0	0	0	0	0	10	14	1
313	2025-03-05 09:20:40.082304-05	2025-03-05 09:20:40.082304-05	\N	Toyota	2	3	54	312	-1	57	0	0	0	0	16	14	1
314	2025-03-05 09:20:40.083543-05	2025-03-05 09:20:40.083543-05	\N	Ford	18	4	6	312	-1	0	0	0	0	0	26	14	1
315	2025-03-05 09:20:40.084506-05	2025-03-05 09:20:40.084506-05	\N	Ford	16	5	12	312	-1	0	0	0	0	0	7	14	1
316	2025-03-05 09:20:40.085364-05	2025-03-05 09:20:40.085364-05	\N	Chevrolet	12	6	1	312	-1	0	0	0	0	0	40	14	1
317	2025-03-05 09:20:40.086369-05	2025-03-05 09:20:40.086369-05	\N	Toyota	11	7	19	312	-1	55	0	0	0	0	38	14	1
318	2025-03-05 09:20:40.08737-05	2025-03-05 09:20:40.08737-05	\N	Ford	9	8	34	312	-1	0	0	0	0	0	11	14	1
319	2025-03-05 09:20:40.088369-05	2025-03-05 09:20:40.088369-05	\N	Ford	8	9	14	312	-1	0	0	0	0	0	4	14	1
320	2025-03-05 09:20:40.088826-05	2025-03-05 09:20:40.088826-05	\N	Toyota	6	10	45	312	-1	68	0	0	0	0	2	14	1
321	2025-03-05 09:20:40.089634-05	2025-03-05 09:20:40.089634-05	\N	Toyota	1	11	11	312	-1	68	0	0	0	0	24	14	1
322	2025-03-05 09:20:40.09064-05	2025-03-05 09:20:40.09064-05	\N	Ford	7	12	10	312	-1	0	0	0	0	0	28	14	1
323	2025-03-05 09:20:40.09064-05	2025-03-05 09:20:40.09064-05	\N	Chevrolet	15	13	99	312	-1	0	0	0	0	0	13	14	1
324	2025-03-05 09:20:40.091641-05	2025-03-05 09:20:40.091641-05	\N	Chevrolet	17	14	5	312	-1	0	0	0	0	0	20	14	1
325	2025-03-05 09:20:40.09264-05	2025-03-05 09:20:40.09264-05	\N	Chevrolet	10	15	77	312	-1	0	0	0	0	0	30	14	1
326	2025-03-05 09:20:40.09364-05	2025-03-05 09:20:40.09364-05	\N	Toyota	22	16	23	312	-1	0	0	0	0	0	29	14	1
327	2025-03-05 09:20:40.09364-05	2025-03-05 09:20:40.09364-05	\N	Ford	29	17	38	312	-1	14	0	0	0	0	27	14	1
328	2025-03-05 09:20:40.094641-05	2025-03-05 09:20:40.094641-05	\N	Chevrolet	5	18	24	312	-1	0	0	0	0	0	1	14	1
329	2025-03-05 09:20:40.095642-05	2025-03-05 09:20:40.095642-05	\N	Chevrolet	3	19	9	312	-1	0	0	0	0	0	15	14	1
330	2025-03-05 09:20:40.095642-05	2025-03-05 09:20:40.095642-05	\N	Chevrolet	25	20	48	312	-1	0	0	0	0	0	6	14	1
331	2025-03-05 09:20:40.096642-05	2025-03-05 09:20:40.096642-05	\N	Chevrolet	20	21	47	312	-1	0	0	0	0	0	18	14	1
332	2025-03-05 09:20:40.097641-05	2025-03-05 09:20:40.097641-05	\N	Chevrolet	31	22	8	311	-1	0	0	0	0	0	34	14	1
333	2025-03-05 09:20:40.09864-05	2025-03-05 09:20:40.09864-05	\N	Ford	27	23	41	311	-1	0	0	0	0	0	32	14	1
334	2025-03-05 09:20:40.099641-05	2025-03-05 09:20:40.099641-05	\N	Ford	33	24	51	311	-1	0	0	0	0	0	19	14	1
335	2025-03-05 09:20:40.099641-05	2025-03-05 09:20:40.099641-05	\N	Toyota	19	25	42	311	-1	0	0	0	0	0	5	14	1
336	2025-03-05 09:20:40.100641-05	2025-03-05 09:20:40.100641-05	\N	Ford	36	26	4	310	-1	0	0	0	0	0	37	14	1
337	2025-03-05 09:20:40.101641-05	2025-03-05 09:20:40.101641-05	\N	Ford	24	27	21	310	-1	0	0	0	0	0	44	14	1
338	2025-03-05 09:20:40.101641-05	2025-03-05 09:20:40.101641-05	\N	Chevrolet	21	28	10	310	-1	0	0	0	0	0	46	14	1
339	2025-03-05 09:20:40.10264-05	2025-03-05 09:20:40.10264-05	\N	Chevrolet	28	29	71	309	-1	0	0	0	0	0	36	14	1
340	2025-03-05 09:20:40.10364-05	2025-03-05 09:20:40.10364-05	\N	Ford	32	30	15	309	-1	0	0	0	0	0	45	14	1
341	2025-03-05 09:20:40.104641-05	2025-03-05 09:20:40.104641-05	\N	Toyota	4	31	43	305	-1	0	0	0	0	0	12	14	1
342	2025-03-05 09:20:40.104641-05	2025-03-05 09:20:40.104641-05	\N	Chevrolet	30	32	3	304	-1	0	0	0	0	0	23	14	1
343	2025-03-05 09:20:40.105641-05	2025-03-05 09:20:40.105641-05	\N	Chevrolet	35	33	7	204	-1	0	0	0	0	0	22	14	1
344	2025-03-05 09:20:40.105641-05	2025-03-05 09:20:40.105641-05	\N	Ford	23	34	22	203	-1	0	0	0	0	0	35	14	1
345	2025-03-05 09:20:40.10864-05	2025-03-05 09:20:40.10864-05	\N	Chevrolet	26	35	16	203	-1	0	0	0	0	0	51	14	1
346	2025-03-05 09:20:40.10864-05	2025-03-05 09:20:40.10864-05	\N	Ford	34	36	2	6	-1	0	0	0	0	0	8	14	1
1580	2025-03-26 10:01:55.683545-04	2025-03-26 10:01:55.683545-04	\N	Chevrolet	5	1	5	110	-1	19	0	0	0	0	20	53	1
1581	2025-03-26 10:01:55.685547-04	2025-03-26 10:01:55.685547-04	\N	Ford	12	2	34	110	-1	0	0	0	0	0	11	53	1
1582	2025-03-26 10:01:55.686545-04	2025-03-26 10:01:55.686545-04	\N	Ford	26	3	17	110	-1	32	0	0	0	0	10	53	1
1583	2025-03-26 10:01:55.687545-04	2025-03-26 10:01:55.687545-04	\N	Chevrolet	4	4	9	110	-1	3	0	0	0	0	15	53	1
1584	2025-03-26 10:01:55.687545-04	2025-03-26 10:01:55.687545-04	\N	Chevrolet	9	5	1	110	-1	0	0	0	0	0	40	53	1
42	2025-02-25 13:22:00.218596-05	2025-02-25 13:22:00.218596-05	\N	Toyota	32	1	20	266	-1	1	0	0	0	0	31	2	1
43	2025-02-25 13:22:00.219595-05	2025-02-25 13:22:00.219595-05	\N	Chevrolet	26	2	77	266	-1	0	0	0	0	0	30	2	1
44	2025-02-25 13:22:00.220596-05	2025-02-25 13:22:00.220596-05	\N	Chevrolet	17	3	5	266	-1	12	0	0	0	0	20	2	1
45	2025-02-25 13:22:00.220596-05	2025-02-25 13:22:00.220596-05	\N	Ford	1	4	12	266	-1	1	0	0	0	0	7	2	1
46	2025-02-25 13:22:00.221596-05	2025-02-25 13:22:00.221596-05	\N	Chevrolet	34	5	47	266	-1	0	0	0	0	0	18	2	1
47	2025-02-25 13:22:00.222596-05	2025-02-25 13:22:00.222596-05	\N	Toyota	37	6	11	266	-1	0	0	0	0	0	24	2	1
48	2025-02-25 13:22:00.222596-05	2025-02-25 13:22:00.222596-05	\N	Chevrolet	6	7	8	266	-1	13	0	0	0	0	34	2	1
49	2025-02-25 13:22:00.223595-05	2025-02-25 13:22:00.223595-05	\N	Chevrolet	33	8	1	266	-1	25	0	0	0	0	40	2	1
50	2025-02-25 13:22:00.223595-05	2025-02-25 13:22:00.223595-05	\N	Toyota	14	9	23	266	-1	0	0	0	0	0	29	2	1
51	2025-02-25 13:22:00.224595-05	2025-02-25 13:22:00.224595-05	\N	Toyota	22	10	42	266	-1	0	0	0	0	0	5	2	1
52	2025-02-25 13:22:00.225596-05	2025-02-25 13:22:00.225596-05	\N	Ford	7	11	38	266	-1	0	0	0	0	0	36	2	1
53	2025-02-25 13:22:00.226596-05	2025-02-25 13:22:00.226596-05	\N	Ford	4	12	22	266	-1	83	0	0	0	0	35	2	1
54	2025-02-25 13:22:00.226596-05	2025-02-25 13:22:00.226596-05	\N	Chevrolet	24	13	71	266	-1	0	0	0	0	0	11	2	1
55	2025-02-25 13:22:00.227596-05	2025-02-25 13:22:00.227596-05	\N	Chevrolet	12	14	16	266	-1	0	0	0	0	0	41	2	1
56	2025-02-25 13:22:00.228596-05	2025-02-25 13:22:00.228596-05	\N	Ford	5	15	34	266	-1	7	0	0	0	0	27	2	1
57	2025-02-25 13:22:00.229596-05	2025-02-25 13:22:00.229596-05	\N	Chevrolet	15	16	3	266	-1	0	0	0	0	0	23	2	1
58	2025-02-25 13:22:00.229596-05	2025-02-25 13:22:00.229596-05	\N	Toyota	27	17	35	266	-1	0	0	0	0	0	17	2	1
59	2025-02-25 13:22:00.230595-05	2025-02-25 13:22:00.230595-05	\N	Ford	11	18	60	266	-1	0	0	0	0	0	32	2	1
60	2025-02-25 13:22:00.231596-05	2025-02-25 13:22:00.231596-05	\N	Toyota	18	19	45	266	-1	0	0	0	0	0	2	2	1
61	2025-02-25 13:22:00.232596-05	2025-02-25 13:22:00.232596-05	\N	Chevrolet	19	20	9	266	-1	0	0	0	0	0	15	2	1
62	2025-02-25 13:22:00.233596-05	2025-02-25 13:22:00.233596-05	\N	Toyota	25	21	19	266	-1	5	0	0	0	0	4	2	1
63	2025-02-25 13:22:00.234596-05	2025-02-25 13:22:00.234596-05	\N	Chevrolet	38	22	78	266	-1	1	0	0	0	0	42	2	1
64	2025-02-25 13:22:00.234596-05	2025-02-25 13:22:00.234596-05	\N	Chevrolet	30	23	88	266	-1	2	0	0	0	0	33	2	1
65	2025-02-25 13:22:00.235597-05	2025-02-25 13:22:00.235597-05	\N	Chevrolet	21	24	7	266	-1	0	0	0	0	0	19	2	1
66	2025-02-25 13:22:00.236596-05	2025-02-25 13:22:00.236596-05	\N	Ford	3	25	21	265	-1	56	0	0	0	0	37	2	1
67	2025-02-25 13:22:00.236596-05	2025-02-25 13:22:00.236596-05	\N	Chevrolet	13	26	48	266	-1	6	0	0	0	0	6	2	1
68	2025-02-25 13:22:00.237596-05	2025-02-25 13:22:00.237596-05	\N	Chevrolet	16	27	24	266	-1	6	0	0	0	0	1	2	1
69	2025-02-25 13:22:00.238596-05	2025-02-25 13:22:00.238596-05	\N	Ford	2	28	2	257	-1	47	0	0	0	0	8	2	1
70	2025-02-25 13:22:00.239596-05	2025-02-25 13:22:00.239596-05	\N	Chevrolet	20	29	10	266	-1	0	0	0	0	0	14	2	1
71	2025-02-25 13:22:00.239596-05	2025-02-25 13:22:00.239596-05	\N	Ford	8	30	17	266	-1	0	0	0	0	0	10	2	1
72	2025-02-25 13:22:00.240596-05	2025-02-25 13:22:00.240596-05	\N	Toyota	28	31	43	266	-1	0	0	0	0	0	12	2	1
73	2025-02-25 13:22:00.241596-05	2025-02-25 13:22:00.241596-05	\N	Toyota	36	32	54	201	-1	0	0	0	0	0	16	2	1
74	2025-02-25 13:22:00.241596-05	2025-02-25 13:22:00.241596-05	\N	Chevrolet	29	33	99	183	-1	0	0	0	0	0	13	2	1
75	2025-02-25 13:22:00.242596-05	2025-02-25 13:22:00.242596-05	\N	Ford	10	34	4	183	-1	0	0	0	0	0	28	2	1
76	2025-02-25 13:22:00.243596-05	2025-02-25 13:22:00.243596-05	\N	Ford	31	35	51	183	-1	1	0	0	0	0	25	2	1
77	2025-02-25 13:22:00.243596-05	2025-02-25 13:22:00.243596-05	\N	Ford	23	36	41	183	-1	0	0	0	0	0	21	2	1
78	2025-02-25 13:22:00.244596-05	2025-02-25 13:22:00.244596-05	\N	Chevrolet	39	37	44	183	-1	0	0	0	0	0	43	2	1
79	2025-02-25 13:22:00.246-05	2025-02-25 13:22:00.246-05	\N	Ford	35	38	1	149	-1	0	0	0	0	0	22	2	1
80	2025-02-25 13:22:00.246-05	2025-02-25 13:22:00.246-05	\N	Ford	9	39	6	149	-1	0	0	0	0	0	26	2	1
81	2025-02-25 13:22:00.249002-05	2025-02-25 13:22:00.249002-05	\N	Chevrolet	23	1	99	260	-1	9	0	0	0	0	13	3	1
82	2025-02-25 13:22:00.250002-05	2025-02-25 13:22:00.250002-05	\N	Ford	6	2	12	260	-1	31	0	0	0	0	7	3	1
83	2025-02-25 13:22:00.251003-05	2025-02-25 13:22:00.251003-05	\N	Chevrolet	3	3	8	260	-1	28	0	0	0	0	34	3	1
84	2025-02-25 13:22:00.251003-05	2025-02-25 13:22:00.251003-05	\N	Ford	8	4	2	260	-1	32	0	0	0	0	8	3	1
85	2025-02-25 13:22:00.252002-05	2025-02-25 13:22:00.252002-05	\N	Toyota	18	5	23	260	-1	3	0	0	0	0	29	3	1
86	2025-02-25 13:22:00.253001-05	2025-02-25 13:22:00.253001-05	\N	Chevrolet	27	6	47	260	-1	1	0	0	0	0	18	3	1
87	2025-02-25 13:22:00.253001-05	2025-02-25 13:22:00.253001-05	\N	Chevrolet	21	7	1	260	-1	0	0	0	0	0	40	3	1
88	2025-02-25 13:22:00.254001-05	2025-02-25 13:22:00.254001-05	\N	Ford	1	8	34	260	-1	27	0	0	0	0	11	3	1
89	2025-02-25 13:22:00.255001-05	2025-02-25 13:22:00.255001-05	\N	Ford	7	9	17	260	-1	1	0	0	0	0	10	3	1
90	2025-02-25 13:22:00.255001-05	2025-02-25 13:22:00.255001-05	\N	Toyota	25	10	54	260	-1	0	0	0	0	0	16	3	1
91	2025-02-25 13:22:00.256001-05	2025-02-25 13:22:00.256001-05	\N	Ford	16	11	21	260	-1	0	0	0	0	0	44	3	1
92	2025-02-25 13:22:00.257001-05	2025-02-25 13:22:00.257001-05	\N	Toyota	12	12	19	260	-1	9	0	0	0	0	38	3	1
93	2025-02-25 13:22:00.257001-05	2025-02-25 13:22:00.257001-05	\N	Chevrolet	32	13	7	260	-1	0	0	0	0	0	22	3	1
94	2025-02-25 13:22:00.258003-05	2025-02-25 13:22:00.258003-05	\N	Ford	33	14	15	260	-1	0	0	0	0	0	45	3	1
95	2025-02-25 13:22:00.259001-05	2025-02-25 13:22:00.259001-05	\N	Chevrolet	28	15	9	260	-1	0	0	0	0	0	15	3	1
96	2025-02-25 13:22:00.259001-05	2025-02-25 13:22:00.259001-05	\N	Ford	20	16	41	260	-1	0	0	0	0	0	32	3	1
97	2025-02-25 13:22:00.260001-05	2025-02-25 13:22:00.260001-05	\N	Chevrolet	11	17	24	260	-1	0	0	0	0	0	1	3	1
98	2025-02-25 13:22:00.261001-05	2025-02-25 13:22:00.261001-05	\N	Chevrolet	26	18	10	260	-1	0	0	0	0	0	46	3	1
99	2025-02-25 13:22:00.262331-05	2025-02-25 13:22:00.262331-05	\N	Chevrolet	35	19	77	260	-1	0	0	0	0	0	30	3	1
100	2025-02-25 13:22:00.262661-05	2025-02-25 13:22:00.262661-05	\N	Ford	31	20	51	260	-1	0	0	0	0	0	19	3	1
101	2025-02-25 13:22:00.263709-05	2025-02-25 13:22:00.263709-05	\N	Toyota	34	21	42	260	-1	0	0	0	0	0	5	3	1
102	2025-02-25 13:22:00.264709-05	2025-02-25 13:22:00.264709-05	\N	Chevrolet	10	22	3	260	-1	0	0	0	0	0	23	3	1
103	2025-02-25 13:22:00.26571-05	2025-02-25 13:22:00.26571-05	\N	Toyota	13	23	11	259	-1	15	0	0	0	0	24	3	1
104	2025-02-25 13:22:00.26571-05	2025-02-25 13:22:00.26571-05	\N	Chevrolet	36	24	78	257	-1	0	0	0	0	0	42	3	1
105	2025-02-25 13:22:00.266709-05	2025-02-25 13:22:00.266709-05	\N	Toyota	37	25	43	256	-1	0	0	0	0	0	12	3	1
106	2025-02-25 13:22:00.26771-05	2025-02-25 13:22:00.26771-05	\N	Ford	4	26	38	256	-1	58	0	0	0	0	27	3	1
107	2025-02-25 13:22:00.26771-05	2025-02-25 13:22:00.26771-05	\N	Chevrolet	17	27	48	255	-1	0	0	0	0	0	6	3	1
108	2025-02-25 13:22:00.268709-05	2025-02-25 13:22:00.268709-05	\N	Ford	2	28	22	252	-1	27	0	0	0	0	35	3	1
109	2025-02-25 13:22:00.268709-05	2025-02-25 13:22:00.268709-05	\N	Ford	14	29	4	250	-1	0	0	0	0	0	37	3	1
110	2025-02-25 13:22:00.269709-05	2025-02-25 13:22:00.269709-05	\N	Toyota	19	30	45	243	-1	0	0	0	0	0	2	3	1
111	2025-02-25 13:22:00.270709-05	2025-02-25 13:22:00.270709-05	\N	Ford	9	31	14	239	-1	0	0	0	0	0	4	3	1
112	2025-02-25 13:22:00.271709-05	2025-02-25 13:22:00.271709-05	\N	Chevrolet	5	32	5	222	-1	17	0	0	0	0	20	3	1
113	2025-02-25 13:22:00.271709-05	2025-02-25 13:22:00.271709-05	\N	Ford	24	33	6	218	-1	2	0	0	0	0	26	3	1
114	2025-02-25 13:22:00.272709-05	2025-02-25 13:22:00.272709-05	\N	Toyota	22	34	20	148	-1	0	0	0	0	0	31	3	1
115	2025-02-25 13:22:00.273709-05	2025-02-25 13:22:00.273709-05	\N	Chevrolet	29	35	71	75	-1	0	0	0	0	0	36	3	1
116	2025-02-25 13:22:00.273709-05	2025-02-25 13:22:00.273709-05	\N	Ford	15	36	10	66	-1	0	0	0	0	0	28	3	1
117	2025-02-25 13:22:00.274709-05	2025-02-25 13:22:00.274709-05	\N	Chevrolet	30	37	16	2	-1	0	0	0	0	0	47	3	1
347	2025-03-11 09:52:25.928231-04	2025-03-11 09:52:25.928231-04	\N	Toyota	11	1	20	312	-1	0	0	0	0	0	31	7	1
348	2025-03-11 09:52:25.930742-04	2025-03-11 09:52:25.930742-04	\N	Toyota	10	2	11	312	-1	0	0	0	0	0	24	7	1
349	2025-03-11 09:52:25.931742-04	2025-03-11 09:52:25.931742-04	\N	Chevrolet	17	3	5	312	-1	0	0	0	0	0	20	7	1
350	2025-03-11 09:52:25.931742-04	2025-03-11 09:52:25.931742-04	\N	Ford	4	4	21	312	-1	0	0	0	0	0	37	7	1
351	2025-03-11 09:52:25.932741-04	2025-03-11 09:52:25.932741-04	\N	Ford	13	5	17	312	-1	0	0	0	0	0	10	7	1
352	2025-03-11 09:52:25.933742-04	2025-03-11 09:52:25.933742-04	\N	Chevrolet	1	6	24	312	-1	0	0	0	0	0	1	7	1
353	2025-03-11 09:52:25.934742-04	2025-03-11 09:52:25.934742-04	\N	Chevrolet	32	7	48	312	-1	0	0	0	0	0	6	7	1
354	2025-03-11 09:52:25.934742-04	2025-03-11 09:52:25.934742-04	\N	Chevrolet	15	8	8	312	-1	0	0	0	0	0	34	7	1
355	2025-03-11 09:52:25.935741-04	2025-03-11 09:52:25.935741-04	\N	Ford	26	9	38	312	-1	0	0	0	0	0	36	7	1
356	2025-03-11 09:52:25.936742-04	2025-03-11 09:52:25.936742-04	\N	Chevrolet	6	10	9	312	-1	0	0	0	0	0	15	7	1
357	2025-03-11 09:52:25.936742-04	2025-03-11 09:52:25.936742-04	\N	Chevrolet	24	11	1	312	-1	0	0	0	0	0	40	7	1
358	2025-03-11 09:52:25.937744-04	2025-03-11 09:52:25.937744-04	\N	Chevrolet	21	12	3	312	-1	0	0	0	0	0	23	7	1
359	2025-03-11 09:52:25.938742-04	2025-03-11 09:52:25.938742-04	\N	Ford	2	13	22	312	-1	0	0	0	0	0	35	7	1
360	2025-03-11 09:52:25.938742-04	2025-03-11 09:52:25.938742-04	\N	Toyota	36	14	42	312	-1	0	0	0	0	0	5	7	1
361	2025-03-11 09:52:25.939742-04	2025-03-11 09:52:25.939742-04	\N	Ford	28	15	60	312	-1	0	0	0	0	0	32	7	1
362	2025-03-11 09:52:25.940743-04	2025-03-11 09:52:25.940743-04	\N	Chevrolet	25	16	10	312	-1	0	0	0	0	0	14	7	1
363	2025-03-11 09:52:25.941743-04	2025-03-11 09:52:25.941743-04	\N	Ford	27	17	34	312	-1	0	0	0	0	0	27	7	1
364	2025-03-11 09:52:25.942742-04	2025-03-11 09:52:25.942742-04	\N	Toyota	5	18	43	312	-1	0	0	0	0	0	12	7	1
365	2025-03-11 09:52:25.942742-04	2025-03-11 09:52:25.942742-04	\N	Ford	14	19	2	312	-1	0	0	0	0	0	8	7	1
366	2025-03-11 09:52:25.943742-04	2025-03-11 09:52:25.943742-04	\N	Toyota	9	20	45	312	-1	0	0	0	0	0	2	7	1
367	2025-03-11 09:52:25.944747-04	2025-03-11 09:52:25.944747-04	\N	Chevrolet	22	21	47	312	-1	0	0	0	0	0	18	7	1
368	2025-03-11 09:52:25.945742-04	2025-03-11 09:52:25.945742-04	\N	Chevrolet	16	22	16	312	-1	0	0	0	0	0	41	7	1
369	2025-03-11 09:52:25.946742-04	2025-03-11 09:52:25.946742-04	\N	Chevrolet	31	23	99	312	-1	0	0	0	0	0	13	7	1
370	2025-03-11 09:52:25.946742-04	2025-03-11 09:52:25.946742-04	\N	Ford	35	24	51	312	-1	0	0	0	0	0	25	7	1
371	2025-03-11 09:52:25.947742-04	2025-03-11 09:52:25.947742-04	\N	Toyota	34	25	54	312	-1	0	0	0	0	0	16	7	1
372	2025-03-11 09:52:25.948743-04	2025-03-11 09:52:25.948743-04	\N	Ford	33	26	4	312	-1	0	0	0	0	0	28	7	1
373	2025-03-11 09:52:25.948743-04	2025-03-11 09:52:25.948743-04	\N	Chevrolet	7	27	71	312	-1	0	0	0	0	0	11	7	1
374	2025-03-11 09:52:25.949742-04	2025-03-11 09:52:25.949742-04	\N	Ford	12	28	12	312	-1	0	0	0	0	0	7	7	1
375	2025-03-11 09:52:25.950742-04	2025-03-11 09:52:25.950742-04	\N	Toyota	19	29	23	312	-1	0	0	0	0	0	29	7	1
376	2025-03-11 09:52:25.952742-04	2025-03-11 09:52:25.952742-04	\N	Chevrolet	37	30	78	312	-1	0	0	0	0	0	52	7	1
377	2025-03-11 09:52:25.952742-04	2025-03-11 09:52:25.952742-04	\N	Chevrolet	29	31	88	312	-1	0	0	0	0	0	33	7	1
378	2025-03-11 09:52:25.953742-04	2025-03-11 09:52:25.953742-04	\N	Ford	23	32	41	312	-1	0	0	0	0	0	21	7	1
379	2025-03-11 09:52:25.954742-04	2025-03-11 09:52:25.954742-04	\N	Ford	20	33	6	312	-1	0	0	0	0	0	26	7	1
380	2025-03-11 09:52:25.954742-04	2025-03-11 09:52:25.954742-04	\N	Chevrolet	8	34	7	312	-1	0	0	0	0	0	19	7	1
381	2025-03-11 09:52:25.955742-04	2025-03-11 09:52:25.955742-04	\N	Toyota	30	35	19	312	-1	0	0	0	0	0	4	7	1
382	2025-03-11 09:52:25.955742-04	2025-03-11 09:52:25.955742-04	\N	Chevrolet	3	36	77	312	-1	0	0	0	0	0	30	7	1
383	2025-03-11 09:52:25.956742-04	2025-03-11 09:52:25.956742-04	\N	Toyota	18	37	35	312	-1	0	0	0	0	0	17	7	1
1585	2025-03-26 10:01:55.688544-04	2025-03-26 10:01:55.688544-04	\N	Chevrolet	11	6	16	110	-1	3	0	0	0	0	41	53	1
1586	2025-03-26 10:01:55.689544-04	2025-03-26 10:01:55.689544-04	\N	Ford	3	7	12	110	-1	1	0	0	0	0	7	53	1
1587	2025-03-26 10:01:55.690544-04	2025-03-26 10:01:55.690544-04	\N	Toyota	2	8	45	110	-1	35	0	0	0	0	2	53	1
1588	2025-03-26 10:01:55.690544-04	2025-03-26 10:01:55.690544-04	\N	Toyota	15	9	20	110	-1	0	0	0	0	0	31	53	1
1589	2025-03-26 10:01:55.691547-04	2025-03-26 10:01:55.691547-04	\N	Ford	14	10	38	110	-1	0	0	0	0	0	27	53	1
1590	2025-03-26 10:01:55.692545-04	2025-03-26 10:01:55.692545-04	\N	Chevrolet	17	11	7	110	-1	0	0	0	0	0	22	53	1
1591	2025-03-26 10:01:55.692545-04	2025-03-26 10:01:55.692545-04	\N	Chevrolet	29	12	8	110	-1	1	0	0	0	0	34	53	1
1592	2025-03-26 10:01:55.693548-04	2025-03-26 10:01:55.693548-04	\N	Ford	35	13	6	110	-1	0	0	0	0	0	26	53	1
1593	2025-03-26 10:01:55.694551-04	2025-03-26 10:01:55.694551-04	\N	Chevrolet	7	14	99	110	-1	0	0	0	0	0	13	53	1
1594	2025-03-26 10:01:55.695546-04	2025-03-26 10:01:55.695546-04	\N	Chevrolet	8	15	48	110	-1	0	0	0	0	0	6	53	1
1595	2025-03-26 10:01:55.696548-04	2025-03-26 10:01:55.696548-04	\N	Chevrolet	20	16	71	110	-1	0	0	0	0	0	36	53	1
1596	2025-03-26 10:01:55.697548-04	2025-03-26 10:01:55.697548-04	\N	Chevrolet	13	17	77	110	-1	0	0	0	0	0	30	53	1
1597	2025-03-26 10:01:55.697548-04	2025-03-26 10:01:55.697548-04	\N	Ford	30	18	41	110	-1	0	0	0	0	0	32	53	1
1598	2025-03-26 10:01:55.698548-04	2025-03-26 10:01:55.698548-04	\N	Toyota	38	19	43	110	-1	0	0	0	0	0	12	53	1
1599	2025-03-26 10:01:55.699546-04	2025-03-26 10:01:55.699546-04	\N	Toyota	18	20	23	110	-1	0	0	0	0	0	29	53	1
1600	2025-03-26 10:01:55.699546-04	2025-03-26 10:01:55.699546-04	\N	Ford	1	21	22	110	-1	16	0	0	0	0	35	53	1
1601	2025-03-26 10:01:55.700547-04	2025-03-26 10:01:55.700547-04	\N	Ford	28	22	2	110	-1	0	0	0	0	0	8	53	1
1602	2025-03-26 10:01:55.701545-04	2025-03-26 10:01:55.701545-04	\N	Ford	36	23	15	110	-1	0	0	0	0	0	45	53	1
1603	2025-03-26 10:01:55.701545-04	2025-03-26 10:01:55.701545-04	\N	Chevrolet	33	24	47	110	-1	0	0	0	0	0	18	53	1
1604	2025-03-26 10:01:55.702546-04	2025-03-26 10:01:55.702546-04	\N	Ford	22	25	21	110	-1	0	0	0	0	0	44	53	1
1605	2025-03-26 10:01:55.702546-04	2025-03-26 10:01:55.702546-04	\N	Ford	19	26	10	110	-1	0	0	0	0	0	28	53	1
1606	2025-03-26 10:01:55.703547-04	2025-03-26 10:01:55.703547-04	\N	Toyota	21	27	19	110	-1	1	0	0	0	0	38	53	1
1607	2025-03-26 10:01:55.704551-04	2025-03-26 10:01:55.704551-04	\N	Chevrolet	34	28	10	109	-1	0	0	0	0	0	46	53	1
1608	2025-03-26 10:01:55.705543-04	2025-03-26 10:01:55.705543-04	\N	Toyota	37	29	42	109	-1	0	0	0	0	0	5	53	1
1609	2025-03-26 10:01:55.705543-04	2025-03-26 10:01:55.705543-04	\N	Chevrolet	6	30	24	108	-1	0	0	0	0	0	1	53	1
1610	2025-03-26 10:01:55.70754-04	2025-03-26 10:01:55.70754-04	\N	Chevrolet	24	31	33	107	-1	0	0	0	0	0	73	53	1
384	2025-03-11 09:54:49.457396-04	2025-03-11 09:54:49.457396-04	\N	Chevrolet	2	1	5	267	-1	181	0	0	0	0	20	36	1
385	2025-03-11 09:54:49.459395-04	2025-03-11 09:54:49.459395-04	\N	Toyota	18	2	45	267	-1	1	0	0	0	0	2	36	1
386	2025-03-11 09:54:49.460396-04	2025-03-11 09:54:49.460396-04	\N	Ford	15	3	12	267	-1	0	0	0	0	0	7	36	1
387	2025-03-11 09:54:49.461395-04	2025-03-11 09:54:49.461395-04	\N	Chevrolet	20	4	1	267	-1	2	0	0	0	0	40	36	1
388	2025-03-11 09:54:49.462394-04	2025-03-11 09:54:49.462394-04	\N	Toyota	8	5	54	267	-1	0	0	0	0	0	16	36	1
389	2025-03-11 09:54:49.462394-04	2025-03-11 09:54:49.462394-04	\N	Ford	30	6	10	267	-1	0	0	0	0	0	28	36	1
390	2025-03-11 09:54:49.463394-04	2025-03-11 09:54:49.463394-04	\N	Toyota	7	7	19	267	-1	4	0	0	0	0	38	36	1
391	2025-03-11 09:54:49.464395-04	2025-03-11 09:54:49.464395-04	\N	Toyota	28	8	11	267	-1	16	0	0	0	0	24	36	1
392	2025-03-11 09:54:49.464395-04	2025-03-11 09:54:49.464395-04	\N	Ford	1	9	22	267	-1	2	0	0	0	0	35	36	1
393	2025-03-11 09:54:49.465396-04	2025-03-11 09:54:49.465396-04	\N	Chevrolet	4	10	24	267	-1	15	0	0	0	0	1	36	1
394	2025-03-11 09:54:49.466394-04	2025-03-11 09:54:49.466394-04	\N	Chevrolet	16	11	99	267	-1	15	0	0	0	0	13	36	1
395	2025-03-11 09:54:49.467397-04	2025-03-11 09:54:49.467397-04	\N	Chevrolet	11	12	9	267	-1	0	0	0	0	0	15	36	1
396	2025-03-11 09:54:49.468395-04	2025-03-11 09:54:49.468395-04	\N	Ford	25	13	6	267	-1	0	0	0	0	0	26	36	1
194	2025-03-03 08:53:40.752561-05	2025-03-03 08:53:40.752561-05	\N	Toyota	19	1	20	95	-1	0	0	0	0	0	31	6	1
195	2025-03-03 08:53:40.755561-05	2025-03-03 08:53:40.755561-05	\N	Chevrolet	15	2	24	95	-1	0	0	0	0	0	1	6	1
196	2025-03-03 08:53:40.75656-05	2025-03-03 08:53:40.75656-05	\N	Toyota	1	3	45	95	-1	0	0	0	0	0	2	6	1
197	2025-03-03 08:53:40.75756-05	2025-03-03 08:53:40.75756-05	\N	Chevrolet	3	4	9	95	-1	0	0	0	0	0	15	6	1
198	2025-03-03 08:53:40.758561-05	2025-03-03 08:53:40.758561-05	\N	Chevrolet	8	5	8	95	-1	0	0	0	0	0	34	6	1
199	2025-03-03 08:53:40.759561-05	2025-03-03 08:53:40.759561-05	\N	Chevrolet	6	6	88	95	-1	0	0	0	0	0	33	6	1
200	2025-03-03 08:53:40.760561-05	2025-03-03 08:53:40.760561-05	\N	Ford	24	7	17	95	-1	0	0	0	0	0	10	6	1
201	2025-03-03 08:53:40.761561-05	2025-03-03 08:53:40.761561-05	\N	Ford	17	8	4	95	-1	0	0	0	0	0	28	6	1
202	2025-03-03 08:53:40.763561-05	2025-03-03 08:53:40.763561-05	\N	Chevrolet	21	9	48	95	-1	0	0	0	0	0	6	6	1
203	2025-03-03 08:53:40.764561-05	2025-03-03 08:53:40.764561-05	\N	Ford	10	10	34	95	-1	0	0	0	0	0	27	6	1
204	2025-03-03 08:53:40.764561-05	2025-03-03 08:53:40.764561-05	\N	Chevrolet	16	11	71	95	-1	0	0	0	0	0	11	6	1
205	2025-03-03 08:53:40.765561-05	2025-03-03 08:53:40.765561-05	\N	Chevrolet	9	12	1	95	-1	0	0	0	0	0	40	6	1
206	2025-03-03 08:53:40.76656-05	2025-03-03 08:53:40.76656-05	\N	Chevrolet	4	13	77	95	-1	0	0	0	0	0	30	6	1
207	2025-03-03 08:53:40.76656-05	2025-03-03 08:53:40.76656-05	\N	Toyota	18	14	19	95	-1	0	0	0	0	0	4	6	1
208	2025-03-03 08:53:40.76756-05	2025-03-03 08:53:40.76756-05	\N	Ford	26	15	6	95	-1	0	0	0	0	0	26	6	1
209	2025-03-03 08:53:40.76856-05	2025-03-03 08:53:40.76856-05	\N	Chevrolet	29	16	7	95	-1	0	0	0	0	0	19	6	1
210	2025-03-03 08:53:40.769561-05	2025-03-03 08:53:40.769561-05	\N	Toyota	31	17	35	95	-1	0	0	0	0	0	17	6	1
211	2025-03-03 08:53:40.769561-05	2025-03-03 08:53:40.769561-05	\N	Chevrolet	22	18	47	95	-1	0	0	0	0	0	18	6	1
212	2025-03-03 08:53:40.77056-05	2025-03-03 08:53:40.77056-05	\N	Ford	25	19	12	95	-1	0	0	0	0	0	7	6	1
213	2025-03-03 08:53:40.771561-05	2025-03-03 08:53:40.771561-05	\N	Toyota	2	20	23	95	-1	0	0	0	0	0	29	6	1
214	2025-03-03 08:53:40.772561-05	2025-03-03 08:53:40.772561-05	\N	Toyota	11	21	11	95	-1	0	0	0	0	0	24	6	1
215	2025-03-03 08:53:40.773561-05	2025-03-03 08:53:40.773561-05	\N	Toyota	33	22	42	95	-1	0	0	0	0	0	5	6	1
216	2025-03-03 08:53:40.774562-05	2025-03-03 08:53:40.774562-05	\N	Ford	30	23	41	95	-1	0	0	0	0	0	21	6	1
217	2025-03-03 08:53:40.775561-05	2025-03-03 08:53:40.775561-05	\N	Ford	23	24	22	95	-1	0	0	0	0	0	35	6	1
218	2025-03-03 08:53:40.77656-05	2025-03-03 08:53:40.77656-05	\N	Ford	36	25	2	95	-1	0	0	0	0	0	8	6	1
219	2025-03-03 08:53:40.77656-05	2025-03-03 08:53:40.77656-05	\N	Ford	35	26	21	95	-1	0	0	0	0	0	37	6	1
220	2025-03-03 08:53:40.777562-05	2025-03-03 08:53:40.777562-05	\N	Toyota	32	27	43	95	-1	0	0	0	0	0	12	6	1
221	2025-03-03 08:53:40.778561-05	2025-03-03 08:53:40.778561-05	\N	Chevrolet	34	28	10	95	-1	0	0	0	0	0	14	6	1
222	2025-03-03 08:53:40.77956-05	2025-03-03 08:53:40.77956-05	\N	Ford	20	29	38	95	-1	0	0	0	0	0	36	6	1
223	2025-03-03 08:53:40.780561-05	2025-03-03 08:53:40.780561-05	\N	Chevrolet	12	30	16	95	-1	0	0	0	0	0	41	6	1
224	2025-03-03 08:53:40.780561-05	2025-03-03 08:53:40.780561-05	\N	Ford	37	31	51	95	-1	0	0	0	0	0	25	6	1
225	2025-03-03 08:53:40.78156-05	2025-03-03 08:53:40.78156-05	\N	Chevrolet	7	32	5	95	-1	0	0	0	0	0	20	6	1
226	2025-03-03 08:53:40.78256-05	2025-03-03 08:53:40.78256-05	\N	Ford	28	33	60	95	-1	0	0	0	0	0	32	6	1
227	2025-03-03 08:53:40.783561-05	2025-03-03 08:53:40.783561-05	\N	Toyota	13	34	54	95	-1	0	0	0	0	0	16	6	1
228	2025-03-03 08:53:40.783561-05	2025-03-03 08:53:40.783561-05	\N	Chevrolet	27	35	3	95	-1	0	0	0	0	0	23	6	1
229	2025-03-03 08:53:40.784561-05	2025-03-03 08:53:40.784561-05	\N	Chevrolet	5	36	99	95	-1	0	0	0	0	0	13	6	1
230	2025-03-03 08:53:40.785561-05	2025-03-03 08:53:40.785561-05	\N	Chevrolet	14	37	87	95	-1	0	0	0	0	0	50	6	1
231	2025-03-03 08:53:48.355146-05	2025-03-03 08:53:48.355146-05	\N	Chevrolet	1	1	24	68	-1	42	0	0	0	0	1	13	1
232	2025-03-03 08:53:48.357195-05	2025-03-03 08:53:48.357195-05	\N	Toyota	4	2	20	68	-1	9	0	0	0	0	31	13	1
233	2025-03-03 08:53:48.358246-05	2025-03-03 08:53:48.358246-05	\N	Toyota	2	3	54	68	-1	1	0	0	0	0	16	13	1
234	2025-03-03 08:53:48.35876-05	2025-03-03 08:53:48.35876-05	\N	Chevrolet	17	4	48	68	-1	0	0	0	0	0	6	13	1
235	2025-03-03 08:53:48.359783-05	2025-03-03 08:53:48.359783-05	\N	Toyota	3	5	45	68	-1	1	0	0	0	0	2	13	1
236	2025-03-03 08:53:48.36079-05	2025-03-03 08:53:48.36079-05	\N	Chevrolet	14	6	13	68	-1	0	0	0	0	0	41	13	1
237	2025-03-03 08:53:48.361413-05	2025-03-03 08:53:48.361413-05	\N	Chevrolet	6	7	1	68	-1	10	0	0	0	0	40	13	1
238	2025-03-03 08:53:48.361919-05	2025-03-03 08:53:48.361919-05	\N	Ford	20	8	17	68	-1	0	0	0	0	0	10	13	1
239	2025-03-03 08:53:48.363289-05	2025-03-03 08:53:48.363289-05	\N	Chevrolet	16	9	8	68	-1	0	0	0	0	0	34	13	1
240	2025-03-03 08:53:48.363999-05	2025-03-03 08:53:48.363999-05	\N	Toyota	7	10	19	68	-1	2	0	0	0	0	38	13	1
241	2025-03-03 08:53:48.364652-05	2025-03-03 08:53:48.364652-05	\N	Ford	35	11	22	68	-1	0	0	0	0	0	35	13	1
242	2025-03-03 08:53:48.365371-05	2025-03-03 08:53:48.365371-05	\N	Ford	28	12	12	68	-1	0	0	0	0	0	7	13	1
243	2025-03-03 08:53:48.366376-05	2025-03-03 08:53:48.366376-05	\N	Ford	32	13	14	68	-1	0	0	0	0	0	4	13	1
244	2025-03-03 08:53:48.366376-05	2025-03-03 08:53:48.366376-05	\N	Toyota	8	14	11	68	-1	3	0	0	0	0	24	13	1
245	2025-03-03 08:53:48.367375-05	2025-03-03 08:53:48.367375-05	\N	Toyota	10	15	23	68	-1	0	0	0	0	0	29	13	1
246	2025-03-03 08:53:48.368015-05	2025-03-03 08:53:48.368015-05	\N	Chevrolet	9	16	9	68	-1	0	0	0	0	0	15	13	1
247	2025-03-03 08:53:48.36902-05	2025-03-03 08:53:48.36902-05	\N	Chevrolet	15	17	5	68	-1	0	0	0	0	0	20	13	1
248	2025-03-03 08:53:48.37002-05	2025-03-03 08:53:48.37002-05	\N	Ford	11	18	2	68	-1	0	0	0	0	0	8	13	1
249	2025-03-03 08:53:48.37002-05	2025-03-03 08:53:48.37002-05	\N	Chevrolet	34	19	71	68	-1	0	0	0	0	0	36	13	1
250	2025-03-03 08:53:48.37102-05	2025-03-03 08:53:48.37102-05	\N	Chevrolet	12	20	16	68	-1	0	0	0	0	0	33	13	1
251	2025-03-03 08:53:48.37202-05	2025-03-03 08:53:48.37202-05	\N	Toyota	22	21	42	68	-1	0	0	0	0	0	5	13	1
252	2025-03-03 08:53:48.37302-05	2025-03-03 08:53:48.37302-05	\N	Chevrolet	18	22	77	68	-1	0	0	0	0	0	30	13	1
253	2025-03-03 08:53:48.37402-05	2025-03-03 08:53:48.37402-05	\N	Ford	24	23	41	68	-1	0	0	0	0	0	32	13	1
254	2025-03-03 08:53:48.37402-05	2025-03-03 08:53:48.37402-05	\N	Chevrolet	5	24	7	68	-1	0	0	0	0	0	22	13	1
255	2025-03-03 08:53:48.375019-05	2025-03-03 08:53:48.375019-05	\N	Chevrolet	21	25	3	68	-1	0	0	0	0	0	23	13	1
256	2025-03-03 08:53:48.37602-05	2025-03-03 08:53:48.37602-05	\N	Ford	26	26	38	68	-1	0	0	0	0	0	27	13	1
257	2025-03-03 08:53:48.37702-05	2025-03-03 08:53:48.37702-05	\N	Ford	23	27	15	68	-1	0	0	0	0	0	45	13	1
258	2025-03-03 08:53:48.37702-05	2025-03-03 08:53:48.37702-05	\N	Chevrolet	30	28	47	68	-1	0	0	0	0	0	18	13	1
259	2025-03-03 08:53:48.37802-05	2025-03-03 08:53:48.37802-05	\N	Chevrolet	25	29	50	68	-1	0	0	0	0	0	48	13	1
260	2025-03-03 08:53:48.37902-05	2025-03-03 08:53:48.37902-05	\N	Ford	29	30	21	68	-1	0	0	0	0	0	44	13	1
261	2025-03-03 08:53:48.37902-05	2025-03-03 08:53:48.37902-05	\N	Chevrolet	19	31	99	68	-1	0	0	0	0	0	13	13	1
262	2025-03-03 08:53:48.380021-05	2025-03-03 08:53:48.380021-05	\N	Toyota	38	32	43	68	-1	0	0	0	0	0	12	13	1
263	2025-03-03 08:53:48.381021-05	2025-03-03 08:53:48.381021-05	\N	Ford	36	33	6	68	-1	0	0	0	0	0	26	13	1
264	2025-03-03 08:53:48.38202-05	2025-03-03 08:53:48.38202-05	\N	Ford	39	34	10	67	-1	0	0	0	0	0	28	13	1
265	2025-03-03 08:53:48.38202-05	2025-03-03 08:53:48.38202-05	\N	Ford	31	35	4	67	-1	0	0	0	0	0	37	13	1
266	2025-03-03 08:53:48.38302-05	2025-03-03 08:53:48.38302-05	\N	Ford	37	36	66	66	-1	0	0	0	0	0	49	13	1
267	2025-03-03 08:53:48.38402-05	2025-03-03 08:53:48.38402-05	\N	Chevrolet	33	37	10	66	-1	0	0	0	0	0	46	13	1
268	2025-03-03 08:53:48.38402-05	2025-03-03 08:53:48.38402-05	\N	Ford	27	38	34	51	-1	0	0	0	0	0	11	13	1
269	2025-03-03 08:53:48.38502-05	2025-03-03 08:53:48.38502-05	\N	Ford	13	39	51	68	-1	0	0	0	0	0	19	13	1
270	2025-03-03 08:53:48.389022-05	2025-03-03 08:53:48.389022-05	\N	Chevrolet	5	1	24	201	-1	10	0	0	0	0	1	1	1
271	2025-03-03 08:53:48.389022-05	2025-03-03 08:53:48.389022-05	\N	Toyota	11	2	45	201	-1	0	0	0	0	0	2	1	1
272	2025-03-03 08:53:48.390149-05	2025-03-03 08:53:48.390149-05	\N	Toyota	40	3	84	201	-1	0	0	0	0	0	3	1	1
273	2025-03-03 08:53:48.390872-05	2025-03-03 08:53:48.390872-05	\N	Toyota	1	4	19	201	-1	4	0	0	0	0	4	1	1
274	2025-03-03 08:53:48.391553-05	2025-03-03 08:53:48.391553-05	\N	Toyota	18	5	42	201	-1	0	0	0	0	0	5	1	1
275	2025-03-03 08:53:48.392174-05	2025-03-03 08:53:48.392174-05	\N	Chevrolet	38	6	48	201	-1	11	0	0	0	0	6	1	1
276	2025-03-03 08:53:48.392174-05	2025-03-03 08:53:48.392174-05	\N	Ford	16	7	12	201	-1	23	0	0	0	0	7	1	1
277	2025-03-03 08:53:48.393178-05	2025-03-03 08:53:48.393178-05	\N	Ford	2	8	2	201	-1	59	0	0	0	0	8	1	1
278	2025-03-03 08:53:48.394178-05	2025-03-03 08:53:48.394178-05	\N	Chevrolet	19	9	40	201	-1	0	0	0	0	0	9	1	1
279	2025-03-03 08:53:48.394178-05	2025-03-03 08:53:48.394178-05	\N	Ford	6	10	17	201	-1	0	0	0	0	0	10	1	1
280	2025-03-03 08:53:48.395178-05	2025-03-03 08:53:48.395178-05	\N	Chevrolet	25	11	71	201	-1	4	0	0	0	0	11	1	1
281	2025-03-03 08:53:48.395178-05	2025-03-03 08:53:48.395178-05	\N	Toyota	4	12	43	201	-1	0	0	0	0	0	12	1	1
282	2025-03-03 08:53:48.396178-05	2025-03-03 08:53:48.396178-05	\N	Chevrolet	36	13	99	201	-1	0	0	0	0	0	13	1	1
283	2025-03-03 08:53:48.397178-05	2025-03-03 08:53:48.397178-05	\N	Chevrolet	7	14	10	201	-1	3	0	0	0	0	14	1	1
284	2025-03-03 08:53:48.398179-05	2025-03-03 08:53:48.398179-05	\N	Chevrolet	17	15	9	201	-1	2	0	0	0	0	15	1	1
285	2025-03-03 08:53:48.398179-05	2025-03-03 08:53:48.398179-05	\N	Toyota	23	16	54	201	-1	0	0	0	0	0	16	1	1
286	2025-03-03 08:53:48.399178-05	2025-03-03 08:53:48.399178-05	\N	Toyota	24	17	35	201	-1	0	0	0	0	0	17	1	1
287	2025-03-03 08:53:48.400178-05	2025-03-03 08:53:48.400178-05	\N	Chevrolet	31	18	47	201	-1	0	0	0	0	0	18	1	1
288	2025-03-03 08:53:48.401178-05	2025-03-03 08:53:48.401178-05	\N	Chevrolet	35	19	7	201	-1	0	0	0	0	0	19	1	1
289	2025-03-03 08:53:48.401178-05	2025-03-03 08:53:48.401178-05	\N	Chevrolet	22	20	5	201	-1	0	0	0	0	0	20	1	1
290	2025-03-03 08:53:48.402178-05	2025-03-03 08:53:48.402178-05	\N	Ford	30	21	41	201	-1	0	0	0	0	0	21	1	1
291	2025-03-03 08:53:48.402178-05	2025-03-03 08:53:48.402178-05	\N	Ford	12	22	1	201	-1	10	0	0	0	0	22	1	1
292	2025-03-03 08:53:48.403178-05	2025-03-03 08:53:48.403178-05	\N	Chevrolet	15	23	3	201	-1	0	0	0	0	0	23	1	1
293	2025-03-03 08:53:48.404179-05	2025-03-03 08:53:48.404179-05	\N	Toyota	8	24	11	201	-1	6	0	0	0	0	24	1	1
294	2025-03-03 08:53:48.405179-05	2025-03-03 08:53:48.405179-05	\N	Ford	28	25	51	200	-1	0	0	0	0	0	25	1	1
295	2025-03-03 08:53:48.405179-05	2025-03-03 08:53:48.405179-05	\N	Ford	34	26	6	200	-1	0	0	0	0	0	26	1	1
296	2025-03-03 08:53:48.406178-05	2025-03-03 08:53:48.406178-05	\N	Ford	14	27	34	199	-1	0	0	0	0	0	27	1	1
297	2025-03-03 08:53:48.407178-05	2025-03-03 08:53:48.407178-05	\N	Ford	32	28	4	198	-1	2	0	0	0	0	28	1	1
298	2025-03-03 08:53:48.407178-05	2025-03-03 08:53:48.407178-05	\N	Toyota	3	29	23	197	-1	18	0	0	0	0	29	1	1
299	2025-03-03 08:53:48.408178-05	2025-03-03 08:53:48.408178-05	\N	Chevrolet	33	30	77	196	-1	1	0	0	0	0	30	1	1
300	2025-03-03 08:53:48.408664-05	2025-03-03 08:53:48.408664-05	\N	Toyota	20	31	20	195	-1	0	0	0	0	0	31	1	1
301	2025-03-03 08:53:48.409291-05	2025-03-03 08:53:48.409291-05	\N	Ford	27	32	60	195	-1	6	0	0	0	0	32	1	1
302	2025-03-03 08:53:48.409936-05	2025-03-03 08:53:48.409936-05	\N	Chevrolet	26	33	88	193	-1	0	0	0	0	0	33	1	1
303	2025-03-03 08:53:48.410521-05	2025-03-03 08:53:48.410521-05	\N	Chevrolet	21	34	8	186	-1	0	0	0	0	0	34	1	1
304	2025-03-03 08:53:48.411526-05	2025-03-03 08:53:48.411526-05	\N	Ford	10	35	22	185	-1	43	0	0	0	0	35	1	1
305	2025-03-03 08:53:48.411526-05	2025-03-03 08:53:48.411526-05	\N	Ford	37	36	38	108	-1	0	0	0	0	0	36	1	1
306	2025-03-03 08:53:48.412526-05	2025-03-03 08:53:48.412526-05	\N	Ford	29	37	21	105	-1	0	0	0	0	0	37	1	1
307	2025-03-03 08:53:48.413526-05	2025-03-03 08:53:48.413526-05	\N	Toyota	39	38	56	71	-1	0	0	0	0	0	38	1	1
308	2025-03-03 08:53:48.414527-05	2025-03-03 08:53:48.414527-05	\N	Chevrolet	41	39	91	70	-1	0	0	0	0	0	39	1	1
309	2025-03-03 08:53:48.415526-05	2025-03-03 08:53:48.415526-05	\N	Chevrolet	9	40	1	70	-1	0	0	0	0	0	40	1	1
310	2025-03-03 08:53:48.415526-05	2025-03-03 08:53:48.415526-05	\N	Chevrolet	13	41	16	42	-1	0	0	0	0	0	41	1	1
397	2025-03-11 09:54:49.468395-04	2025-03-11 09:54:49.468395-04	\N	Toyota	22	14	43	267	-1	0	0	0	0	0	12	36	1
398	2025-03-11 09:54:49.469395-04	2025-03-11 09:54:49.469395-04	\N	Chevrolet	14	15	77	267	-1	0	0	0	0	0	30	36	1
399	2025-03-11 09:54:49.470395-04	2025-03-11 09:54:49.470395-04	\N	Chevrolet	19	16	3	267	-1	0	0	0	0	0	23	36	1
400	2025-03-11 09:54:49.471395-04	2025-03-11 09:54:49.471395-04	\N	Chevrolet	13	17	47	267	-1	0	0	0	0	0	18	36	1
401	2025-03-11 09:54:49.471395-04	2025-03-11 09:54:49.471395-04	\N	Chevrolet	23	18	48	267	-1	3	0	0	0	0	6	36	1
402	2025-03-11 09:54:49.472395-04	2025-03-11 09:54:49.472395-04	\N	Chevrolet	34	19	10	267	-1	1	0	0	0	0	46	36	1
403	2025-03-11 09:54:49.473394-04	2025-03-11 09:54:49.473394-04	\N	Ford	26	20	4	267	-1	0	0	0	0	0	37	36	1
404	2025-03-11 09:54:49.473394-04	2025-03-11 09:54:49.473394-04	\N	Ford	6	21	14	267	-1	1	0	0	0	0	4	36	1
405	2025-03-11 09:54:49.474396-04	2025-03-11 09:54:49.474396-04	\N	Toyota	27	22	42	267	-1	0	0	0	0	0	5	36	1
406	2025-03-11 09:54:49.475395-04	2025-03-11 09:54:49.475395-04	\N	Ford	36	23	41	267	-1	0	0	0	0	0	32	36	1
407	2025-03-11 09:54:49.475395-04	2025-03-11 09:54:49.475395-04	\N	Ford	31	24	38	267	-1	0	0	0	0	0	27	36	1
408	2025-03-11 09:54:49.476395-04	2025-03-11 09:54:49.476395-04	\N	Ford	12	25	34	267	-1	4	0	0	0	0	11	36	1
409	2025-03-11 09:54:49.477394-04	2025-03-11 09:54:49.477394-04	\N	Chevrolet	21	26	8	267	-1	18	0	0	0	0	34	36	1
410	2025-03-11 09:54:49.477394-04	2025-03-11 09:54:49.477394-04	\N	Ford	35	27	51	267	-1	0	0	0	0	0	19	36	1
411	2025-03-11 09:54:49.478394-04	2025-03-11 09:54:49.478394-04	\N	Chevrolet	33	28	16	267	-1	2	0	0	0	0	51	36	1
412	2025-03-11 09:54:49.479394-04	2025-03-11 09:54:49.479394-04	\N	Ford	3	29	2	267	-1	0	0	0	0	0	8	36	1
413	2025-03-11 09:54:49.479394-04	2025-03-11 09:54:49.479394-04	\N	Ford	29	30	21	267	-1	0	0	0	0	0	44	36	1
414	2025-03-11 09:54:49.480394-04	2025-03-11 09:54:49.480394-04	\N	Ford	32	31	15	267	-1	0	0	0	0	0	45	36	1
415	2025-03-11 09:54:49.481395-04	2025-03-11 09:54:49.481395-04	\N	Chevrolet	17	32	7	266	-1	0	0	0	0	0	22	36	1
416	2025-03-11 09:54:49.481395-04	2025-03-11 09:54:49.481395-04	\N	Toyota	10	33	20	265	-1	0	0	0	0	0	31	36	1
417	2025-03-11 09:54:49.482394-04	2025-03-11 09:54:49.482394-04	\N	Chevrolet	37	34	44	261	-1	0	0	0	0	0	43	36	1
418	2025-03-11 09:54:49.483396-04	2025-03-11 09:54:49.483396-04	\N	Toyota	5	35	23	254	-1	0	0	0	0	0	29	36	1
419	2025-03-11 09:54:49.484394-04	2025-03-11 09:54:49.484394-04	\N	Chevrolet	24	36	71	254	-1	0	0	0	0	0	36	36	1
420	2025-03-11 09:54:49.485396-04	2025-03-11 09:54:49.485396-04	\N	Ford	9	37	17	27	-1	2	0	0	0	0	10	36	1
1611	2025-03-26 10:01:55.70754-04	2025-03-26 10:01:55.70754-04	\N	Ford	32	32	4	95	-1	0	0	0	0	0	37	53	1
1612	2025-03-26 10:01:55.708543-04	2025-03-26 10:01:55.708543-04	\N	Ford	27	33	51	88	-1	0	0	0	0	0	19	53	1
1613	2025-03-26 10:01:55.709541-04	2025-03-26 10:01:55.709541-04	\N	Ford	23	34	14	73	-1	0	0	0	0	0	4	53	1
1614	2025-03-26 10:01:55.710541-04	2025-03-26 10:01:55.710541-04	\N	Ford	31	35	60	66	-1	0	0	0	0	0	74	53	1
1615	2025-03-26 10:01:55.710541-04	2025-03-26 10:01:55.710541-04	\N	Chevrolet	16	36	3	39	-1	0	0	0	0	0	23	53	1
457	2025-03-17 11:28:23.755084-04	2025-03-17 11:28:23.755084-04	\N	Ford	7	1	21	267	-1	18	0	0	0	0	37	8	1
458	2025-03-17 11:28:23.756482-04	2025-03-17 11:28:23.756482-04	\N	Chevrolet	23	2	99	267	-1	12	0	0	0	0	13	8	1
459	2025-03-17 11:28:23.757301-04	2025-03-17 11:28:23.757301-04	\N	Ford	12	3	60	267	-1	0	0	0	0	0	32	8	1
460	2025-03-17 11:28:23.758011-04	2025-03-17 11:28:23.758011-04	\N	Chevrolet	8	4	24	267	-1	10	0	0	0	0	1	8	1
461	2025-03-17 11:28:23.758674-04	2025-03-17 11:28:23.758674-04	\N	Chevrolet	19	5	1	267	-1	14	0	0	0	0	40	8	1
462	2025-03-17 11:28:23.759677-04	2025-03-17 11:28:23.759677-04	\N	Ford	3	6	2	267	-1	47	0	0	0	0	8	8	1
463	2025-03-17 11:28:23.759677-04	2025-03-17 11:28:23.759677-04	\N	Chevrolet	6	7	48	267	-1	2	0	0	0	0	6	8	1
464	2025-03-17 11:28:23.760676-04	2025-03-17 11:28:23.760676-04	\N	Chevrolet	18	8	16	267	-1	0	0	0	0	0	41	8	1
465	2025-03-17 11:28:23.761676-04	2025-03-17 11:28:23.761676-04	\N	Chevrolet	10	9	5	267	-1	61	0	0	0	0	20	8	1
466	2025-03-17 11:28:23.761676-04	2025-03-17 11:28:23.761676-04	\N	Chevrolet	16	10	9	267	-1	0	0	0	0	0	15	8	1
467	2025-03-17 11:28:23.762676-04	2025-03-17 11:28:23.762676-04	\N	Ford	27	11	6	267	-1	0	0	0	0	0	26	8	1
468	2025-03-17 11:28:23.763676-04	2025-03-17 11:28:23.763676-04	\N	Toyota	13	12	20	267	-1	0	0	0	0	0	31	8	1
469	2025-03-17 11:28:23.763676-04	2025-03-17 11:28:23.763676-04	\N	Ford	11	13	17	267	-1	0	0	0	0	0	10	8	1
470	2025-03-17 11:28:23.764678-04	2025-03-17 11:28:23.764678-04	\N	Chevrolet	33	14	7	267	-1	0	0	0	0	0	19	8	1
471	2025-03-17 11:28:23.765676-04	2025-03-17 11:28:23.765676-04	\N	Ford	2	15	22	267	-1	40	0	0	0	0	35	8	1
472	2025-03-17 11:28:23.766681-04	2025-03-17 11:28:23.766681-04	\N	Chevrolet	1	16	71	267	-1	5	0	0	0	0	11	8	1
473	2025-03-17 11:28:23.767678-04	2025-03-17 11:28:23.767678-04	\N	Toyota	24	17	19	267	-1	0	0	0	0	0	4	8	1
474	2025-03-17 11:28:23.768679-04	2025-03-17 11:28:23.768679-04	\N	Chevrolet	31	18	47	267	-1	0	0	0	0	0	18	8	1
475	2025-03-17 11:28:23.768679-04	2025-03-17 11:28:23.768679-04	\N	Toyota	34	19	35	267	-1	0	0	0	0	0	17	8	1
476	2025-03-17 11:28:23.769677-04	2025-03-17 11:28:23.769677-04	\N	Toyota	30	20	42	267	-1	0	0	0	0	0	5	8	1
477	2025-03-17 11:28:23.770678-04	2025-03-17 11:28:23.770678-04	\N	Chevrolet	17	21	10	267	-1	0	0	0	0	0	14	8	1
478	2025-03-17 11:28:23.771677-04	2025-03-17 11:28:23.771677-04	\N	Toyota	29	22	54	267	-1	0	0	0	0	0	16	8	1
479	2025-03-17 11:28:23.771677-04	2025-03-17 11:28:23.771677-04	\N	Ford	9	23	38	267	-1	0	0	0	0	0	36	8	1
480	2025-03-17 11:28:23.772677-04	2025-03-17 11:28:23.772677-04	\N	Toyota	14	24	45	267	-1	34	0	0	0	0	2	8	1
481	2025-03-17 11:28:23.773676-04	2025-03-17 11:28:23.773676-04	\N	Toyota	15	25	11	267	-1	0	0	0	0	0	24	8	1
482	2025-03-17 11:28:23.774677-04	2025-03-17 11:28:23.774677-04	\N	Ford	26	26	41	267	-1	0	0	0	0	0	21	8	1
483	2025-03-17 11:28:23.775021-04	2025-03-17 11:28:23.775021-04	\N	Toyota	5	27	43	266	-1	1	0	0	0	0	12	8	1
484	2025-03-17 11:28:23.775666-04	2025-03-17 11:28:23.775666-04	\N	Toyota	20	28	23	266	-1	20	0	0	0	0	29	8	1
485	2025-03-17 11:28:23.776351-04	2025-03-17 11:28:23.776351-04	\N	Ford	32	29	34	265	-1	0	0	0	0	0	27	8	1
486	2025-03-17 11:28:23.777058-04	2025-03-17 11:28:23.777058-04	\N	Chevrolet	25	30	77	265	-1	0	0	0	0	0	30	8	1
487	2025-03-17 11:28:23.778063-04	2025-03-17 11:28:23.778063-04	\N	Ford	21	31	4	241	-1	0	0	0	0	0	28	8	1
488	2025-03-17 11:28:23.778063-04	2025-03-17 11:28:23.778063-04	\N	Chevrolet	22	32	3	240	-1	0	0	0	0	0	23	8	1
489	2025-03-17 11:28:23.779062-04	2025-03-17 11:28:23.779062-04	\N	Chevrolet	4	33	8	232	-1	3	0	0	0	0	34	8	1
490	2025-03-17 11:28:23.779062-04	2025-03-17 11:28:23.779062-04	\N	Chevrolet	28	34	88	195	-1	0	0	0	0	0	33	8	1
491	2025-03-17 11:28:23.780062-04	2025-03-17 11:28:23.780062-04	\N	Ford	36	35	12	194	-1	0	0	0	0	0	7	8	1
492	2025-03-17 11:28:23.781061-04	2025-03-17 11:28:23.781061-04	\N	Ford	35	36	51	186	-1	0	0	0	0	0	25	8	1
493	2025-03-17 12:57:11.873331-04	2025-03-17 12:57:11.873331-04	\N	Toyota	1	1	45	267	-1	97	0	0	0	0	2	37	1
494	2025-03-17 12:57:11.875331-04	2025-03-17 12:57:11.875331-04	\N	Ford	20	2	12	267	-1	47	0	0	0	0	7	37	1
495	2025-03-17 12:57:11.875331-04	2025-03-17 12:57:11.875331-04	\N	Toyota	4	3	11	267	-1	21	0	0	0	0	24	37	1
496	2025-03-17 12:57:11.876332-04	2025-03-17 12:57:11.876332-04	\N	Toyota	3	4	20	267	-1	3	0	0	0	0	31	37	1
497	2025-03-17 12:57:11.877433-04	2025-03-17 12:57:11.877433-04	\N	Chevrolet	7	5	9	267	-1	81	0	0	0	0	15	37	1
498	2025-03-17 12:57:11.878437-04	2025-03-17 12:57:11.878437-04	\N	Chevrolet	25	6	24	267	-1	0	0	0	0	0	1	37	1
499	2025-03-17 12:57:11.879438-04	2025-03-17 12:57:11.879438-04	\N	Chevrolet	11	7	48	267	-1	0	0	0	0	0	6	37	1
500	2025-03-17 12:57:11.879438-04	2025-03-17 12:57:11.879438-04	\N	Chevrolet	32	8	16	267	-1	0	0	0	0	0	41	37	1
501	2025-03-17 12:57:11.880437-04	2025-03-17 12:57:11.880437-04	\N	Chevrolet	15	9	77	267	-1	0	0	0	0	0	30	37	1
502	2025-03-17 12:57:11.880437-04	2025-03-17 12:57:11.880437-04	\N	Ford	35	10	41	267	-1	0	0	0	0	0	32	37	1
503	2025-03-17 12:57:11.881437-04	2025-03-17 12:57:11.881437-04	\N	Ford	12	11	4	267	-1	0	0	0	0	0	37	37	1
504	2025-03-17 12:57:11.882437-04	2025-03-17 12:57:11.882437-04	\N	Ford	13	12	14	267	-1	0	0	0	0	0	4	37	1
505	2025-03-17 12:57:11.882437-04	2025-03-17 12:57:11.882437-04	\N	Chevrolet	2	13	5	267	-1	1	0	0	0	0	20	37	1
506	2025-03-17 12:57:11.884441-04	2025-03-17 12:57:11.884441-04	\N	Ford	24	14	34	267	-1	0	0	0	0	0	11	37	1
507	2025-03-17 12:57:11.885437-04	2025-03-17 12:57:11.885437-04	\N	Ford	21	15	17	267	-1	0	0	0	0	0	10	37	1
508	2025-03-17 12:57:11.885437-04	2025-03-17 12:57:11.885437-04	\N	Chevrolet	23	16	99	267	-1	0	0	0	0	0	13	37	1
509	2025-03-17 12:57:11.886438-04	2025-03-17 12:57:11.886438-04	\N	Ford	18	17	6	267	-1	8	0	0	0	0	26	37	1
510	2025-03-17 12:57:11.887436-04	2025-03-17 12:57:11.887436-04	\N	Toyota	8	18	23	267	-1	2	0	0	0	0	29	37	1
511	2025-03-17 12:57:11.887436-04	2025-03-17 12:57:11.888437-04	\N	Ford	16	19	10	267	-1	0	0	0	0	0	28	37	1
512	2025-03-17 12:57:11.888437-04	2025-03-17 12:57:11.888437-04	\N	Ford	31	20	38	267	-1	1	0	0	0	0	27	37	1
513	2025-03-17 12:57:11.889437-04	2025-03-17 12:57:11.889437-04	\N	Chevrolet	5	21	47	267	-1	0	0	0	0	0	18	37	1
514	2025-03-17 12:57:11.889437-04	2025-03-17 12:57:11.889437-04	\N	Toyota	28	22	43	267	-1	0	0	0	0	0	12	37	1
515	2025-03-17 12:57:11.890439-04	2025-03-17 12:57:11.890439-04	\N	Toyota	6	23	19	267	-1	0	0	0	0	0	38	37	1
516	2025-03-17 12:57:11.890439-04	2025-03-17 12:57:11.890439-04	\N	Ford	34	24	21	267	-1	0	0	0	0	0	44	37	1
517	2025-03-17 12:57:11.891438-04	2025-03-17 12:57:11.891438-04	\N	Chevrolet	30	25	3	267	-1	0	0	0	0	0	23	37	1
518	2025-03-17 12:57:11.892437-04	2025-03-17 12:57:11.892437-04	\N	Toyota	29	26	42	267	-1	0	0	0	0	0	5	37	1
519	2025-03-17 12:57:11.892437-04	2025-03-17 12:57:11.892437-04	\N	Ford	36	27	2	267	-1	0	0	0	0	0	8	37	1
520	2025-03-17 12:57:11.893437-04	2025-03-17 12:57:11.893437-04	\N	Ford	26	28	22	267	-1	0	0	0	0	0	35	37	1
521	2025-03-17 12:57:11.894463-04	2025-03-17 12:57:11.894463-04	\N	Chevrolet	9	29	10	267	-1	0	0	0	0	0	46	37	1
522	2025-03-17 12:57:11.89519-04	2025-03-17 12:57:11.89519-04	\N	Chevrolet	19	30	71	267	-1	0	0	0	0	0	36	37	1
523	2025-03-17 12:57:11.895857-04	2025-03-17 12:57:11.895857-04	\N	Chevrolet	17	31	8	267	-1	5	0	0	0	0	34	37	1
524	2025-03-17 12:57:11.896483-04	2025-03-17 12:57:11.896483-04	\N	Ford	27	32	15	267	-1	0	0	0	0	0	45	37	1
525	2025-03-17 12:57:11.896483-04	2025-03-17 12:57:11.896483-04	\N	Chevrolet	22	33	1	267	-1	0	0	0	0	0	40	37	1
526	2025-03-17 12:57:11.898489-04	2025-03-17 12:57:11.898489-04	\N	Chevrolet	10	34	7	266	-1	1	0	0	0	0	19	37	1
527	2025-03-17 12:57:11.898489-04	2025-03-17 12:57:11.898489-04	\N	Ford	33	35	51	266	-1	0	0	0	0	0	22	37	1
528	2025-03-17 12:57:11.90049-04	2025-03-17 12:57:11.90049-04	\N	Toyota	14	36	54	261	-1	0	0	0	0	0	16	37	1
529	2025-03-17 12:57:11.902488-04	2025-03-17 12:57:11.902488-04	\N	Ford	38	37	66	258	-1	0	0	0	0	0	53	37	1
530	2025-03-17 12:57:11.904487-04	2025-03-17 12:57:11.904487-04	\N	Chevrolet	37	38	44	223	-1	0	0	0	0	0	43	37	1
531	2025-03-23 19:03:37.846063-04	2025-03-23 19:03:37.846063-04	\N	Chevrolet	14	1	5	267	-1	0	0	0	0	0	20	9	1
532	2025-03-23 19:03:37.849577-04	2025-03-23 19:03:37.849577-04	\N	Chevrolet	1	2	48	267	-1	0	0	0	0	0	6	9	1
533	2025-03-23 19:03:37.850577-04	2025-03-23 19:03:37.850577-04	\N	Toyota	9	3	23	267	-1	0	0	0	0	0	29	9	1
534	2025-03-23 19:03:37.851576-04	2025-03-23 19:03:37.851576-04	\N	Toyota	4	4	19	267	-1	0	0	0	0	0	4	9	1
535	2025-03-23 19:03:37.852575-04	2025-03-23 19:03:37.852575-04	\N	Toyota	23	5	11	267	-1	0	0	0	0	0	24	9	1
536	2025-03-23 19:03:37.853148-04	2025-03-23 19:03:37.853148-04	\N	Ford	11	6	17	267	-1	0	0	0	0	0	10	9	1
537	2025-03-23 19:03:37.853948-04	2025-03-23 19:03:37.853948-04	\N	Chevrolet	10	7	16	267	-1	0	0	0	0	0	41	9	1
538	2025-03-23 19:03:37.854607-04	2025-03-23 19:03:37.854607-04	\N	Toyota	20	8	45	267	-1	0	0	0	0	0	2	9	1
539	2025-03-23 19:03:37.855362-04	2025-03-23 19:03:37.855362-04	\N	Ford	31	9	60	267	-1	0	0	0	0	0	32	9	1
540	2025-03-23 19:03:37.856367-04	2025-03-23 19:03:37.856367-04	\N	Chevrolet	21	10	7	267	-1	0	0	0	0	0	19	9	1
541	2025-03-23 19:03:37.856367-04	2025-03-23 19:03:37.856367-04	\N	Ford	17	11	38	267	-1	0	0	0	0	0	36	9	1
542	2025-03-23 19:03:37.857366-04	2025-03-23 19:03:37.857366-04	\N	Chevrolet	5	12	24	267	-1	0	0	0	0	0	1	9	1
543	2025-03-23 19:03:37.858366-04	2025-03-23 19:03:37.858366-04	\N	Chevrolet	30	13	3	267	-1	0	0	0	0	0	23	9	1
544	2025-03-23 19:03:37.858366-04	2025-03-23 19:03:37.858366-04	\N	Ford	12	14	22	267	-1	0	0	0	0	0	35	9	1
545	2025-03-23 19:03:37.859367-04	2025-03-23 19:03:37.859367-04	\N	Toyota	28	15	43	267	-1	0	0	0	0	0	12	9	1
546	2025-03-23 19:03:37.860367-04	2025-03-23 19:03:37.860367-04	\N	Ford	3	16	4	267	-1	0	0	0	0	0	28	9	1
547	2025-03-23 19:03:37.860367-04	2025-03-23 19:03:37.860367-04	\N	Ford	2	17	21	267	-1	0	0	0	0	0	37	9	1
548	2025-03-23 19:03:37.861367-04	2025-03-23 19:03:37.861367-04	\N	Chevrolet	18	18	9	267	-1	0	0	0	0	0	15	9	1
549	2025-03-23 19:03:37.862367-04	2025-03-23 19:03:37.862367-04	\N	Ford	8	19	2	267	-1	0	0	0	0	0	8	9	1
550	2025-03-23 19:03:37.862367-04	2025-03-23 19:03:37.862367-04	\N	Chevrolet	26	20	71	267	-1	0	0	0	0	0	11	9	1
551	2025-03-23 19:03:37.863367-04	2025-03-23 19:03:37.863367-04	\N	Chevrolet	22	21	8	267	-1	0	0	0	0	0	34	9	1
552	2025-03-23 19:03:37.864366-04	2025-03-23 19:03:37.864366-04	\N	Chevrolet	33	22	99	267	-1	0	0	0	0	0	13	9	1
553	2025-03-23 19:03:37.864366-04	2025-03-23 19:03:37.864366-04	\N	Toyota	7	23	42	267	-1	0	0	0	0	0	5	9	1
554	2025-03-23 19:03:37.865366-04	2025-03-23 19:03:37.865366-04	\N	Chevrolet	27	24	47	267	-1	0	0	0	0	0	18	9	1
555	2025-03-23 19:03:37.866368-04	2025-03-23 19:03:37.866368-04	\N	Toyota	13	25	54	267	-1	0	0	0	0	0	16	9	1
556	2025-03-23 19:03:37.867366-04	2025-03-23 19:03:37.867366-04	\N	Ford	32	26	6	267	-1	0	0	0	0	0	26	9	1
557	2025-03-23 19:03:37.867366-04	2025-03-23 19:03:37.867366-04	\N	Chevrolet	34	27	10	267	-1	0	0	0	0	0	14	9	1
558	2025-03-23 19:03:37.868367-04	2025-03-23 19:03:37.868367-04	\N	Ford	24	28	41	267	-1	0	0	0	0	0	21	9	1
559	2025-03-23 19:03:37.869367-04	2025-03-23 19:03:37.869367-04	\N	Toyota	16	29	20	267	-1	0	0	0	0	0	31	9	1
560	2025-03-23 19:03:37.870367-04	2025-03-23 19:03:37.870367-04	\N	Ford	29	30	34	267	-1	0	0	0	0	0	27	9	1
561	2025-03-23 19:03:37.870367-04	2025-03-23 19:03:37.870367-04	\N	Chevrolet	25	31	1	267	-1	0	0	0	0	0	40	9	1
562	2025-03-23 19:03:37.871366-04	2025-03-23 19:03:37.871366-04	\N	Chevrolet	35	32	88	267	-1	0	0	0	0	0	33	9	1
563	2025-03-23 19:03:37.871854-04	2025-03-23 19:03:37.871854-04	\N	Toyota	19	33	35	267	-1	0	0	0	0	0	17	9	1
564	2025-03-23 19:03:37.872471-04	2025-03-23 19:03:37.872471-04	\N	Ford	36	34	51	267	-1	0	0	0	0	0	25	9	1
565	2025-03-23 19:03:37.873072-04	2025-03-23 19:03:37.873072-04	\N	Chevrolet	37	35	44	267	-1	0	0	0	0	0	43	9	1
566	2025-03-23 19:03:37.873655-04	2025-03-23 19:03:37.873655-04	\N	Ford	6	36	12	267	-1	0	0	0	0	0	7	9	1
567	2025-03-23 19:03:37.87466-04	2025-03-23 19:03:37.87466-04	\N	Chevrolet	15	37	77	267	-1	0	0	0	0	0	30	9	1
568	2025-03-24 11:45:49.159439-04	2025-03-24 11:45:49.159439-04	\N	Chevrolet	18	1	24	415	-1	88	0	0	0	0	1	38	1
569	2025-03-24 11:45:49.161653-04	2025-03-24 11:45:49.161653-04	\N	Chevrolet	1	2	5	415	-1	86	0	0	0	0	20	38	1
570	2025-03-24 11:45:49.161653-04	2025-03-24 11:45:49.161653-04	\N	Chevrolet	3	3	9	415	-1	64	0	0	0	0	15	38	1
571	2025-03-24 11:45:49.162657-04	2025-03-24 11:45:49.162657-04	\N	Toyota	2	4	23	415	-1	0	0	0	0	0	29	38	1
572	2025-03-24 11:45:49.163657-04	2025-03-24 11:45:49.163657-04	\N	Ford	9	5	12	415	-1	0	0	0	0	0	7	38	1
573	2025-03-24 11:45:49.163657-04	2025-03-24 11:45:49.163657-04	\N	Ford	6	6	22	415	-1	84	0	0	0	0	35	38	1
574	2025-03-24 11:45:49.164657-04	2025-03-24 11:45:49.164657-04	\N	Toyota	19	7	45	415	-1	0	0	0	0	0	2	38	1
575	2025-03-24 11:45:49.165659-04	2025-03-24 11:45:49.165659-04	\N	Chevrolet	10	8	48	415	-1	0	0	0	0	0	6	38	1
576	2025-03-24 11:45:49.166659-04	2025-03-24 11:45:49.166659-04	\N	Ford	22	9	41	415	-1	0	0	0	0	0	32	38	1
577	2025-03-24 11:45:49.166659-04	2025-03-24 11:45:49.166659-04	\N	Ford	5	10	14	415	-1	8	0	0	0	0	4	38	1
578	2025-03-24 11:45:49.167659-04	2025-03-24 11:45:49.167659-04	\N	Toyota	8	11	11	415	-1	66	0	0	0	0	24	38	1
579	2025-03-24 11:45:49.168657-04	2025-03-24 11:45:49.168657-04	\N	Toyota	17	12	43	415	-1	0	0	0	0	0	12	38	1
580	2025-03-24 11:45:49.169658-04	2025-03-24 11:45:49.169658-04	\N	Ford	16	13	38	415	-1	0	0	0	0	0	27	38	1
581	2025-03-24 11:45:49.170658-04	2025-03-24 11:45:49.170658-04	\N	Chevrolet	12	14	1	415	-1	0	0	0	0	0	40	38	1
582	2025-03-24 11:45:49.171658-04	2025-03-24 11:45:49.171658-04	\N	Ford	30	15	17	414	-1	0	0	0	0	0	10	38	1
583	2025-03-24 11:45:49.171658-04	2025-03-24 11:45:49.171658-04	\N	Chevrolet	11	16	8	414	-1	0	0	0	0	0	34	38	1
584	2025-03-24 11:45:49.172658-04	2025-03-24 11:45:49.172658-04	\N	Chevrolet	25	17	77	414	-1	0	0	0	0	0	30	38	1
585	2025-03-24 11:45:49.173657-04	2025-03-24 11:45:49.173657-04	\N	Toyota	4	18	19	414	-1	0	0	0	0	0	38	38	1
586	2025-03-24 11:45:49.173657-04	2025-03-24 11:45:49.173657-04	\N	Toyota	15	19	54	414	-1	0	0	0	0	0	16	38	1
587	2025-03-24 11:45:49.174657-04	2025-03-24 11:45:49.174657-04	\N	Ford	26	20	10	414	-1	0	0	0	0	0	28	38	1
588	2025-03-24 11:45:49.175657-04	2025-03-24 11:45:49.175657-04	\N	Ford	35	21	34	414	-1	0	0	0	0	0	11	38	1
589	2025-03-24 11:45:49.175657-04	2025-03-24 11:45:49.175657-04	\N	Chevrolet	21	22	99	414	-1	13	0	0	0	0	13	38	1
590	2025-03-24 11:45:49.176657-04	2025-03-24 11:45:49.176657-04	\N	Ford	14	23	2	414	-1	6	0	0	0	0	8	38	1
591	2025-03-24 11:45:49.177657-04	2025-03-24 11:45:49.177657-04	\N	Ford	13	24	6	414	-1	0	0	0	0	0	26	38	1
592	2025-03-24 11:45:49.189349-04	2025-03-24 11:45:49.189349-04	\N	Ford	7	25	4	413	-1	0	0	0	0	0	37	38	1
593	2025-03-24 11:45:49.190382-04	2025-03-24 11:45:49.190382-04	\N	Ford	31	26	15	413	-1	0	0	0	0	0	45	38	1
594	2025-03-24 11:45:49.191108-04	2025-03-24 11:45:49.191108-04	\N	Chevrolet	33	27	16	413	-1	0	0	0	0	0	47	38	1
595	2025-03-24 11:45:49.191745-04	2025-03-24 11:45:49.191745-04	\N	Chevrolet	36	28	10	413	-1	0	0	0	0	0	46	38	1
596	2025-03-24 11:45:49.192749-04	2025-03-24 11:45:49.192749-04	\N	Chevrolet	23	29	47	413	-1	0	0	0	0	0	18	38	1
597	2025-03-24 11:45:49.192749-04	2025-03-24 11:45:49.192749-04	\N	Ford	27	30	51	413	-1	0	0	0	0	0	19	38	1
598	2025-03-24 11:45:49.19375-04	2025-03-24 11:45:49.19375-04	\N	Chevrolet	24	31	71	412	-1	0	0	0	0	0	36	38	1
599	2025-03-24 11:45:49.19475-04	2025-03-24 11:45:49.19475-04	\N	Chevrolet	32	32	7	412	-1	0	0	0	0	0	22	38	1
600	2025-03-24 11:45:49.19475-04	2025-03-24 11:45:49.19475-04	\N	Ford	34	33	21	412	-1	0	0	0	0	0	44	38	1
601	2025-03-24 11:45:49.195749-04	2025-03-24 11:45:49.195749-04	\N	Chevrolet	28	34	3	412	-1	0	0	0	0	0	23	38	1
602	2025-03-24 11:45:49.196749-04	2025-03-24 11:45:49.196749-04	\N	Toyota	20	35	20	411	-1	0	0	0	0	0	31	38	1
603	2025-03-24 11:45:49.196749-04	2025-03-24 11:45:49.196749-04	\N	Toyota	29	36	42	396	-1	0	0	0	0	0	5	38	1
604	2025-03-24 11:45:49.19975-04	2025-03-24 11:45:49.19975-04	\N	Ford	37	37	66	311	-1	0	0	0	0	0	54	38	1
605	2025-03-24 15:12:00.559779-04	2025-03-24 15:12:00.559779-04	\N	Ford	14	1	12	500	-1	32	0	0	0	0	7	39	1
606	2025-03-24 15:12:00.561776-04	2025-03-24 15:12:00.561776-04	\N	Chevrolet	2	2	9	500	-1	129	0	0	0	0	15	39	1
607	2025-03-24 15:12:00.562777-04	2025-03-24 15:12:00.562777-04	\N	Chevrolet	9	3	5	500	-1	71	0	0	0	0	20	39	1
608	2025-03-24 15:12:00.563777-04	2025-03-24 15:12:00.563777-04	\N	Ford	24	4	2	500	-1	0	0	0	0	0	8	39	1
609	2025-03-24 15:12:00.563777-04	2025-03-24 15:12:00.563777-04	\N	Toyota	37	5	11	500	-1	0	0	0	0	0	24	39	1
610	2025-03-24 15:12:00.564778-04	2025-03-24 15:12:00.564778-04	\N	Chevrolet	3	6	24	500	-1	51	0	0	0	0	1	39	1
611	2025-03-24 15:12:00.565777-04	2025-03-24 15:12:00.565777-04	\N	Chevrolet	10	7	3	500	-1	0	0	0	0	0	23	39	1
612	2025-03-24 15:12:00.565777-04	2025-03-24 15:12:00.565777-04	\N	Chevrolet	22	8	1	500	-1	0	0	0	0	0	40	39	1
613	2025-03-24 15:12:00.566777-04	2025-03-24 15:12:00.566777-04	\N	Ford	18	9	6	500	-1	170	0	0	0	0	26	39	1
614	2025-03-24 15:12:00.567777-04	2025-03-24 15:12:00.567777-04	\N	Ford	12	10	22	500	-1	0	0	0	0	0	35	39	1
615	2025-03-24 15:12:00.568778-04	2025-03-24 15:12:00.568778-04	\N	Ford	25	11	10	500	-1	0	0	0	0	0	28	39	1
616	2025-03-24 15:12:00.568778-04	2025-03-24 15:12:00.568778-04	\N	Chevrolet	29	12	16	500	-1	0	0	0	0	0	33	39	1
617	2025-03-24 15:12:00.569777-04	2025-03-24 15:12:00.569777-04	\N	Chevrolet	7	13	48	500	-1	0	0	0	0	0	6	39	1
618	2025-03-24 15:12:00.570778-04	2025-03-24 15:12:00.570778-04	\N	Ford	8	14	41	500	-1	0	0	0	0	0	32	39	1
619	2025-03-24 15:12:00.571777-04	2025-03-24 15:12:00.571777-04	\N	Ford	4	15	14	500	-1	0	0	0	0	0	4	39	1
620	2025-03-24 15:12:00.572777-04	2025-03-24 15:12:00.572777-04	\N	Ford	11	16	4	500	-1	0	0	0	0	0	37	39	1
621	2025-03-24 15:12:00.572777-04	2025-03-24 15:12:00.572777-04	\N	Chevrolet	15	17	10	500	-1	0	0	0	0	0	46	39	1
622	2025-03-24 15:12:00.573776-04	2025-03-24 15:12:00.573776-04	\N	Toyota	19	18	23	499	-1	6	0	0	0	0	29	39	1
623	2025-03-24 15:12:00.574777-04	2025-03-24 15:12:00.574777-04	\N	Toyota	21	19	43	499	-1	0	0	0	0	0	12	39	1
624	2025-03-24 15:12:00.574777-04	2025-03-24 15:12:00.574777-04	\N	Chevrolet	28	20	47	499	-1	0	0	0	0	0	18	39	1
625	2025-03-24 15:12:00.575776-04	2025-03-24 15:12:00.575776-04	\N	Chevrolet	36	21	71	499	-1	0	0	0	0	0	36	39	1
626	2025-03-24 15:12:00.576776-04	2025-03-24 15:12:00.576776-04	\N	Toyota	16	22	20	499	-1	0	0	0	0	0	31	39	1
627	2025-03-24 15:12:00.577778-04	2025-03-24 15:12:00.577778-04	\N	Chevrolet	20	23	99	498	-1	0	0	0	0	0	13	39	1
628	2025-03-24 15:12:00.578777-04	2025-03-24 15:12:00.578777-04	\N	Toyota	1	24	19	498	-1	41	0	0	0	0	38	39	1
629	2025-03-24 15:12:00.578777-04	2025-03-24 15:12:00.578777-04	\N	Chevrolet	27	25	77	498	-1	0	0	0	0	0	30	39	1
630	2025-03-24 15:12:00.579777-04	2025-03-24 15:12:00.579777-04	\N	Ford	13	26	38	498	-1	0	0	0	0	0	27	39	1
631	2025-03-24 15:12:00.580776-04	2025-03-24 15:12:00.580776-04	\N	Ford	33	27	15	497	-1	0	0	0	0	0	45	39	1
632	2025-03-24 15:12:00.581776-04	2025-03-24 15:12:00.581776-04	\N	Chevrolet	23	28	8	497	-1	0	0	0	0	0	34	39	1
633	2025-03-24 15:12:00.582777-04	2025-03-24 15:12:00.582777-04	\N	Chevrolet	30	29	7	497	-1	0	0	0	0	0	19	39	1
634	2025-03-24 15:12:00.582777-04	2025-03-24 15:12:00.582777-04	\N	Ford	26	30	17	497	-1	0	0	0	0	0	10	39	1
635	2025-03-24 15:12:00.583777-04	2025-03-24 15:12:00.583777-04	\N	Toyota	32	31	42	496	-1	0	0	0	0	0	5	39	1
636	2025-03-24 15:12:00.584778-04	2025-03-24 15:12:00.584778-04	\N	Toyota	5	32	54	495	-1	0	0	0	0	0	16	39	1
637	2025-03-24 15:12:00.585777-04	2025-03-24 15:12:00.585777-04	\N	Ford	17	33	34	490	-1	0	0	0	0	0	11	39	1
638	2025-03-24 15:12:00.586776-04	2025-03-24 15:12:00.586776-04	\N	Toyota	31	34	45	458	-1	0	0	0	0	0	2	39	1
639	2025-03-24 15:12:00.587777-04	2025-03-24 15:12:00.587777-04	\N	Ford	34	35	51	365	-1	0	0	0	0	0	22	39	1
640	2025-03-24 15:12:00.587777-04	2025-03-24 15:12:00.587777-04	\N	Ford	6	36	21	347	-1	0	0	0	0	0	44	39	1
641	2025-03-24 15:12:00.589777-04	2025-03-24 15:12:00.589777-04	\N	Ford	35	37	66	131	-1	0	0	0	0	0	55	39	1
642	2025-03-24 15:23:42.200568-04	2025-03-24 15:23:42.200568-04	\N	Chevrolet	19	1	5	400	-1	30	0	0	0	0	20	40	1
643	2025-03-24 15:23:42.20357-04	2025-03-24 15:23:42.20357-04	\N	Ford	15	2	22	400	-1	25	0	0	0	0	35	40	1
644	2025-03-24 15:23:42.20357-04	2025-03-24 15:23:42.20357-04	\N	Toyota	5	3	19	400	-1	0	0	0	0	0	38	40	1
645	2025-03-24 15:23:42.205288-04	2025-03-24 15:23:42.205288-04	\N	Toyota	11	4	11	400	-1	36	0	0	0	0	24	40	1
646	2025-03-24 15:23:42.206816-04	2025-03-24 15:23:42.206816-04	\N	Ford	4	5	14	400	-1	109	0	0	0	0	4	40	1
647	2025-03-24 15:23:42.208822-04	2025-03-24 15:23:42.208822-04	\N	Ford	3	6	10	400	-1	0	0	0	0	0	56	40	1
648	2025-03-24 15:23:42.209821-04	2025-03-24 15:23:42.209821-04	\N	Ford	31	7	12	400	-1	0	0	0	0	0	7	40	1
649	2025-03-24 15:23:42.209821-04	2025-03-24 15:23:42.209821-04	\N	Chevrolet	16	8	47	400	-1	0	0	0	0	0	18	40	1
650	2025-03-24 15:23:42.210821-04	2025-03-24 15:23:42.210821-04	\N	Toyota	9	9	23	400	-1	0	0	0	0	0	29	40	1
651	2025-03-24 15:23:42.211821-04	2025-03-24 15:23:42.211821-04	\N	Chevrolet	24	10	9	400	-1	0	0	0	0	0	15	40	1
652	2025-03-24 15:23:42.212429-04	2025-03-24 15:23:42.212429-04	\N	Chevrolet	23	11	48	400	-1	0	0	0	0	0	6	40	1
653	2025-03-24 15:23:42.213434-04	2025-03-24 15:23:42.213434-04	\N	Chevrolet	18	12	3	400	-1	0	0	0	0	0	23	40	1
654	2025-03-24 15:23:42.213434-04	2025-03-24 15:23:42.213434-04	\N	Chevrolet	34	13	1	400	-1	31	0	0	0	0	40	40	1
655	2025-03-24 15:23:42.214433-04	2025-03-24 15:23:42.214433-04	\N	Ford	10	14	17	400	-1	0	0	0	0	0	10	40	1
656	2025-03-24 15:23:42.215299-04	2025-03-24 15:23:42.215299-04	\N	Ford	1	15	41	400	-1	135	0	0	0	0	32	40	1
657	2025-03-24 15:23:42.216008-04	2025-03-24 15:23:42.216008-04	\N	Toyota	22	16	20	400	-1	0	0	0	0	0	31	40	1
658	2025-03-24 15:23:42.216683-04	2025-03-24 15:23:42.216683-04	\N	Chevrolet	2	17	99	400	-1	7	0	0	0	0	13	40	1
659	2025-03-24 15:23:42.217687-04	2025-03-24 15:23:42.217687-04	\N	Toyota	12	18	54	400	-1	0	0	0	0	0	16	40	1
660	2025-03-24 15:23:42.218687-04	2025-03-24 15:23:42.218687-04	\N	Ford	20	19	34	400	-1	0	0	0	0	0	11	40	1
661	2025-03-24 15:23:42.219688-04	2025-03-24 15:23:42.219688-04	\N	Ford	7	20	4	400	-1	20	0	0	0	0	57	40	1
662	2025-03-24 15:23:42.220688-04	2025-03-24 15:23:42.220688-04	\N	Chevrolet	17	21	8	400	-1	0	0	0	0	0	34	40	1
663	2025-03-24 15:23:42.221687-04	2025-03-24 15:23:42.221687-04	\N	Toyota	6	22	45	400	-1	0	0	0	0	0	2	40	1
664	2025-03-24 15:23:42.222687-04	2025-03-24 15:23:42.222687-04	\N	Chevrolet	8	23	24	400	-1	0	0	0	0	0	1	40	1
665	2025-03-24 15:23:42.222687-04	2025-03-24 15:23:42.222687-04	\N	Ford	21	24	6	400	-1	7	0	0	0	0	26	40	1
666	2025-03-24 15:23:42.22385-04	2025-03-24 15:23:42.22385-04	\N	Ford	13	25	38	399	-1	0	0	0	0	0	27	40	1
667	2025-03-24 15:23:42.224849-04	2025-03-24 15:23:42.224849-04	\N	Chevrolet	27	26	7	399	-1	0	0	0	0	0	22	40	1
668	2025-03-24 15:23:42.224849-04	2025-03-24 15:23:42.224849-04	\N	Chevrolet	14	27	16	399	-1	0	0	0	0	0	41	40	1
669	2025-03-24 15:23:42.225849-04	2025-03-24 15:23:42.225849-04	\N	Chevrolet	26	28	31	398	-1	0	0	0	0	0	19	40	1
670	2025-03-24 15:23:42.22685-04	2025-03-24 15:23:42.22685-04	\N	Ford	32	29	21	398	-1	0	0	0	0	0	44	40	1
671	2025-03-24 15:23:42.22685-04	2025-03-24 15:23:42.22685-04	\N	Chevrolet	29	30	42	398	-1	0	0	0	0	0	28	40	1
672	2025-03-24 15:23:42.227849-04	2025-03-24 15:23:42.227849-04	\N	Chevrolet	28	31	43	398	-1	0	0	0	0	0	12	40	1
673	2025-03-24 15:23:42.22885-04	2025-03-24 15:23:42.22885-04	\N	Chevrolet	35	32	77	397	-1	0	0	0	0	0	14	40	1
674	2025-03-24 15:23:42.22885-04	2025-03-24 15:23:42.22885-04	\N	Ford	25	33	2	397	-1	0	0	0	0	0	8	40	1
675	2025-03-24 15:23:42.229849-04	2025-03-24 15:23:42.229849-04	\N	Ford	33	34	51	395	-1	0	0	0	0	0	36	40	1
676	2025-03-24 15:23:42.230849-04	2025-03-24 15:23:42.230849-04	\N	Chevrolet	30	35	78	390	-1	0	0	0	0	0	58	40	1
677	2025-03-24 15:23:42.230849-04	2025-03-24 15:23:42.230849-04	\N	Ford	36	36	15	337	-1	0	0	0	0	0	43	40	1
678	2025-03-24 15:57:42.987901-04	2025-03-24 15:57:42.987901-04	\N	Ford	11	1	12	500	-1	145	0	0	0	0	7	41	1
679	2025-03-24 15:57:42.990903-04	2025-03-24 15:57:42.990903-04	\N	Ford	12	2	10	500	-1	66	0	0	0	0	56	41	1
680	2025-03-24 15:57:42.9929-04	2025-03-24 15:57:42.9929-04	\N	Toyota	4	3	11	500	-1	156	0	0	0	0	24	41	1
681	2025-03-24 15:57:42.993901-04	2025-03-24 15:57:42.993901-04	\N	Ford	3	4	14	500	-1	0	0	0	0	0	4	41	1
682	2025-03-24 15:57:42.994901-04	2025-03-24 15:57:42.994901-04	\N	Ford	15	5	22	500	-1	0	0	0	0	0	35	41	1
683	2025-03-24 15:57:42.995901-04	2025-03-24 15:57:42.995901-04	\N	Chevrolet	5	6	5	500	-1	0	0	0	0	0	20	41	1
684	2025-03-24 15:57:42.9969-04	2025-03-24 15:57:42.9969-04	\N	Toyota	7	7	20	500	-1	0	0	0	0	0	31	41	1
685	2025-03-24 15:57:42.9969-04	2025-03-24 15:57:42.9969-04	\N	Ford	18	8	17	500	-1	0	0	0	0	0	10	41	1
686	2025-03-24 15:57:42.997902-04	2025-03-24 15:57:42.997902-04	\N	Ford	21	9	2	500	-1	0	0	0	0	0	8	41	1
687	2025-03-24 15:57:42.998901-04	2025-03-24 15:57:42.998901-04	\N	Ford	17	10	38	500	-1	0	0	0	0	0	27	41	1
688	2025-03-24 15:57:42.998901-04	2025-03-24 15:57:42.998901-04	\N	Toyota	6	11	23	500	-1	0	0	0	0	0	29	41	1
689	2025-03-24 15:57:43.000405-04	2025-03-24 15:57:43.000405-04	\N	Toyota	1	12	19	500	-1	47	0	0	0	0	38	41	1
690	2025-03-24 15:57:43.00141-04	2025-03-24 15:57:43.00141-04	\N	Chevrolet	16	13	24	499	-1	0	0	0	0	0	1	41	1
691	2025-03-24 15:57:43.00141-04	2025-03-24 15:57:43.00141-04	\N	Chevrolet	13	14	1	499	-1	0	0	0	0	0	40	41	1
692	2025-03-24 15:57:43.002409-04	2025-03-24 15:57:43.002409-04	\N	Ford	28	15	21	499	-1	0	0	0	0	0	44	41	1
693	2025-03-24 15:57:43.003409-04	2025-03-24 15:57:43.003409-04	\N	Ford	8	16	4	499	-1	0	0	0	0	0	57	41	1
694	2025-03-24 15:57:43.003409-04	2025-03-24 15:57:43.003409-04	\N	Chevrolet	14	17	9	499	-1	83	0	0	0	0	15	41	1
695	2025-03-24 15:57:43.00441-04	2025-03-24 15:57:43.00441-04	\N	Toyota	2	18	54	499	-1	0	0	0	0	0	16	41	1
696	2025-03-24 15:57:43.005409-04	2025-03-24 15:57:43.005409-04	\N	Chevrolet	20	19	47	499	-1	0	0	0	0	0	18	41	1
697	2025-03-24 15:57:43.00641-04	2025-03-24 15:57:43.00641-04	\N	Ford	9	20	41	499	-1	0	0	0	0	0	32	41	1
698	2025-03-24 15:57:43.00641-04	2025-03-24 15:57:43.00641-04	\N	Chevrolet	29	21	43	499	-1	0	0	0	0	0	12	41	1
699	2025-03-24 15:57:43.007907-04	2025-03-24 15:57:43.007907-04	\N	Chevrolet	30	22	7	499	-1	3	0	0	0	0	22	41	1
700	2025-03-24 15:57:43.008912-04	2025-03-24 15:57:43.008912-04	\N	Chevrolet	26	23	3	499	-1	0	0	0	0	0	23	41	1
701	2025-03-24 15:57:43.009913-04	2025-03-24 15:57:43.009913-04	\N	Chevrolet	34	24	77	499	-1	0	0	0	0	0	14	41	1
702	2025-03-24 15:57:43.010912-04	2025-03-24 15:57:43.010912-04	\N	Ford	23	25	34	499	-1	0	0	0	0	0	11	41	1
703	2025-03-24 15:57:43.011911-04	2025-03-24 15:57:43.011911-04	\N	Toyota	19	26	45	498	-1	0	0	0	0	0	2	41	1
704	2025-03-24 15:57:43.011911-04	2025-03-24 15:57:43.011911-04	\N	Chevrolet	31	27	8	498	-1	0	0	0	0	0	34	41	1
705	2025-03-24 15:57:43.012913-04	2025-03-24 15:57:43.012913-04	\N	Chevrolet	25	28	16	498	-1	0	0	0	0	0	41	41	1
706	2025-03-24 15:57:43.014913-04	2025-03-24 15:57:43.014913-04	\N	Ford	33	29	51	497	-1	0	0	0	0	0	59	41	1
707	2025-03-24 15:57:43.015912-04	2025-03-24 15:57:43.015912-04	\N	Chevrolet	24	30	31	497	-1	0	0	0	0	0	19	41	1
708	2025-03-24 15:57:43.015912-04	2025-03-24 15:57:43.015912-04	\N	Chevrolet	32	31	42	496	-1	0	0	0	0	0	30	41	1
709	2025-03-24 15:57:43.016912-04	2025-03-24 15:57:43.016912-04	\N	Chevrolet	22	32	48	496	-1	0	0	0	0	0	6	41	1
710	2025-03-24 15:57:43.017913-04	2025-03-24 15:57:43.017913-04	\N	Ford	10	33	6	306	-1	0	0	0	0	0	26	41	1
711	2025-03-24 15:57:43.017913-04	2025-03-24 15:57:43.017913-04	\N	Chevrolet	27	34	99	274	-1	0	0	0	0	0	13	41	1
712	2025-03-24 15:57:43.018912-04	2025-03-24 15:57:43.018912-04	\N	Ford	35	35	15	271	-1	0	0	0	0	0	43	41	1
713	2025-03-24 15:57:43.019912-04	2025-03-24 15:57:43.019912-04	\N	Chevrolet	36	36	78	147	-1	0	0	0	0	0	42	41	1
714	2025-03-24 20:11:16.099734-04	2025-03-24 20:11:16.099734-04	\N	Toyota	20	1	20	500	-1	150	0	0	0	0	31	42	1
715	2025-03-24 20:11:16.101734-04	2025-03-24 20:11:16.101734-04	\N	Chevrolet	1	2	5	500	-1	68	0	0	0	0	20	42	1
716	2025-03-24 20:11:16.102735-04	2025-03-24 20:11:16.102735-04	\N	Ford	4	3	12	500	-1	0	0	0	0	0	7	42	1
717	2025-03-24 20:11:16.103734-04	2025-03-24 20:11:16.103734-04	\N	Chevrolet	9	4	1	500	-1	0	0	0	0	0	40	42	1
718	2025-03-24 20:11:16.104735-04	2025-03-24 20:11:16.104735-04	\N	Toyota	11	5	11	500	-1	203	0	0	0	0	24	42	1
719	2025-03-24 20:11:16.105735-04	2025-03-24 20:11:16.105735-04	\N	Ford	12	6	22	500	-1	0	0	0	0	0	35	42	1
720	2025-03-24 20:11:16.106736-04	2025-03-24 20:11:16.106736-04	\N	Chevrolet	25	7	24	500	-1	0	0	0	0	0	1	42	1
721	2025-03-24 20:11:16.107735-04	2025-03-24 20:11:16.107735-04	\N	Toyota	24	8	45	500	-1	0	0	0	0	0	29	42	1
722	2025-03-24 20:11:16.107735-04	2025-03-24 20:11:16.107735-04	\N	Ford	3	9	14	500	-1	25	0	0	0	0	4	42	1
723	2025-03-24 20:11:16.108735-04	2025-03-24 20:11:16.108735-04	\N	Chevrolet	2	10	9	500	-1	54	0	0	0	0	15	42	1
724	2025-03-24 20:11:16.109735-04	2025-03-24 20:11:16.109735-04	\N	Ford	10	11	21	500	-1	0	0	0	0	0	44	42	1
725	2025-03-24 20:11:16.109735-04	2025-03-24 20:11:16.109735-04	\N	Chevrolet	7	12	99	500	-1	0	0	0	0	0	13	42	1
726	2025-03-24 20:11:16.110734-04	2025-03-24 20:11:16.110734-04	\N	Ford	19	13	38	500	-1	0	0	0	0	0	27	42	1
727	2025-03-24 20:11:16.111734-04	2025-03-24 20:11:16.111734-04	\N	Ford	5	14	41	500	-1	0	0	0	0	0	21	42	1
728	2025-03-24 20:11:16.111734-04	2025-03-24 20:11:16.111734-04	\N	Ford	15	15	10	500	-1	0	0	0	0	0	56	42	1
729	2025-03-24 20:11:16.113234-04	2025-03-24 20:11:16.113234-04	\N	Ford	8	16	4	500	-1	0	0	0	0	0	57	42	1
730	2025-03-24 20:11:16.113234-04	2025-03-24 20:11:16.113234-04	\N	Ford	13	17	34	500	-1	0	0	0	0	0	11	42	1
731	2025-03-24 20:11:16.114389-04	2025-03-24 20:11:16.114389-04	\N	Chevrolet	23	18	43	498	-1	0	0	0	0	0	12	42	1
732	2025-03-24 20:11:16.115393-04	2025-03-24 20:11:16.115393-04	\N	Toyota	26	19	23	498	-1	0	0	0	0	0	16	42	1
733	2025-03-24 20:11:16.115393-04	2025-03-24 20:11:16.115393-04	\N	Toyota	27	20	19	498	-1	0	0	0	0	0	38	42	1
734	2025-03-24 20:11:16.116611-04	2025-03-24 20:11:16.116611-04	\N	Chevrolet	14	21	7	498	-1	0	0	0	0	0	22	42	1
735	2025-03-24 20:11:16.116611-04	2025-03-24 20:11:16.116611-04	\N	Chevrolet	31	22	47	498	-1	0	0	0	0	0	18	42	1
736	2025-03-24 20:11:16.118088-04	2025-03-24 20:11:16.118088-04	\N	Chevrolet	21	23	16	498	-1	0	0	0	0	0	41	42	1
737	2025-03-24 20:11:16.119091-04	2025-03-24 20:11:16.119091-04	\N	Ford	22	24	17	497	-1	0	0	0	0	0	10	42	1
738	2025-03-24 20:11:16.119091-04	2025-03-24 20:11:16.119091-04	\N	Chevrolet	17	25	48	497	-1	0	0	0	0	0	28	42	1
739	2025-03-24 20:11:16.120092-04	2025-03-24 20:11:16.120092-04	\N	Ford	30	26	2	497	-1	0	0	0	0	0	8	42	1
740	2025-03-24 20:11:16.120092-04	2025-03-24 20:11:16.120092-04	\N	Chevrolet	29	27	31	497	-1	0	0	0	0	0	19	42	1
741	2025-03-24 20:11:16.121543-04	2025-03-24 20:11:16.121543-04	\N	Ford	36	28	51	495	-1	0	0	0	0	0	25	42	1
742	2025-03-24 20:11:16.122547-04	2025-03-24 20:11:16.122547-04	\N	Toyota	18	29	18	494	-1	0	0	0	0	0	34	42	1
743	2025-03-24 20:11:16.123547-04	2025-03-24 20:11:16.123547-04	\N	Ford	35	30	15	488	-1	0	0	0	0	0	43	42	1
744	2025-03-24 20:11:16.124548-04	2025-03-24 20:11:16.124548-04	\N	Chevrolet	32	31	42	466	-1	0	0	0	0	0	14	42	1
745	2025-03-24 20:11:16.125548-04	2025-03-24 20:11:16.125548-04	\N	Chevrolet	33	32	77	460	-1	0	0	0	0	0	60	42	1
746	2025-03-24 20:11:16.126547-04	2025-03-24 20:11:16.126547-04	\N	Chevrolet	16	33	3	316	-1	0	0	0	0	0	23	42	1
747	2025-03-24 20:11:16.127548-04	2025-03-24 20:11:16.127548-04	\N	Ford	34	34	78	225	-1	0	0	0	0	0	42	42	1
748	2025-03-24 20:11:16.128553-04	2025-03-24 20:11:16.128553-04	\N	Chevrolet	28	35	8	188	-1	0	0	0	0	0	2	42	1
749	2025-03-24 20:11:16.128553-04	2025-03-24 20:11:16.128553-04	\N	Ford	6	36	6	500	-1	0	0	0	0	0	26	42	1
750	2025-03-25 13:26:18.049601-04	2025-03-25 13:26:18.049601-04	\N	Chevrolet	8	1	1	312	-1	157	0	0	0	0	40	107	1
751	2025-03-25 13:26:18.051598-04	2025-03-25 13:26:18.051598-04	\N	Ford	15	2	12	312	-1	2	0	0	0	0	7	107	1
752	2025-03-25 13:26:18.052599-04	2025-03-25 13:26:18.052599-04	\N	Chevrolet	4	3	5	312	-1	0	0	0	0	0	20	107	1
753	2025-03-25 13:26:18.0536-04	2025-03-25 13:26:18.0536-04	\N	Chevrolet	1	4	24	312	-1	95	0	0	0	0	1	107	1
754	2025-03-25 13:26:18.0546-04	2025-03-25 13:26:18.0546-04	\N	Ford	9	5	17	312	-1	18	0	0	0	0	10	107	1
755	2025-03-25 13:26:18.0546-04	2025-03-25 13:26:18.0556-04	\N	Toyota	2	6	19	312	-1	1	0	0	0	0	38	107	1
756	2025-03-25 13:26:18.0556-04	2025-03-25 13:26:18.0556-04	\N	Ford	3	7	4	312	-1	23	0	0	0	0	57	107	1
757	2025-03-25 13:26:18.0566-04	2025-03-25 13:26:18.0566-04	\N	Toyota	6	8	11	312	-1	14	0	0	0	0	24	107	1
758	2025-03-25 13:26:18.057599-04	2025-03-25 13:26:18.057599-04	\N	Ford	19	9	34	312	-1	0	0	0	0	0	11	107	1
759	2025-03-25 13:26:18.058599-04	2025-03-25 13:26:18.058599-04	\N	Toyota	5	10	23	312	-1	0	0	0	0	0	29	107	1
760	2025-03-25 13:26:18.058599-04	2025-03-25 13:26:18.058599-04	\N	Chevrolet	16	11	99	312	-1	0	0	0	0	0	13	107	1
761	2025-03-25 13:26:18.059599-04	2025-03-25 13:26:18.059599-04	\N	Chevrolet	21	12	3	312	-1	0	0	0	0	0	23	107	1
762	2025-03-25 13:26:18.060599-04	2025-03-25 13:26:18.060599-04	\N	Ford	28	13	10	312	-1	0	0	0	0	0	56	107	1
763	2025-03-25 13:26:18.060599-04	2025-03-25 13:26:18.060599-04	\N	Ford	12	14	41	312	-1	0	0	0	0	0	32	107	1
764	2025-03-25 13:26:18.061872-04	2025-03-25 13:26:18.061872-04	\N	Ford	31	15	6	312	-1	0	0	0	0	0	26	107	1
765	2025-03-25 13:26:18.061872-04	2025-03-25 13:26:18.061872-04	\N	Chevrolet	20	16	9	312	-1	0	0	0	0	0	15	107	1
766	2025-03-25 13:26:18.063035-04	2025-03-25 13:26:18.063035-04	\N	Chevrolet	23	17	48	312	-1	0	0	0	0	0	6	107	1
767	2025-03-25 13:26:18.063035-04	2025-03-25 13:26:18.063035-04	\N	Ford	17	18	22	312	-1	0	0	0	0	0	35	107	1
768	2025-03-25 13:26:18.064399-04	2025-03-25 13:26:18.064399-04	\N	Chevrolet	22	19	42	312	-1	0	0	0	0	0	30	107	1
769	2025-03-25 13:26:18.065636-04	2025-03-25 13:26:18.065636-04	\N	Chevrolet	7	20	43	312	-1	0	0	0	0	0	12	107	1
770	2025-03-25 13:26:18.066641-04	2025-03-25 13:26:18.066641-04	\N	Toyota	11	21	54	312	-1	0	0	0	0	0	16	107	1
771	2025-03-25 13:26:18.066641-04	2025-03-25 13:26:18.066641-04	\N	Toyota	10	22	45	312	-1	0	0	0	0	0	2	107	1
772	2025-03-25 13:26:18.067642-04	2025-03-25 13:26:18.067642-04	\N	Chevrolet	24	23	47	312	-1	0	0	0	0	0	18	107	1
773	2025-03-25 13:26:18.068641-04	2025-03-25 13:26:18.068641-04	\N	Ford	26	24	14	312	-1	2	0	0	0	0	4	107	1
774	2025-03-25 13:26:18.069641-04	2025-03-25 13:26:18.069641-04	\N	Chevrolet	18	25	8	311	-1	0	0	0	0	0	34	107	1
775	2025-03-25 13:26:18.069641-04	2025-03-25 13:26:18.069641-04	\N	Ford	25	26	21	311	-1	0	0	0	0	0	44	107	1
776	2025-03-25 13:26:18.070641-04	2025-03-25 13:26:18.070641-04	\N	Ford	34	27	15	311	-1	0	0	0	0	0	43	107	1
777	2025-03-25 13:26:18.071641-04	2025-03-25 13:26:18.071641-04	\N	Chevrolet	33	28	77	310	-1	0	0	0	0	0	14	107	1
778	2025-03-25 13:26:18.071641-04	2025-03-25 13:26:18.071641-04	\N	Chevrolet	35	29	31	310	-1	0	0	0	0	0	19	107	1
779	2025-03-25 13:26:18.072641-04	2025-03-25 13:26:18.072641-04	\N	Ford	14	30	38	309	-1	0	0	0	0	0	27	107	1
780	2025-03-25 13:26:18.073641-04	2025-03-25 13:26:18.073641-04	\N	Chevrolet	29	31	7	308	-1	0	0	0	0	0	22	107	1
781	2025-03-25 13:26:18.074641-04	2025-03-25 13:26:18.074641-04	\N	Chevrolet	32	32	16	308	-1	0	0	0	0	0	41	107	1
782	2025-03-25 13:26:18.074641-04	2025-03-25 13:26:18.074641-04	\N	Chevrolet	36	33	78	306	-1	0	0	0	0	0	42	107	1
783	2025-03-25 13:26:18.075641-04	2025-03-25 13:26:18.075641-04	\N	Ford	30	34	51	305	-1	0	0	0	0	0	59	107	1
784	2025-03-25 13:26:18.075641-04	2025-03-25 13:26:18.075641-04	\N	Ford	27	35	2	301	-1	0	0	0	0	0	8	107	1
785	2025-03-25 13:26:18.076641-04	2025-03-25 13:26:18.076641-04	\N	Toyota	13	36	20	108	-1	0	0	0	0	0	31	107	1
786	2025-03-25 13:28:31.442567-04	2025-03-25 13:28:31.442567-04	\N	Toyota	13	1	20	267	-1	26	0	0	0	0	31	106	1
787	2025-03-25 13:28:31.444956-04	2025-03-25 13:28:31.444956-04	\N	Ford	10	2	12	267	-1	53	0	0	0	0	7	106	1
788	2025-03-25 13:28:31.445961-04	2025-03-25 13:28:31.445961-04	\N	Toyota	3	3	45	267	-1	1	0	0	0	0	2	106	1
789	2025-03-25 13:28:31.446961-04	2025-03-25 13:28:31.446961-04	\N	Chevrolet	7	4	24	267	-1	25	0	0	0	0	1	106	1
790	2025-03-25 13:28:31.446961-04	2025-03-25 13:28:31.446961-04	\N	Chevrolet	25	5	16	267	-1	0	0	0	0	0	41	106	1
791	2025-03-25 13:28:31.447961-04	2025-03-25 13:28:31.447961-04	\N	Toyota	2	6	23	267	-1	9	0	0	0	0	29	106	1
792	2025-03-25 13:28:31.44923-04	2025-03-25 13:28:31.44923-04	\N	Toyota	9	7	54	267	-1	0	0	0	0	0	16	106	1
793	2025-03-25 13:28:31.44923-04	2025-03-25 13:28:31.44923-04	\N	Ford	36	8	22	267	-1	0	0	0	0	0	35	106	1
794	2025-03-25 13:28:31.450231-04	2025-03-25 13:28:31.450231-04	\N	Ford	30	9	10	267	-1	0	0	0	0	0	56	106	1
795	2025-03-25 13:28:31.451231-04	2025-03-25 13:28:31.451231-04	\N	Chevrolet	6	10	3	267	-1	0	0	0	0	0	23	106	1
796	2025-03-25 13:28:31.451231-04	2025-03-25 13:28:31.451231-04	\N	Ford	22	11	4	267	-1	0	0	0	0	0	57	106	1
797	2025-03-25 13:28:31.45223-04	2025-03-25 13:28:31.45223-04	\N	Ford	26	12	2	267	-1	0	0	0	0	0	8	106	1
798	2025-03-25 13:28:31.453235-04	2025-03-25 13:28:31.453235-04	\N	Ford	29	13	41	267	-1	0	0	0	0	0	32	106	1
799	2025-03-25 13:28:31.454231-04	2025-03-25 13:28:31.454231-04	\N	Chevrolet	19	14	43	267	-1	0	0	0	0	0	12	106	1
800	2025-03-25 13:28:31.454231-04	2025-03-25 13:28:31.454231-04	\N	Chevrolet	16	15	9	267	-1	0	0	0	0	0	15	106	1
801	2025-03-25 13:28:31.45523-04	2025-03-25 13:28:31.45523-04	\N	Chevrolet	14	16	99	267	-1	0	0	0	0	0	13	106	1
802	2025-03-25 13:28:31.456231-04	2025-03-25 13:28:31.456231-04	\N	Ford	21	17	14	267	-1	0	0	0	0	0	4	106	1
803	2025-03-25 13:28:31.457231-04	2025-03-25 13:28:31.457231-04	\N	Chevrolet	18	18	8	267	-1	0	0	0	0	0	34	106	1
804	2025-03-25 13:28:31.457231-04	2025-03-25 13:28:31.457231-04	\N	Chevrolet	12	19	48	267	-1	0	0	0	0	0	6	106	1
805	2025-03-25 13:28:31.458231-04	2025-03-25 13:28:31.458231-04	\N	Chevrolet	20	20	7	267	-1	0	0	0	0	0	22	106	1
806	2025-03-25 13:28:31.45923-04	2025-03-25 13:28:31.45923-04	\N	Ford	17	21	17	267	-1	0	0	0	0	0	10	106	1
807	2025-03-25 13:28:31.45923-04	2025-03-25 13:28:31.45923-04	\N	Ford	15	22	34	267	-1	0	0	0	0	0	11	106	1
808	2025-03-25 13:28:31.460231-04	2025-03-25 13:28:31.460231-04	\N	Chevrolet	27	23	31	267	-1	0	0	0	0	0	19	106	1
809	2025-03-25 13:28:31.460231-04	2025-03-25 13:28:31.460231-04	\N	Chevrolet	33	24	77	266	-1	0	0	0	0	0	14	106	1
810	2025-03-25 13:28:31.461344-04	2025-03-25 13:28:31.461344-04	\N	Ford	32	25	38	266	-1	0	0	0	0	0	27	106	1
811	2025-03-25 13:28:31.461938-04	2025-03-25 13:28:31.461938-04	\N	Ford	34	26	51	265	-1	0	0	0	0	0	59	106	1
812	2025-03-25 13:28:31.462514-04	2025-03-25 13:28:31.462514-04	\N	Chevrolet	23	27	47	263	-1	0	0	0	0	0	18	106	1
813	2025-03-25 13:28:31.46312-04	2025-03-25 13:28:31.46312-04	\N	Ford	4	28	6	262	-1	16	0	0	0	0	26	106	1
814	2025-03-25 13:28:31.464125-04	2025-03-25 13:28:31.464125-04	\N	Toyota	1	29	19	237	-1	10	0	0	0	0	38	106	1
815	2025-03-25 13:28:31.464125-04	2025-03-25 13:28:31.464125-04	\N	Toyota	11	30	11	236	-1	31	0	0	0	0	24	106	1
816	2025-03-25 13:28:31.465125-04	2025-03-25 13:28:31.465125-04	\N	Chevrolet	8	31	1	221	-1	0	0	0	0	0	40	106	1
817	2025-03-25 13:28:31.466124-04	2025-03-25 13:28:31.466124-04	\N	Chevrolet	24	32	42	218	-1	0	0	0	0	0	5	106	1
818	2025-03-25 13:28:31.466124-04	2025-03-25 13:28:31.466124-04	\N	Ford	31	33	15	218	-1	0	0	0	0	0	43	106	1
819	2025-03-25 13:28:31.467124-04	2025-03-25 13:28:31.467124-04	\N	Chevrolet	5	34	5	214	-1	96	0	0	0	0	20	106	1
820	2025-03-25 13:28:31.467124-04	2025-03-25 13:28:31.467124-04	\N	Chevrolet	35	35	78	201	-1	0	0	0	0	0	55	106	1
821	2025-03-25 13:28:31.469125-04	2025-03-25 13:28:31.469125-04	\N	Ford	28	36	21	165	-1	0	0	0	0	0	44	106	1
822	2025-03-25 13:37:48.576337-04	2025-03-25 13:37:48.576337-04	\N	Chevrolet	9	1	5	400	-1	93	0	0	0	0	20	79	1
823	2025-03-25 13:37:48.579984-04	2025-03-25 13:37:48.579984-04	\N	Chevrolet	30	2	9	400	-1	10	0	0	0	0	37	79	1
824	2025-03-25 13:37:48.581654-04	2025-03-25 13:37:48.581654-04	\N	Chevrolet	4	3	1	400	-1	16	0	0	0	0	40	79	1
825	2025-03-25 13:37:48.582651-04	2025-03-25 13:37:48.582651-04	\N	Toyota	21	4	20	400	-1	26	0	0	0	0	31	79	1
826	2025-03-25 13:37:48.583651-04	2025-03-25 13:37:48.583651-04	\N	Ford	10	5	4	400	-1	0	0	0	0	0	57	79	1
827	2025-03-25 13:37:48.583651-04	2025-03-25 13:37:48.583651-04	\N	Ford	15	6	34	400	-1	0	0	0	0	0	11	79	1
828	2025-03-25 13:37:48.584651-04	2025-03-25 13:37:48.584651-04	\N	Ford	18	7	22	400	-1	0	0	0	0	0	35	79	1
829	2025-03-25 13:37:48.585651-04	2025-03-25 13:37:48.585651-04	\N	Chevrolet	1	8	48	400	-1	8	0	0	0	0	6	79	1
830	2025-03-25 13:37:48.585651-04	2025-03-25 13:37:48.585651-04	\N	Toyota	14	9	54	400	-1	0	0	0	0	0	16	79	1
831	2025-03-25 13:37:48.586652-04	2025-03-25 13:37:48.586652-04	\N	Ford	24	10	6	400	-1	1	0	0	0	0	26	79	1
832	2025-03-25 13:37:48.587651-04	2025-03-25 13:37:48.587651-04	\N	Toyota	12	11	19	400	-1	56	0	0	0	0	38	79	1
833	2025-03-25 13:37:48.587651-04	2025-03-25 13:37:48.587651-04	\N	Ford	19	12	14	400	-1	0	0	0	0	0	4	79	1
834	2025-03-25 13:37:48.588651-04	2025-03-25 13:37:48.588651-04	\N	Ford	32	13	10	400	-1	0	0	0	0	0	56	79	1
835	2025-03-25 13:37:48.588651-04	2025-03-25 13:37:48.588651-04	\N	Chevrolet	2	14	8	400	-1	1	0	0	0	0	34	79	1
836	2025-03-25 13:37:48.589651-04	2025-03-25 13:37:48.589651-04	\N	Ford	13	15	38	400	-1	0	0	0	0	0	27	79	1
837	2025-03-25 13:37:48.590651-04	2025-03-25 13:37:48.590651-04	\N	Toyota	5	16	45	400	-1	0	0	0	0	0	2	79	1
838	2025-03-25 13:37:48.591651-04	2025-03-25 13:37:48.591651-04	\N	Chevrolet	37	17	13	400	-1	0	0	0	0	0	61	79	1
839	2025-03-25 13:37:48.592652-04	2025-03-25 13:37:48.592652-04	\N	Ford	33	18	41	400	-1	0	0	0	0	0	32	79	1
840	2025-03-25 13:37:48.593654-04	2025-03-25 13:37:48.593654-04	\N	Ford	26	19	21	400	-1	0	0	0	0	0	44	79	1
841	2025-03-25 13:37:48.594653-04	2025-03-25 13:37:48.594653-04	\N	Toyota	11	20	11	400	-1	71	0	0	0	0	24	79	1
842	2025-03-25 13:37:48.594653-04	2025-03-25 13:37:48.594653-04	\N	Chevrolet	16	21	7	400	-1	0	0	0	0	0	22	79	1
843	2025-03-25 13:37:48.595652-04	2025-03-25 13:37:48.595652-04	\N	Toyota	28	22	23	400	-1	1	0	0	0	0	29	79	1
844	2025-03-25 13:37:48.596653-04	2025-03-25 13:37:48.596653-04	\N	Chevrolet	20	23	99	400	-1	0	0	0	0	0	13	79	1
845	2025-03-25 13:37:48.597651-04	2025-03-25 13:37:48.597651-04	\N	Chevrolet	3	24	24	400	-1	117	0	0	0	0	1	79	1
846	2025-03-25 13:37:48.598651-04	2025-03-25 13:37:48.598651-04	\N	Chevrolet	27	25	3	399	-1	0	0	0	0	0	23	79	1
847	2025-03-25 13:37:48.598651-04	2025-03-25 13:37:48.598651-04	\N	Ford	17	26	12	399	-1	0	0	0	0	0	7	79	1
848	2025-03-25 13:37:48.599652-04	2025-03-25 13:37:48.599652-04	\N	Chevrolet	25	27	16	399	-1	0	0	0	0	0	41	79	1
849	2025-03-25 13:37:48.600652-04	2025-03-25 13:37:48.600652-04	\N	Ford	6	28	2	399	-1	0	0	0	0	0	8	79	1
850	2025-03-25 13:37:48.600652-04	2025-03-25 13:37:48.600652-04	\N	Chevrolet	29	29	31	399	-1	0	0	0	0	0	19	79	1
851	2025-03-25 13:37:48.601653-04	2025-03-25 13:37:48.601653-04	\N	Ford	7	30	17	398	-1	0	0	0	0	0	10	79	1
852	2025-03-25 13:37:48.602652-04	2025-03-25 13:37:48.602652-04	\N	Chevrolet	22	31	43	398	-1	0	0	0	0	0	12	79	1
853	2025-03-25 13:37:48.602652-04	2025-03-25 13:37:48.602652-04	\N	Chevrolet	36	32	77	398	-1	0	0	0	0	0	14	79	1
854	2025-03-25 13:37:48.603652-04	2025-03-25 13:37:48.603652-04	\N	Chevrolet	35	33	78	396	-1	0	0	0	0	0	58	79	1
855	2025-03-25 13:37:48.604653-04	2025-03-25 13:37:48.604653-04	\N	Ford	31	34	51	395	-1	0	0	0	0	0	25	79	1
856	2025-03-25 13:37:48.604653-04	2025-03-25 13:37:48.604653-04	\N	Chevrolet	8	35	47	384	-1	0	0	0	0	0	18	79	1
857	2025-03-25 13:37:48.605653-04	2025-03-25 13:37:48.605653-04	\N	Ford	34	36	15	383	-1	0	0	0	0	0	43	79	1
858	2025-03-25 13:37:48.606652-04	2025-03-25 13:37:48.606652-04	\N	Chevrolet	23	37	42	303	-1	0	0	0	0	0	28	79	1
859	2025-03-25 13:40:50.70684-04	2025-03-25 13:40:50.70684-04	\N	Toyota	2	1	45	75	-1	41	0	0	0	0	2	78	1
860	2025-03-25 13:40:50.708707-04	2025-03-25 13:40:50.708707-04	\N	Chevrolet	9	2	8	75	-1	0	0	0	0	0	34	78	1
861	2025-03-25 13:40:50.709712-04	2025-03-25 13:40:50.709712-04	\N	Chevrolet	6	3	48	75	-1	0	0	0	0	0	6	78	1
862	2025-03-25 13:40:50.710711-04	2025-03-25 13:40:50.710711-04	\N	Chevrolet	12	4	1	75	-1	0	0	0	0	0	40	78	1
863	2025-03-25 13:40:50.710711-04	2025-03-25 13:40:50.710711-04	\N	Chevrolet	1	5	24	75	-1	28	0	0	0	0	1	78	1
864	2025-03-25 13:40:50.711711-04	2025-03-25 13:40:50.711711-04	\N	Ford	3	6	2	75	-1	2	0	0	0	0	8	78	1
865	2025-03-25 13:40:50.712711-04	2025-03-25 13:40:50.712711-04	\N	Chevrolet	18	7	47	75	-1	0	0	0	0	0	18	78	1
866	2025-03-25 13:40:50.713711-04	2025-03-25 13:40:50.713711-04	\N	Ford	32	8	17	75	-1	1	0	0	0	0	10	78	1
867	2025-03-25 13:40:50.714711-04	2025-03-25 13:40:50.714711-04	\N	Toyota	17	9	54	75	-1	0	0	0	0	0	16	78	1
868	2025-03-25 13:40:50.714711-04	2025-03-25 13:40:50.714711-04	\N	Ford	36	10	38	75	-1	0	0	0	0	0	27	78	1
869	2025-03-25 13:40:50.715711-04	2025-03-25 13:40:50.715711-04	\N	Chevrolet	27	11	7	75	-1	0	0	0	0	0	22	78	1
870	2025-03-25 13:40:50.71671-04	2025-03-25 13:40:50.71671-04	\N	Ford	20	12	34	75	-1	0	0	0	0	0	11	78	1
871	2025-03-25 13:40:50.71671-04	2025-03-25 13:40:50.71671-04	\N	Ford	29	13	4	75	-1	0	0	0	0	0	57	78	1
872	2025-03-25 13:40:50.717711-04	2025-03-25 13:40:50.717711-04	\N	Chevrolet	13	14	5	75	-1	0	0	0	0	0	20	78	1
873	2025-03-25 13:40:50.717711-04	2025-03-25 13:40:50.717711-04	\N	Ford	19	15	14	75	-1	0	0	0	0	0	4	78	1
874	2025-03-25 13:40:50.71871-04	2025-03-25 13:40:50.71871-04	\N	Toyota	21	16	11	75	-1	0	0	0	0	0	24	78	1
875	2025-03-25 13:40:50.71971-04	2025-03-25 13:40:50.71971-04	\N	Toyota	25	17	19	75	-1	0	0	0	0	0	38	78	1
876	2025-03-25 13:40:50.720711-04	2025-03-25 13:40:50.720711-04	\N	Ford	24	18	15	75	-1	0	0	0	0	0	62	78	1
877	2025-03-25 13:40:50.72171-04	2025-03-25 13:40:50.72171-04	\N	Chevrolet	23	19	31	75	-1	0	0	0	0	0	19	78	1
878	2025-03-25 13:40:50.72171-04	2025-03-25 13:40:50.72171-04	\N	Chevrolet	10	20	42	75	-1	0	0	0	0	0	28	78	1
879	2025-03-25 13:40:50.722711-04	2025-03-25 13:40:50.722711-04	\N	Ford	38	21	12	75	-1	0	0	0	0	0	7	78	1
880	2025-03-25 13:40:50.723711-04	2025-03-25 13:40:50.723711-04	\N	Ford	16	22	21	75	-1	0	0	0	0	0	44	78	1
881	2025-03-25 13:40:50.723711-04	2025-03-25 13:40:50.723711-04	\N	Chevrolet	8	23	43	75	-1	0	0	0	0	0	12	78	1
882	2025-03-25 13:40:50.725301-04	2025-03-25 13:40:50.725301-04	\N	Chevrolet	4	24	9	75	-1	0	0	0	0	0	63	78	1
883	2025-03-25 13:40:50.725707-04	2025-03-25 13:40:50.725707-04	\N	Ford	37	25	51	75	-1	0	0	0	0	0	25	78	1
884	2025-03-25 13:40:50.726306-04	2025-03-25 13:40:50.726306-04	\N	Chevrolet	33	26	78	75	-1	0	0	0	0	0	55	78	1
885	2025-03-25 13:40:50.727311-04	2025-03-25 13:40:50.727311-04	\N	Chevrolet	5	27	99	75	-1	1	0	0	0	0	13	78	1
886	2025-03-25 13:40:50.727311-04	2025-03-25 13:40:50.727311-04	\N	Ford	15	28	22	75	-1	1	0	0	0	0	35	78	1
887	2025-03-25 13:40:50.72831-04	2025-03-25 13:40:50.72831-04	\N	Chevrolet	22	29	91	75	-1	0	0	0	0	0	64	78	1
888	2025-03-25 13:40:50.72931-04	2025-03-25 13:40:50.72931-04	\N	Ford	39	30	10	74	-1	0	0	0	0	0	56	78	1
889	2025-03-25 13:40:50.73031-04	2025-03-25 13:40:50.73031-04	\N	Toyota	14	31	20	73	-1	1	0	0	0	0	31	78	1
890	2025-03-25 13:40:50.73031-04	2025-03-25 13:40:50.73031-04	\N	Ford	26	32	41	68	-1	0	0	0	0	0	32	78	1
891	2025-03-25 13:40:50.73131-04	2025-03-25 13:40:50.73131-04	\N	Chevrolet	28	33	3	62	-1	0	0	0	0	0	23	78	1
892	2025-03-25 13:40:50.732311-04	2025-03-25 13:40:50.732311-04	\N	Chevrolet	7	34	16	60	-1	0	0	0	0	0	41	78	1
893	2025-03-25 13:40:50.73331-04	2025-03-25 13:40:50.73331-04	\N	Ford	30	35	6	56	-1	0	0	0	0	0	26	78	1
894	2025-03-25 13:40:50.73431-04	2025-03-25 13:40:50.73431-04	\N	Chevrolet	35	36	50	16	-1	0	0	0	0	0	65	78	1
895	2025-03-25 13:40:50.73431-04	2025-03-25 13:40:50.73431-04	\N	Toyota	11	37	23	10	-1	0	0	0	0	0	29	78	1
896	2025-03-25 13:40:50.735311-04	2025-03-25 13:40:50.735311-04	\N	Chevrolet	31	38	84	0	-1	0	0	0	0	0	3	78	1
897	2025-03-25 13:40:50.735311-04	2025-03-25 13:40:50.735311-04	\N	Chevrolet	34	39	77	0	-1	0	0	0	0	0	14	78	1
898	2025-03-26 08:59:26.091448-04	2025-03-26 08:59:26.091448-04	\N	Ford	2	1	22	312	-1	107	0	0	0	0	35	71	1
899	2025-03-26 08:59:26.094448-04	2025-03-26 08:59:26.094448-04	\N	Ford	17	2	12	312	-1	12	0	0	0	0	7	71	1
900	2025-03-26 08:59:26.094448-04	2025-03-26 08:59:26.094448-04	\N	Chevrolet	8	3	24	312	-1	19	0	0	0	0	1	71	1
901	2025-03-26 08:59:26.095448-04	2025-03-26 08:59:26.095448-04	\N	Chevrolet	4	4	5	312	-1	13	0	0	0	0	20	71	1
902	2025-03-26 08:59:26.096447-04	2025-03-26 08:59:26.096447-04	\N	Toyota	7	5	20	312	-1	143	0	0	0	0	31	71	1
903	2025-03-26 08:59:26.097448-04	2025-03-26 08:59:26.097448-04	\N	Toyota	10	6	45	312	-1	0	0	0	0	0	2	71	1
904	2025-03-26 08:59:26.097448-04	2025-03-26 08:59:26.097448-04	\N	Toyota	29	7	23	312	-1	0	0	0	0	0	29	71	1
905	2025-03-26 08:59:26.098448-04	2025-03-26 08:59:26.098448-04	\N	Chevrolet	5	8	9	312	-1	7	0	0	0	0	15	71	1
906	2025-03-26 08:59:26.099448-04	2025-03-26 08:59:26.099448-04	\N	Ford	24	9	17	312	-1	0	0	0	0	0	10	71	1
907	2025-03-26 08:59:26.099448-04	2025-03-26 08:59:26.099448-04	\N	Chevrolet	34	10	99	312	-1	0	0	0	0	0	13	71	1
908	2025-03-26 08:59:26.100471-04	2025-03-26 08:59:26.100471-04	\N	Toyota	14	11	11	312	-1	0	0	0	0	0	24	71	1
909	2025-03-26 08:59:26.101451-04	2025-03-26 08:59:26.101451-04	\N	Ford	21	12	10	312	-1	0	0	0	0	0	28	71	1
910	2025-03-26 08:59:26.102448-04	2025-03-26 08:59:26.102448-04	\N	Ford	11	13	2	312	-1	0	0	0	0	0	8	71	1
911	2025-03-26 08:59:26.103747-04	2025-03-26 08:59:26.103747-04	\N	Chevrolet	16	14	48	312	-1	1	0	0	0	0	6	71	1
912	2025-03-26 08:59:26.103747-04	2025-03-26 08:59:26.103747-04	\N	Ford	27	15	6	312	-1	0	0	0	0	0	26	71	1
913	2025-03-26 08:59:26.104753-04	2025-03-26 08:59:26.104753-04	\N	Ford	9	16	21	312	-1	0	0	0	0	0	44	71	1
914	2025-03-26 08:59:26.105753-04	2025-03-26 08:59:26.105753-04	\N	Toyota	1	17	19	312	-1	9	0	0	0	0	38	71	1
915	2025-03-26 08:59:26.105753-04	2025-03-26 08:59:26.105753-04	\N	Chevrolet	15	18	77	312	-1	0	0	0	0	0	30	71	1
916	2025-03-26 08:59:26.106753-04	2025-03-26 08:59:26.106753-04	\N	Chevrolet	3	19	1	312	-1	0	0	0	0	0	40	71	1
917	2025-03-26 08:59:26.107753-04	2025-03-26 08:59:26.107753-04	\N	Ford	32	20	38	311	-1	1	0	0	0	0	27	71	1
918	2025-03-26 08:59:26.108753-04	2025-03-26 08:59:26.108753-04	\N	Chevrolet	25	21	8	311	-1	0	0	0	0	0	34	71	1
919	2025-03-26 08:59:26.108753-04	2025-03-26 08:59:26.108753-04	\N	Toyota	19	22	43	311	-1	0	0	0	0	0	12	71	1
920	2025-03-26 08:59:26.109753-04	2025-03-26 08:59:26.109753-04	\N	Chevrolet	22	23	10	311	-1	0	0	0	0	0	46	71	1
921	2025-03-26 08:59:26.110753-04	2025-03-26 08:59:26.110753-04	\N	Ford	39	24	4	311	-1	0	0	0	0	0	37	71	1
922	2025-03-26 08:59:26.110753-04	2025-03-26 08:59:26.110753-04	\N	Chevrolet	26	25	16	311	-1	0	0	0	0	0	51	71	1
923	2025-03-26 08:59:26.111753-04	2025-03-26 08:59:26.111753-04	\N	Toyota	23	26	84	310	-1	0	0	0	0	0	3	71	1
924	2025-03-26 08:59:26.112753-04	2025-03-26 08:59:26.112753-04	\N	Chevrolet	36	27	3	310	-1	0	0	0	0	0	23	71	1
925	2025-03-26 08:59:26.112753-04	2025-03-26 08:59:26.112753-04	\N	Chevrolet	13	28	7	310	-1	0	0	0	0	0	19	71	1
926	2025-03-26 08:59:26.113753-04	2025-03-26 08:59:26.113753-04	\N	Ford	12	29	14	310	-1	0	0	0	0	0	4	71	1
927	2025-03-26 08:59:26.114752-04	2025-03-26 08:59:26.114752-04	\N	Toyota	18	30	42	310	-1	0	0	0	0	0	5	71	1
928	2025-03-26 08:59:26.115753-04	2025-03-26 08:59:26.115753-04	\N	Ford	35	31	34	309	-1	0	0	0	0	0	11	71	1
929	2025-03-26 08:59:26.115753-04	2025-03-26 08:59:26.115753-04	\N	Ford	20	32	51	309	-1	0	0	0	0	0	22	71	1
930	2025-03-26 08:59:26.116753-04	2025-03-26 08:59:26.116753-04	\N	Chevrolet	30	33	47	309	-1	0	0	0	0	0	18	71	1
931	2025-03-26 08:59:26.117753-04	2025-03-26 08:59:26.117753-04	\N	Ford	31	34	15	308	-1	0	0	0	0	0	45	71	1
932	2025-03-26 08:59:26.118753-04	2025-03-26 08:59:26.118753-04	\N	Chevrolet	37	35	44	306	-1	0	0	0	0	0	43	71	1
933	2025-03-26 08:59:26.119753-04	2025-03-26 08:59:26.119753-04	\N	Ford	38	36	66	302	-1	0	0	0	0	0	53	71	1
934	2025-03-26 08:59:26.119753-04	2025-03-26 08:59:26.119753-04	\N	Ford	33	37	41	302	-1	0	0	0	0	0	32	71	1
935	2025-03-26 08:59:26.122754-04	2025-03-26 08:59:26.122754-04	\N	Chevrolet	40	38	50	294	-1	0	0	0	0	0	66	71	1
936	2025-03-26 08:59:26.124754-04	2025-03-26 08:59:26.124754-04	\N	Chevrolet	28	39	71	247	-1	0	0	0	0	0	36	71	1
937	2025-03-26 08:59:26.125754-04	2025-03-26 08:59:26.125754-04	\N	Toyota	6	40	54	1	-1	0	0	0	0	0	16	71	1
938	2025-03-26 09:01:26.734274-04	2025-03-26 09:01:26.734274-04	\N	Ford	10	1	22	267	-1	6	0	0	0	0	35	70	1
939	2025-03-26 09:01:26.735273-04	2025-03-26 09:01:26.735273-04	\N	Toyota	1	2	20	267	-1	155	0	0	0	0	31	70	1
940	2025-03-26 09:01:26.736272-04	2025-03-26 09:01:26.736272-04	\N	Chevrolet	23	3	99	267	-1	57	0	0	0	0	13	70	1
941	2025-03-26 09:01:26.737273-04	2025-03-26 09:01:26.737273-04	\N	Chevrolet	9	4	24	267	-1	1	0	0	0	0	1	70	1
942	2025-03-26 09:01:26.738273-04	2025-03-26 09:01:26.738273-04	\N	Chevrolet	3	5	48	267	-1	0	0	0	0	0	6	70	1
943	2025-03-26 09:01:26.739273-04	2025-03-26 09:01:26.739273-04	\N	Toyota	12	6	19	267	-1	7	0	0	0	0	38	70	1
944	2025-03-26 09:01:26.739273-04	2025-03-26 09:01:26.739273-04	\N	Chevrolet	7	7	1	267	-1	0	0	0	0	0	40	70	1
945	2025-03-26 09:01:26.740275-04	2025-03-26 09:01:26.740275-04	\N	Toyota	4	8	11	267	-1	4	0	0	0	0	24	70	1
946	2025-03-26 09:01:26.74176-04	2025-03-26 09:01:26.74176-04	\N	Toyota	26	9	42	267	-1	0	0	0	0	0	5	70	1
947	2025-03-26 09:01:26.742765-04	2025-03-26 09:01:26.742765-04	\N	Ford	22	10	17	267	-1	0	0	0	0	0	10	70	1
948	2025-03-26 09:01:26.743764-04	2025-03-26 09:01:26.743764-04	\N	Chevrolet	5	11	5	267	-1	1	0	0	0	0	20	70	1
949	2025-03-26 09:01:26.744766-04	2025-03-26 09:01:26.744766-04	\N	Toyota	19	12	23	267	-1	0	0	0	0	0	29	70	1
950	2025-03-26 09:01:26.744766-04	2025-03-26 09:01:26.744766-04	\N	Chevrolet	20	13	8	267	-1	0	0	0	0	0	34	70	1
951	2025-03-26 09:01:26.745766-04	2025-03-26 09:01:26.745766-04	\N	Ford	35	14	51	267	-1	0	0	0	0	0	22	70	1
952	2025-03-26 09:01:26.746765-04	2025-03-26 09:01:26.746765-04	\N	Ford	31	15	21	267	-1	0	0	0	0	0	44	70	1
953	2025-03-26 09:01:26.747766-04	2025-03-26 09:01:26.747766-04	\N	Chevrolet	14	16	71	267	-1	0	0	0	0	0	36	70	1
954	2025-03-26 09:01:26.748765-04	2025-03-26 09:01:26.748765-04	\N	Chevrolet	16	17	7	267	-1	0	0	0	0	0	19	70	1
955	2025-03-26 09:01:26.749765-04	2025-03-26 09:01:26.749765-04	\N	Ford	21	18	10	267	-1	0	0	0	0	0	28	70	1
956	2025-03-26 09:01:26.750766-04	2025-03-26 09:01:26.750766-04	\N	Chevrolet	33	19	10	267	-1	0	0	0	0	0	46	70	1
957	2025-03-26 09:01:26.751766-04	2025-03-26 09:01:26.751766-04	\N	Ford	15	20	34	267	-1	0	0	0	0	0	11	70	1
958	2025-03-26 09:01:26.752765-04	2025-03-26 09:01:26.752765-04	\N	Ford	36	21	15	267	-1	0	0	0	0	0	25	70	1
959	2025-03-26 09:01:26.753769-04	2025-03-26 09:01:26.753769-04	\N	Ford	32	22	41	266	-1	0	0	0	0	0	32	70	1
960	2025-03-26 09:01:26.754769-04	2025-03-26 09:01:26.754769-04	\N	Chevrolet	6	23	77	266	-1	0	0	0	0	0	30	70	1
961	2025-03-26 09:01:26.755768-04	2025-03-26 09:01:26.755768-04	\N	Ford	28	24	4	266	-1	0	0	0	0	0	37	70	1
962	2025-03-26 09:01:26.756769-04	2025-03-26 09:01:26.756769-04	\N	Toyota	27	25	43	266	-1	0	0	0	0	0	12	70	1
963	2025-03-26 09:01:26.757771-04	2025-03-26 09:01:26.757771-04	\N	Ford	24	26	14	266	-1	0	0	0	0	0	4	70	1
964	2025-03-26 09:01:26.758769-04	2025-03-26 09:01:26.758769-04	\N	Chevrolet	25	27	47	266	-1	0	0	0	0	0	18	70	1
965	2025-03-26 09:01:26.75977-04	2025-03-26 09:01:26.75977-04	\N	Toyota	29	28	84	265	-1	0	0	0	0	0	3	70	1
966	2025-03-26 09:01:26.75977-04	2025-03-26 09:01:26.75977-04	\N	Chevrolet	34	29	16	265	-1	0	0	0	0	0	33	70	1
967	2025-03-26 09:01:26.76077-04	2025-03-26 09:01:26.76077-04	\N	Toyota	8	30	54	264	-1	23	0	0	0	0	16	70	1
968	2025-03-26 09:01:26.764784-04	2025-03-26 09:01:26.764784-04	\N	Ford	30	31	38	263	-1	0	0	0	0	0	27	70	1
969	2025-03-26 09:01:26.765769-04	2025-03-26 09:01:26.765769-04	\N	Ford	37	32	12	259	-1	4	0	0	0	0	7	70	1
970	2025-03-26 09:01:26.76677-04	2025-03-26 09:01:26.76677-04	\N	Chevrolet	18	33	9	230	-1	0	0	0	0	0	15	70	1
971	2025-03-26 09:01:26.769332-04	2025-03-26 09:01:26.769332-04	\N	Ford	11	34	2	96	-1	0	0	0	0	0	8	70	1
972	2025-03-26 09:01:26.773372-04	2025-03-26 09:01:26.773372-04	\N	Toyota	2	35	45	89	-1	9	0	0	0	0	2	70	1
973	2025-03-26 09:01:26.774358-04	2025-03-26 09:01:26.774358-04	\N	Ford	17	36	6	89	-1	0	0	0	0	0	26	70	1
974	2025-03-26 09:01:26.775808-04	2025-03-26 09:01:26.775808-04	\N	Chevrolet	13	37	3	61	-1	0	0	0	0	0	23	70	1
975	2025-03-26 09:03:15.05103-04	2025-03-26 09:03:15.05103-04	\N	Chevrolet	6	1	5	109	-1	62	0	0	0	0	20	69	1
976	2025-03-26 09:03:15.054029-04	2025-03-26 09:03:15.054029-04	\N	Toyota	12	2	20	109	-1	1	0	0	0	0	31	69	1
977	2025-03-26 09:03:15.05503-04	2025-03-26 09:03:15.05503-04	\N	Chevrolet	10	3	24	109	-1	0	0	0	0	0	1	69	1
978	2025-03-26 09:03:15.056028-04	2025-03-26 09:03:15.056028-04	\N	Ford	5	4	2	109	-1	0	0	0	0	0	8	69	1
979	2025-03-26 09:03:15.057037-04	2025-03-26 09:03:15.057037-04	\N	Chevrolet	7	5	9	109	-1	0	0	0	0	0	15	69	1
980	2025-03-26 09:03:15.058036-04	2025-03-26 09:03:15.058036-04	\N	Chevrolet	3	6	16	109	-1	14	0	0	0	0	41	69	1
981	2025-03-26 09:03:15.059034-04	2025-03-26 09:03:15.059034-04	\N	Chevrolet	1	7	13	109	-1	21	0	0	0	0	33	69	1
982	2025-03-26 09:03:15.060035-04	2025-03-26 09:03:15.060035-04	\N	Ford	4	8	22	109	-1	0	0	0	0	0	35	69	1
983	2025-03-26 09:03:15.061037-04	2025-03-26 09:03:15.061037-04	\N	Toyota	9	9	23	109	-1	0	0	0	0	0	29	69	1
984	2025-03-26 09:03:15.062035-04	2025-03-26 09:03:15.062035-04	\N	Ford	14	10	12	109	-1	0	0	0	0	0	7	69	1
985	2025-03-26 09:03:15.063029-04	2025-03-26 09:03:15.063029-04	\N	Toyota	2	11	45	109	-1	6	0	0	0	0	2	69	1
986	2025-03-26 09:03:15.06404-04	2025-03-26 09:03:15.06404-04	\N	Chevrolet	20	12	77	109	-1	0	0	0	0	0	30	69	1
987	2025-03-26 09:03:15.065037-04	2025-03-26 09:03:15.065037-04	\N	Chevrolet	11	13	8	109	-1	0	0	0	0	0	34	69	1
988	2025-03-26 09:03:15.065037-04	2025-03-26 09:03:15.065037-04	\N	Toyota	18	14	11	109	-1	0	0	0	0	0	24	69	1
989	2025-03-26 09:03:15.066034-04	2025-03-26 09:03:15.066034-04	\N	Ford	21	15	34	109	-1	0	0	0	0	0	11	69	1
990	2025-03-26 09:03:15.067036-04	2025-03-26 09:03:15.067036-04	\N	Chevrolet	24	16	47	109	-1	0	0	0	0	0	18	69	1
991	2025-03-26 09:03:15.068037-04	2025-03-26 09:03:15.068037-04	\N	Ford	29	17	17	109	-1	0	0	0	0	0	10	69	1
992	2025-03-26 09:03:15.068037-04	2025-03-26 09:03:15.068037-04	\N	Ford	15	18	38	109	-1	0	0	0	0	0	27	69	1
993	2025-03-26 09:03:15.069037-04	2025-03-26 09:03:15.069037-04	\N	Chevrolet	23	19	71	109	-1	0	0	0	0	0	36	69	1
994	2025-03-26 09:03:15.070036-04	2025-03-26 09:03:15.070036-04	\N	Ford	26	20	21	109	-1	0	0	0	0	0	44	69	1
995	2025-03-26 09:03:15.070036-04	2025-03-26 09:03:15.070036-04	\N	Toyota	30	21	19	109	-1	0	0	0	0	0	38	69	1
996	2025-03-26 09:03:15.071037-04	2025-03-26 09:03:15.071037-04	\N	Ford	36	22	4	109	-1	0	0	0	0	0	37	69	1
997	2025-03-26 09:03:15.072036-04	2025-03-26 09:03:15.072036-04	\N	Ford	8	23	6	109	-1	0	0	0	0	0	26	69	1
998	2025-03-26 09:03:15.07303-04	2025-03-26 09:03:15.07303-04	\N	Chevrolet	27	24	10	109	-1	0	0	0	0	0	46	69	1
999	2025-03-26 09:03:15.07303-04	2025-03-26 09:03:15.07303-04	\N	Ford	34	25	41	109	-1	0	0	0	0	0	32	69	1
1000	2025-03-26 09:03:15.07403-04	2025-03-26 09:03:15.07403-04	\N	Chevrolet	33	26	7	109	-1	0	0	0	0	0	19	69	1
1001	2025-03-26 09:03:15.075029-04	2025-03-26 09:03:15.075029-04	\N	Ford	31	27	15	109	-1	0	0	0	0	0	45	69	1
1002	2025-03-26 09:03:15.07603-04	2025-03-26 09:03:15.07603-04	\N	Chevrolet	16	28	1	109	-1	0	0	0	0	0	40	69	1
1003	2025-03-26 09:03:15.07603-04	2025-03-26 09:03:15.07603-04	\N	Ford	38	29	66	109	-1	0	0	0	0	0	55	69	1
1004	2025-03-26 09:03:15.07703-04	2025-03-26 09:03:15.07703-04	\N	Chevrolet	13	30	99	108	-1	0	0	0	0	0	13	69	1
1005	2025-03-26 09:03:15.078029-04	2025-03-26 09:03:15.078029-04	\N	Ford	32	31	10	108	-1	0	0	0	0	0	28	69	1
1006	2025-03-26 09:03:15.078029-04	2025-03-26 09:03:15.078029-04	\N	Chevrolet	22	32	3	107	-1	0	0	0	0	0	23	69	1
1007	2025-03-26 09:03:15.07903-04	2025-03-26 09:03:15.07903-04	\N	Toyota	37	33	43	56	-1	0	0	0	0	0	12	69	1
1008	2025-03-26 09:03:15.08003-04	2025-03-26 09:03:15.08003-04	\N	Toyota	35	34	42	55	-1	0	0	0	0	0	5	69	1
1009	2025-03-26 09:03:15.081029-04	2025-03-26 09:03:15.081029-04	\N	Toyota	19	35	54	54	-1	0	0	0	0	0	16	69	1
1010	2025-03-26 09:03:15.081029-04	2025-03-26 09:03:15.081029-04	\N	Ford	25	36	14	41	-1	0	0	0	0	0	4	69	1
1011	2025-03-26 09:03:15.082029-04	2025-03-26 09:03:15.082029-04	\N	Ford	28	37	51	3	-1	0	0	0	0	0	22	69	1
1012	2025-03-26 09:03:15.08303-04	2025-03-26 09:03:15.08303-04	\N	Chevrolet	17	38	48	109	-1	5	0	0	0	0	6	69	1
1013	2025-03-26 09:18:55.791575-04	2025-03-26 09:18:55.791575-04	\N	Chevrolet	32	1	47	195	-1	19	0	0	0	0	18	68	1
1014	2025-03-26 09:18:55.793575-04	2025-03-26 09:18:55.793575-04	\N	Ford	13	2	6	195	-1	2	0	0	0	0	26	68	1
1015	2025-03-26 09:18:55.794575-04	2025-03-26 09:18:55.794575-04	\N	Chevrolet	16	3	24	195	-1	1	0	0	0	0	1	68	1
1016	2025-03-26 09:18:55.795576-04	2025-03-26 09:18:55.795576-04	\N	Chevrolet	12	4	5	195	-1	1	0	0	0	0	20	68	1
1017	2025-03-26 09:18:55.796575-04	2025-03-26 09:18:55.796575-04	\N	Toyota	30	5	43	195	-1	0	0	0	0	0	12	68	1
1018	2025-03-26 09:18:55.797575-04	2025-03-26 09:18:55.797575-04	\N	Toyota	21	6	20	195	-1	0	0	0	0	0	31	68	1
1019	2025-03-26 09:18:55.798575-04	2025-03-26 09:18:55.798575-04	\N	Chevrolet	35	7	7	195	-1	4	0	0	0	0	19	68	1
1020	2025-03-26 09:18:55.799575-04	2025-03-26 09:18:55.799575-04	\N	Chevrolet	7	8	3	195	-1	1	0	0	0	0	23	68	1
1021	2025-03-26 09:18:55.799575-04	2025-03-26 09:18:55.799575-04	\N	Toyota	26	9	23	195	-1	3	0	0	0	0	29	68	1
1022	2025-03-26 09:18:55.800575-04	2025-03-26 09:18:55.800575-04	\N	Toyota	8	10	11	195	-1	0	0	0	0	0	24	68	1
1023	2025-03-26 09:18:55.801576-04	2025-03-26 09:18:55.801576-04	\N	Toyota	24	11	19	195	-1	0	0	0	0	0	38	68	1
1024	2025-03-26 09:18:55.801576-04	2025-03-26 09:18:55.801576-04	\N	Ford	34	12	15	195	-1	1	0	0	0	0	25	68	1
1025	2025-03-26 09:18:55.802588-04	2025-03-26 09:18:55.802588-04	\N	Toyota	15	13	54	195	-1	0	0	0	0	0	16	68	1
1026	2025-03-26 09:18:55.803575-04	2025-03-26 09:18:55.803575-04	\N	Chevrolet	37	14	77	195	-1	0	0	0	0	0	30	68	1
1027	2025-03-26 09:18:55.804581-04	2025-03-26 09:18:55.804581-04	\N	Chevrolet	17	15	16	195	-1	9	0	0	0	0	33	68	1
1028	2025-03-26 09:18:55.804581-04	2025-03-26 09:18:55.805579-04	\N	Chevrolet	23	16	48	195	-1	1	0	0	0	0	6	68	1
1029	2025-03-26 09:18:55.805579-04	2025-03-26 09:18:55.805579-04	\N	Ford	20	17	17	195	-1	12	0	0	0	0	10	68	1
1030	2025-03-26 09:18:55.806577-04	2025-03-26 09:18:55.806577-04	\N	Ford	28	18	51	195	-1	5	0	0	0	0	22	68	1
1031	2025-03-26 09:18:55.807579-04	2025-03-26 09:18:55.807579-04	\N	Chevrolet	4	19	8	195	-1	7	0	0	0	0	34	68	1
1032	2025-03-26 09:18:55.807579-04	2025-03-26 09:18:55.807579-04	\N	Toyota	14	20	45	195	-1	2	0	0	0	0	2	68	1
1033	2025-03-26 09:18:55.808581-04	2025-03-26 09:18:55.808581-04	\N	Chevrolet	39	21	71	195	-1	0	0	0	0	0	36	68	1
1034	2025-03-26 09:18:55.809578-04	2025-03-26 09:18:55.809578-04	\N	Chevrolet	38	22	78	195	-1	1	0	0	0	0	42	68	1
1035	2025-03-26 09:18:55.809578-04	2025-03-26 09:18:55.809578-04	\N	Ford	3	23	38	194	-1	2	0	0	0	0	27	68	1
1036	2025-03-26 09:18:55.81058-04	2025-03-26 09:18:55.81058-04	\N	Chevrolet	33	24	62	194	-1	0	0	0	0	0	58	68	1
1037	2025-03-26 09:18:55.811574-04	2025-03-26 09:18:55.811574-04	\N	Ford	22	25	10	194	-1	0	0	0	0	0	28	68	1
1038	2025-03-26 09:18:55.812574-04	2025-03-26 09:18:55.812574-04	\N	Chevrolet	31	26	99	194	-1	0	0	0	0	0	13	68	1
1039	2025-03-26 09:18:55.812574-04	2025-03-26 09:18:55.812574-04	\N	Chevrolet	40	27	44	193	-1	0	0	0	0	0	43	68	1
1040	2025-03-26 09:18:55.813575-04	2025-03-26 09:18:55.813575-04	\N	Chevrolet	25	28	13	193	-1	9	0	0	0	0	41	68	1
1041	2025-03-26 09:18:55.814574-04	2025-03-26 09:18:55.814574-04	\N	Chevrolet	11	29	9	190	-1	1	0	0	0	0	15	68	1
1042	2025-03-26 09:18:55.815575-04	2025-03-26 09:18:55.815575-04	\N	Ford	36	30	14	189	-1	0	0	0	0	0	4	68	1
1043	2025-03-26 09:18:55.815575-04	2025-03-26 09:18:55.815575-04	\N	Toyota	29	31	42	188	-1	0	0	0	0	0	5	68	1
1044	2025-03-26 09:18:55.816574-04	2025-03-26 09:18:55.816574-04	\N	Ford	2	32	2	183	-1	29	0	0	0	0	8	68	1
1045	2025-03-26 09:18:55.817575-04	2025-03-26 09:18:55.817575-04	\N	Ford	6	33	22	183	-1	19	0	0	0	0	35	68	1
1046	2025-03-26 09:18:55.818575-04	2025-03-26 09:18:55.818575-04	\N	Ford	9	34	21	183	-1	0	0	0	0	0	44	68	1
1047	2025-03-26 09:18:55.819575-04	2025-03-26 09:18:55.819575-04	\N	Ford	18	35	41	183	-1	0	0	0	0	0	32	68	1
1048	2025-03-26 09:18:55.819575-04	2025-03-26 09:18:55.819575-04	\N	Ford	19	36	4	183	-1	0	0	0	0	0	37	68	1
1049	2025-03-26 09:18:55.820574-04	2025-03-26 09:18:55.820574-04	\N	Ford	1	37	34	183	-1	42	0	0	0	0	11	68	1
1050	2025-03-26 09:18:55.821574-04	2025-03-26 09:18:55.821574-04	\N	Chevrolet	10	38	10	183	-1	1	0	0	0	0	46	68	1
1051	2025-03-26 09:18:55.822574-04	2025-03-26 09:18:55.822574-04	\N	Ford	5	39	12	124	-1	6	0	0	0	0	7	68	1
1052	2025-03-26 09:18:55.822574-04	2025-03-26 09:18:55.822574-04	\N	Chevrolet	27	40	1	120	-1	17	0	0	0	0	40	68	1
1053	2025-03-26 09:35:15.47499-04	2025-03-26 09:35:15.47499-04	\N	Chevrolet	20	1	1	267	-1	52	0	0	0	0	40	67	1
1054	2025-03-26 09:35:15.476501-04	2025-03-26 09:35:15.476501-04	\N	Chevrolet	6	2	24	267	-1	24	0	0	0	0	1	67	1
1055	2025-03-26 09:35:15.477503-04	2025-03-26 09:35:15.477503-04	\N	Toyota	19	3	19	267	-1	5	0	0	0	0	38	67	1
1056	2025-03-26 09:35:15.478504-04	2025-03-26 09:35:15.478504-04	\N	Ford	7	4	12	267	-1	3	0	0	0	0	7	67	1
1057	2025-03-26 09:35:15.479502-04	2025-03-26 09:35:15.479502-04	\N	Toyota	2	5	54	267	-1	5	0	0	0	0	16	67	1
1058	2025-03-26 09:35:15.480502-04	2025-03-26 09:35:15.480502-04	\N	Chevrolet	12	6	48	267	-1	6	0	0	0	0	6	67	1
1059	2025-03-26 09:35:15.481502-04	2025-03-26 09:35:15.481502-04	\N	Toyota	1	7	20	267	-1	122	0	0	0	0	31	67	1
1060	2025-03-26 09:35:15.481502-04	2025-03-26 09:35:15.481502-04	\N	Toyota	8	8	11	267	-1	1	0	0	0	0	24	67	1
1061	2025-03-26 09:35:15.482502-04	2025-03-26 09:35:15.482502-04	\N	Chevrolet	38	9	9	267	-1	0	0	0	0	0	15	67	1
1062	2025-03-26 09:35:15.482502-04	2025-03-26 09:35:15.482502-04	\N	Chevrolet	15	10	71	267	-1	3	0	0	0	0	36	67	1
1063	2025-03-26 09:35:15.484502-04	2025-03-26 09:35:15.484502-04	\N	Ford	25	11	17	267	-1	0	0	0	0	0	10	67	1
1064	2025-03-26 09:35:15.484502-04	2025-03-26 09:35:15.484502-04	\N	Chevrolet	22	12	3	267	-1	0	0	0	0	0	23	67	1
1065	2025-03-26 09:35:15.485501-04	2025-03-26 09:35:15.485501-04	\N	Chevrolet	10	13	99	267	-1	0	0	0	0	0	13	67	1
1066	2025-03-26 09:35:15.486501-04	2025-03-26 09:35:15.486501-04	\N	Ford	5	14	22	267	-1	3	0	0	0	0	35	67	1
1067	2025-03-26 09:35:15.486501-04	2025-03-26 09:35:15.486501-04	\N	Ford	27	15	51	267	-1	0	0	0	0	0	22	67	1
1068	2025-03-26 09:35:15.487501-04	2025-03-26 09:35:15.487501-04	\N	Ford	37	16	41	267	-1	0	0	0	0	0	32	67	1
1069	2025-03-26 09:35:15.488501-04	2025-03-26 09:35:15.488501-04	\N	Toyota	13	17	23	267	-1	0	0	0	0	0	29	67	1
1070	2025-03-26 09:35:15.489502-04	2025-03-26 09:35:15.489502-04	\N	Ford	24	18	10	267	-1	0	0	0	0	0	28	67	1
1071	2025-03-26 09:35:15.489502-04	2025-03-26 09:35:15.489502-04	\N	Chevrolet	3	19	8	267	-1	26	0	0	0	0	34	67	1
1072	2025-03-26 09:35:15.490502-04	2025-03-26 09:35:15.490502-04	\N	Chevrolet	30	20	10	267	-1	0	0	0	0	0	46	67	1
1073	2025-03-26 09:35:15.491501-04	2025-03-26 09:35:15.491501-04	\N	Chevrolet	32	21	16	267	-1	0	0	0	0	0	14	67	1
1074	2025-03-26 09:35:15.491501-04	2025-03-26 09:35:15.491501-04	\N	Ford	26	22	6	267	-1	4	0	0	0	0	26	67	1
1075	2025-03-26 09:35:15.492502-04	2025-03-26 09:35:15.492502-04	\N	Ford	28	23	21	267	-1	0	0	0	0	0	44	67	1
1076	2025-03-26 09:35:15.493503-04	2025-03-26 09:35:15.493503-04	\N	Ford	9	24	14	267	-1	0	0	0	0	0	4	67	1
1077	2025-03-26 09:35:15.493503-04	2025-03-26 09:35:15.493503-04	\N	Toyota	4	25	45	267	-1	7	0	0	0	0	2	67	1
1078	2025-03-26 09:35:15.494503-04	2025-03-26 09:35:15.494503-04	\N	Chevrolet	11	26	5	267	-1	0	0	0	0	0	20	67	1
1079	2025-03-26 09:35:15.495503-04	2025-03-26 09:35:15.495503-04	\N	Ford	33	27	38	267	-1	0	0	0	0	0	27	67	1
1080	2025-03-26 09:35:15.496503-04	2025-03-26 09:35:15.496503-04	\N	Chevrolet	18	28	47	267	-1	0	0	0	0	0	18	67	1
1081	2025-03-26 09:35:15.497502-04	2025-03-26 09:35:15.497502-04	\N	Ford	21	29	34	267	-1	0	0	0	0	0	11	67	1
1082	2025-03-26 09:35:15.497502-04	2025-03-26 09:35:15.497502-04	\N	Toyota	31	30	42	267	-1	0	0	0	0	0	5	67	1
1083	2025-03-26 09:35:15.498502-04	2025-03-26 09:35:15.498502-04	\N	Ford	34	31	15	267	-1	0	0	0	0	0	45	67	1
1084	2025-03-26 09:35:15.499503-04	2025-03-26 09:35:15.499503-04	\N	Chevrolet	14	32	77	267	-1	5	0	0	0	0	30	67	1
1085	2025-03-26 09:35:15.499503-04	2025-03-26 09:35:15.499503-04	\N	Chevrolet	23	33	7	266	-1	0	0	0	0	0	19	67	1
1086	2025-03-26 09:35:15.500503-04	2025-03-26 09:35:15.500503-04	\N	Ford	17	34	2	263	-1	0	0	0	0	0	8	67	1
1087	2025-03-26 09:35:15.501503-04	2025-03-26 09:35:15.501503-04	\N	Toyota	16	35	43	263	-1	0	0	0	0	0	12	67	1
1088	2025-03-26 09:35:15.502503-04	2025-03-26 09:35:15.502503-04	\N	Toyota	35	36	84	257	-1	0	0	0	0	0	3	67	1
1089	2025-03-26 09:35:15.502503-04	2025-03-26 09:35:15.502503-04	\N	Chevrolet	36	37	44	118	-1	1	0	0	0	0	43	67	1
1090	2025-03-26 09:35:15.503503-04	2025-03-26 09:35:15.503503-04	\N	Ford	29	38	4	0	-1	0	0	0	0	0	37	67	1
1091	2025-03-26 09:37:22.058994-04	2025-03-26 09:37:22.058994-04	\N	Chevrolet	2	1	5	500	-1	462	0	0	0	0	20	66	1
1092	2025-03-26 09:37:22.060995-04	2025-03-26 09:37:22.060995-04	\N	Chevrolet	10	2	9	500	-1	0	0	0	0	0	15	66	1
1093	2025-03-26 09:37:22.061994-04	2025-03-26 09:37:22.061994-04	\N	Toyota	11	3	23	500	-1	1	0	0	0	0	29	66	1
1094	2025-03-26 09:37:22.062994-04	2025-03-26 09:37:22.062994-04	\N	Toyota	8	4	11	500	-1	0	0	0	0	0	24	66	1
1095	2025-03-26 09:37:22.062994-04	2025-03-26 09:37:22.062994-04	\N	Toyota	6	5	20	500	-1	0	0	0	0	0	31	66	1
1096	2025-03-26 09:37:22.063994-04	2025-03-26 09:37:22.063994-04	\N	Ford	22	6	12	500	-1	0	0	0	0	0	7	66	1
1097	2025-03-26 09:37:22.064994-04	2025-03-26 09:37:22.064994-04	\N	Ford	14	7	41	500	-1	0	0	0	0	0	32	66	1
1098	2025-03-26 09:37:22.065995-04	2025-03-26 09:37:22.065995-04	\N	Ford	5	8	14	500	-1	0	0	0	0	0	4	66	1
1099	2025-03-26 09:37:22.065995-04	2025-03-26 09:37:22.065995-04	\N	Chevrolet	1	9	48	500	-1	34	0	0	0	0	6	66	1
1100	2025-03-26 09:37:22.067996-04	2025-03-26 09:37:22.067996-04	\N	Chevrolet	12	10	1	500	-1	0	0	0	0	0	40	66	1
1101	2025-03-26 09:37:22.068995-04	2025-03-26 09:37:22.068995-04	\N	Ford	18	11	34	499	-1	0	0	0	0	0	11	66	1
1102	2025-03-26 09:37:22.069994-04	2025-03-26 09:37:22.069994-04	\N	Ford	16	12	10	499	-1	0	0	0	0	0	28	66	1
1103	2025-03-26 09:37:22.069994-04	2025-03-26 09:37:22.069994-04	\N	Ford	27	13	2	499	-1	0	0	0	0	0	8	66	1
1104	2025-03-26 09:37:22.070995-04	2025-03-26 09:37:22.070995-04	\N	Ford	17	14	17	499	-1	0	0	0	0	0	10	66	1
1105	2025-03-26 09:37:22.071996-04	2025-03-26 09:37:22.071996-04	\N	Toyota	13	15	54	499	-1	0	0	0	0	0	16	66	1
1106	2025-03-26 09:37:22.072996-04	2025-03-26 09:37:22.072996-04	\N	Chevrolet	33	16	71	499	-1	0	0	0	0	0	36	66	1
1107	2025-03-26 09:37:22.073995-04	2025-03-26 09:37:22.073995-04	\N	Chevrolet	3	17	24	499	-1	0	0	0	0	0	1	66	1
1108	2025-03-26 09:37:22.073995-04	2025-03-26 09:37:22.073995-04	\N	Chevrolet	7	18	77	499	-1	0	0	0	0	0	30	66	1
1109	2025-03-26 09:37:22.074997-04	2025-03-26 09:37:22.074997-04	\N	Chevrolet	21	19	10	499	-1	0	0	0	0	0	46	66	1
1110	2025-03-26 09:37:22.075996-04	2025-03-26 09:37:22.075996-04	\N	Toyota	15	20	45	499	-1	3	0	0	0	0	2	66	1
1111	2025-03-26 09:37:22.076995-04	2025-03-26 09:37:22.076995-04	\N	Chevrolet	30	21	3	499	-1	0	0	0	0	0	23	66	1
1112	2025-03-26 09:37:22.077995-04	2025-03-26 09:37:22.077995-04	\N	Ford	26	22	51	499	-1	0	0	0	0	0	19	66	1
1113	2025-03-26 09:37:22.077995-04	2025-03-26 09:37:22.077995-04	\N	Chevrolet	19	23	16	499	-1	0	0	0	0	0	41	66	1
1114	2025-03-26 09:37:22.078994-04	2025-03-26 09:37:22.078994-04	\N	Toyota	4	24	19	499	-1	0	0	0	0	0	38	66	1
1115	2025-03-26 09:37:22.079994-04	2025-03-26 09:37:22.079994-04	\N	Chevrolet	29	25	8	498	-1	0	0	0	0	0	34	66	1
1116	2025-03-26 09:37:22.080994-04	2025-03-26 09:37:22.080994-04	\N	Ford	23	26	6	497	-1	0	0	0	0	0	26	66	1
1117	2025-03-26 09:37:22.080994-04	2025-03-26 09:37:22.080994-04	\N	Chevrolet	31	27	47	497	-1	0	0	0	0	0	18	66	1
1118	2025-03-26 09:37:22.081994-04	2025-03-26 09:37:22.081994-04	\N	Ford	20	28	22	496	-1	0	0	0	0	0	35	66	1
1119	2025-03-26 09:37:22.082994-04	2025-03-26 09:37:22.082994-04	\N	Ford	25	29	4	496	-1	0	0	0	0	0	37	66	1
1120	2025-03-26 09:37:22.082994-04	2025-03-26 09:37:22.082994-04	\N	Toyota	32	30	43	496	-1	0	0	0	0	0	12	66	1
1121	2025-03-26 09:37:22.084996-04	2025-03-26 09:37:22.084996-04	\N	Chevrolet	35	31	99	496	-1	0	0	0	0	0	13	66	1
1122	2025-03-26 09:37:22.085996-04	2025-03-26 09:37:22.085996-04	\N	Ford	24	32	38	496	-1	0	0	0	0	0	27	66	1
1123	2025-03-26 09:37:22.086997-04	2025-03-26 09:37:22.086997-04	\N	Toyota	28	33	42	491	-1	0	0	0	0	0	5	66	1
1124	2025-03-26 09:37:22.086997-04	2025-03-26 09:37:22.086997-04	\N	Ford	37	34	66	467	-1	0	0	0	0	0	55	66	1
1125	2025-03-26 09:37:22.087995-04	2025-03-26 09:37:22.087995-04	\N	Ford	34	35	21	422	-1	0	0	0	0	0	44	66	1
1126	2025-03-26 09:37:22.088995-04	2025-03-26 09:37:22.088995-04	\N	Chevrolet	9	36	7	330	-1	0	0	0	0	0	22	66	1
1127	2025-03-26 09:37:22.089995-04	2025-03-26 09:37:22.089995-04	\N	Ford	36	37	15	296	-1	0	0	0	0	0	45	66	1
1128	2025-03-26 09:39:12.267878-04	2025-03-26 09:39:12.267878-04	\N	Ford	24	1	17	92	-1	19	0	0	0	0	10	65	1
1129	2025-03-26 09:39:12.269878-04	2025-03-26 09:39:12.269878-04	\N	Chevrolet	3	2	16	92	-1	1	0	0	0	0	33	65	1
1130	2025-03-26 09:39:12.269878-04	2025-03-26 09:39:12.269878-04	\N	Chevrolet	29	3	77	92	-1	1	0	0	0	0	30	65	1
1131	2025-03-26 09:39:12.270878-04	2025-03-26 09:39:12.270878-04	\N	Chevrolet	1	4	1	92	-1	51	0	0	0	0	40	65	1
1132	2025-03-26 09:39:12.271878-04	2025-03-26 09:39:12.271878-04	\N	Chevrolet	19	5	71	92	-1	0	0	0	0	0	36	65	1
1133	2025-03-26 09:39:12.271878-04	2025-03-26 09:39:12.271878-04	\N	Ford	12	6	14	92	-1	0	0	0	0	0	4	65	1
1134	2025-03-26 09:39:12.272878-04	2025-03-26 09:39:12.272878-04	\N	Ford	10	7	34	92	-1	7	0	0	0	0	11	65	1
1135	2025-03-26 09:39:12.273883-04	2025-03-26 09:39:12.273883-04	\N	Chevrolet	18	8	7	92	-1	2	0	0	0	0	22	65	1
1136	2025-03-26 09:39:12.274884-04	2025-03-26 09:39:12.274884-04	\N	Ford	21	9	41	92	-1	0	0	0	0	0	32	65	1
1137	2025-03-26 09:39:12.274884-04	2025-03-26 09:39:12.274884-04	\N	Ford	5	10	2	92	-1	0	0	0	0	0	8	65	1
1138	2025-03-26 09:39:12.275881-04	2025-03-26 09:39:12.275881-04	\N	Ford	9	11	10	92	-1	0	0	0	0	0	28	65	1
1139	2025-03-26 09:39:12.276882-04	2025-03-26 09:39:12.276882-04	\N	Chevrolet	20	12	5	92	-1	0	0	0	0	0	20	65	1
1140	2025-03-26 09:39:12.276882-04	2025-03-26 09:39:12.276882-04	\N	Chevrolet	8	13	99	92	-1	0	0	0	0	0	13	65	1
1141	2025-03-26 09:39:12.27788-04	2025-03-26 09:39:12.27788-04	\N	Toyota	17	14	20	92	-1	0	0	0	0	0	31	65	1
1142	2025-03-26 09:39:12.278881-04	2025-03-26 09:39:12.278881-04	\N	Ford	7	15	22	92	-1	6	0	0	0	0	35	65	1
1143	2025-03-26 09:39:12.278881-04	2025-03-26 09:39:12.278881-04	\N	Ford	37	16	38	92	-1	0	0	0	0	0	27	65	1
1144	2025-03-26 09:39:12.279891-04	2025-03-26 09:39:12.279891-04	\N	Toyota	32	17	23	92	-1	0	0	0	0	0	29	65	1
1145	2025-03-26 09:39:12.28089-04	2025-03-26 09:39:12.28089-04	\N	Chevrolet	4	18	48	92	-1	1	0	0	0	0	6	65	1
1146	2025-03-26 09:39:12.28089-04	2025-03-26 09:39:12.28089-04	\N	Chevrolet	14	19	9	92	-1	0	0	0	0	0	15	65	1
1147	2025-03-26 09:39:12.281891-04	2025-03-26 09:39:12.281891-04	\N	Toyota	2	20	19	92	-1	4	0	0	0	0	38	65	1
1148	2025-03-26 09:39:12.282889-04	2025-03-26 09:39:12.282889-04	\N	Toyota	35	21	42	92	-1	0	0	0	0	0	5	65	1
1149	2025-03-26 09:39:12.282889-04	2025-03-26 09:39:12.282889-04	\N	Toyota	15	22	54	92	-1	0	0	0	0	0	16	65	1
1150	2025-03-26 09:39:12.283891-04	2025-03-26 09:39:12.283891-04	\N	Toyota	22	23	11	92	-1	0	0	0	0	0	24	65	1
1151	2025-03-26 09:39:12.284889-04	2025-03-26 09:39:12.284889-04	\N	Ford	33	24	21	92	-1	0	0	0	0	0	44	65	1
1152	2025-03-26 09:39:12.284889-04	2025-03-26 09:39:12.284889-04	\N	Ford	31	25	4	92	-1	0	0	0	0	0	37	65	1
1153	2025-03-26 09:39:12.285891-04	2025-03-26 09:39:12.285891-04	\N	Ford	28	26	6	92	-1	0	0	0	0	0	26	65	1
1154	2025-03-26 09:39:12.285891-04	2025-03-26 09:39:12.285891-04	\N	Toyota	16	27	45	92	-1	0	0	0	0	0	2	65	1
1155	2025-03-26 09:39:12.286889-04	2025-03-26 09:39:12.286889-04	\N	Chevrolet	23	28	3	92	-1	0	0	0	0	0	23	65	1
1156	2025-03-26 09:39:12.287888-04	2025-03-26 09:39:12.287888-04	\N	Ford	36	29	51	92	-1	0	0	0	0	0	19	65	1
1157	2025-03-26 09:39:12.287888-04	2025-03-26 09:39:12.287888-04	\N	Chevrolet	13	30	8	92	-1	0	0	0	0	0	34	65	1
1158	2025-03-26 09:39:12.288892-04	2025-03-26 09:39:12.288892-04	\N	Chevrolet	27	31	10	92	-1	0	0	0	0	0	46	65	1
1159	2025-03-26 09:39:12.290889-04	2025-03-26 09:39:12.290889-04	\N	Chevrolet	34	32	50	91	-1	0	0	0	0	0	67	65	1
1160	2025-03-26 09:39:12.291889-04	2025-03-26 09:39:12.291889-04	\N	Toyota	25	33	43	90	-1	0	0	0	0	0	12	65	1
1161	2025-03-26 09:39:12.291889-04	2025-03-26 09:39:12.291889-04	\N	Chevrolet	11	34	24	90	-1	0	0	0	0	0	1	65	1
1162	2025-03-26 09:39:12.292891-04	2025-03-26 09:39:12.292891-04	\N	Ford	38	35	15	87	-1	0	0	0	0	0	45	65	1
1163	2025-03-26 09:39:12.292891-04	2025-03-26 09:39:12.292891-04	\N	Chevrolet	6	36	13	6	-1	0	0	0	0	0	41	65	1
1164	2025-03-26 09:39:12.294398-04	2025-03-26 09:39:12.294398-04	\N	Chevrolet	26	37	47	2	-1	0	0	0	0	0	18	65	1
1165	2025-03-26 09:39:12.295405-04	2025-03-26 09:39:12.295405-04	\N	Ford	30	38	12	0	-1	0	0	0	0	0	7	65	1
1166	2025-03-26 09:40:23.842474-04	2025-03-26 09:40:23.842474-04	\N	Ford	7	1	22	266	-1	9	0	0	0	0	35	64	1
1167	2025-03-26 09:40:23.843474-04	2025-03-26 09:40:23.843474-04	\N	Chevrolet	30	2	99	266	-1	9	0	0	0	0	13	64	1
1168	2025-03-26 09:40:23.845474-04	2025-03-26 09:40:23.845474-04	\N	Ford	2	3	12	266	-1	33	0	0	0	0	7	64	1
1169	2025-03-26 09:40:23.846475-04	2025-03-26 09:40:23.846475-04	\N	Toyota	26	4	20	266	-1	0	0	0	0	0	31	64	1
1170	2025-03-26 09:40:23.846475-04	2025-03-26 09:40:23.846475-04	\N	Chevrolet	11	5	48	266	-1	5	0	0	0	0	6	64	1
1171	2025-03-26 09:40:23.847474-04	2025-03-26 09:40:23.847474-04	\N	Toyota	23	6	45	266	-1	0	0	0	0	0	2	64	1
1172	2025-03-26 09:40:23.848474-04	2025-03-26 09:40:23.848474-04	\N	Chevrolet	15	7	8	266	-1	24	0	0	0	0	34	64	1
1173	2025-03-26 09:40:23.849473-04	2025-03-26 09:40:23.849473-04	\N	Chevrolet	16	8	9	266	-1	0	0	0	0	0	15	64	1
1174	2025-03-26 09:40:23.850474-04	2025-03-26 09:40:23.850474-04	\N	Chevrolet	9	9	24	266	-1	2	0	0	0	0	1	64	1
1175	2025-03-26 09:40:23.850474-04	2025-03-26 09:40:23.850474-04	\N	Ford	5	10	2	266	-1	92	0	0	0	0	8	64	1
1176	2025-03-26 09:40:23.851475-04	2025-03-26 09:40:23.851475-04	\N	Chevrolet	14	11	10	266	-1	0	0	0	0	0	46	64	1
1177	2025-03-26 09:40:23.852474-04	2025-03-26 09:40:23.852474-04	\N	Ford	29	12	51	266	-1	0	0	0	0	0	19	64	1
1178	2025-03-26 09:40:23.852474-04	2025-03-26 09:40:23.852474-04	\N	Chevrolet	18	13	1	266	-1	13	0	0	0	0	40	64	1
1179	2025-03-26 09:40:23.853479-04	2025-03-26 09:40:23.853479-04	\N	Chevrolet	27	14	47	266	-1	0	0	0	0	0	18	64	1
1180	2025-03-26 09:40:23.853479-04	2025-03-26 09:40:23.853479-04	\N	Chevrolet	25	15	7	266	-1	0	0	0	0	0	22	64	1
1181	2025-03-26 09:40:23.854479-04	2025-03-26 09:40:23.854479-04	\N	Chevrolet	32	16	77	266	-1	1	0	0	0	0	30	64	1
1182	2025-03-26 09:40:23.855478-04	2025-03-26 09:40:23.855478-04	\N	Toyota	20	17	54	266	-1	37	0	0	0	0	16	64	1
1183	2025-03-26 09:40:23.855478-04	2025-03-26 09:40:23.855478-04	\N	Ford	21	18	41	266	-1	2	0	0	0	0	32	64	1
1184	2025-03-26 09:40:23.856479-04	2025-03-26 09:40:23.856479-04	\N	Ford	19	19	6	266	-1	0	0	0	0	0	26	64	1
1185	2025-03-26 09:40:23.857479-04	2025-03-26 09:40:23.857479-04	\N	Chevrolet	8	20	3	266	-1	0	0	0	0	0	23	64	1
1186	2025-03-26 09:40:23.857479-04	2025-03-26 09:40:23.857479-04	\N	Chevrolet	34	21	71	266	-1	0	0	0	0	0	36	64	1
1187	2025-03-26 09:40:23.858479-04	2025-03-26 09:40:23.858479-04	\N	Ford	1	22	34	266	-1	30	0	0	0	0	11	64	1
1188	2025-03-26 09:40:23.858479-04	2025-03-26 09:40:23.858479-04	\N	Chevrolet	37	23	44	266	-1	0	0	0	0	0	43	64	1
1189	2025-03-26 09:40:23.859478-04	2025-03-26 09:40:23.859478-04	\N	Toyota	38	24	11	266	-1	0	0	0	0	0	24	64	1
1190	2025-03-26 09:40:23.860479-04	2025-03-26 09:40:23.860479-04	\N	Chevrolet	36	25	78	266	-1	1	0	0	0	0	42	64	1
1191	2025-03-26 09:40:23.861479-04	2025-03-26 09:40:23.861479-04	\N	Toyota	33	26	43	266	-1	0	0	0	0	0	12	64	1
1192	2025-03-26 09:40:23.861479-04	2025-03-26 09:40:23.861479-04	\N	Ford	3	27	38	266	-1	0	0	0	0	0	27	64	1
1193	2025-03-26 09:40:23.862479-04	2025-03-26 09:40:23.862479-04	\N	Ford	4	28	4	266	-1	0	0	0	0	0	37	64	1
1194	2025-03-26 09:40:23.863479-04	2025-03-26 09:40:23.863479-04	\N	Toyota	24	29	23	266	-1	8	0	0	0	0	29	64	1
1195	2025-03-26 09:40:23.863479-04	2025-03-26 09:40:23.863479-04	\N	Ford	31	30	15	266	-1	0	0	0	0	0	25	64	1
1196	2025-03-26 09:40:23.864479-04	2025-03-26 09:40:23.864479-04	\N	Ford	12	31	21	265	-1	0	0	0	0	0	44	64	1
1197	2025-03-26 09:40:23.865479-04	2025-03-26 09:40:23.865479-04	\N	Chevrolet	28	32	16	264	-1	0	0	0	0	0	33	64	1
1198	2025-03-26 09:40:23.865479-04	2025-03-26 09:40:23.865479-04	\N	Toyota	35	33	42	262	-1	0	0	0	0	0	5	64	1
1199	2025-03-26 09:40:23.866479-04	2025-03-26 09:40:23.866479-04	\N	Ford	13	34	10	258	-1	0	0	0	0	0	28	64	1
1200	2025-03-26 09:40:23.867478-04	2025-03-26 09:40:23.867478-04	\N	Toyota	22	35	19	254	-1	0	0	0	0	0	38	64	1
1201	2025-03-26 09:40:23.867478-04	2025-03-26 09:40:23.867478-04	\N	Ford	17	36	17	205	-1	0	0	0	0	0	10	64	1
1202	2025-03-26 09:40:23.868888-04	2025-03-26 09:40:23.868888-04	\N	Chevrolet	6	37	5	55	-1	0	0	0	0	0	20	64	1
1203	2025-03-26 09:40:23.868888-04	2025-03-26 09:40:23.868888-04	\N	Ford	10	38	14	55	-1	0	0	0	0	0	4	64	1
1204	2025-03-26 09:42:39.971215-04	2025-03-26 09:42:39.971215-04	\N	Ford	3	1	14	367	-1	29	0	0	0	0	4	63	1
1205	2025-03-26 09:42:39.973214-04	2025-03-26 09:42:39.973214-04	\N	Chevrolet	17	2	8	367	-1	0	0	0	0	0	34	63	1
1206	2025-03-26 09:42:39.974215-04	2025-03-26 09:42:39.974215-04	\N	Toyota	9	3	20	367	-1	1	0	0	0	0	31	63	1
1207	2025-03-26 09:42:39.974215-04	2025-03-26 09:42:39.974215-04	\N	Chevrolet	4	4	5	367	-1	263	0	0	0	0	20	63	1
1208	2025-03-26 09:42:39.975215-04	2025-03-26 09:42:39.975215-04	\N	Chevrolet	22	5	1	367	-1	3	0	0	0	0	40	63	1
1209	2025-03-26 09:42:39.976215-04	2025-03-26 09:42:39.976215-04	\N	Ford	10	6	17	367	-1	0	0	0	0	0	10	63	1
1210	2025-03-26 09:42:39.977214-04	2025-03-26 09:42:39.977214-04	\N	Toyota	14	7	11	367	-1	21	0	0	0	0	24	63	1
1211	2025-03-26 09:42:39.978217-04	2025-03-26 09:42:39.978217-04	\N	Ford	23	8	22	367	-1	0	0	0	0	0	35	63	1
1212	2025-03-26 09:42:39.979215-04	2025-03-26 09:42:39.979215-04	\N	Chevrolet	19	9	7	367	-1	0	0	0	0	0	22	63	1
1213	2025-03-26 09:42:39.980217-04	2025-03-26 09:42:39.980217-04	\N	Toyota	6	10	45	367	-1	1	0	0	0	0	2	63	1
1214	2025-03-26 09:42:39.980217-04	2025-03-26 09:42:39.980217-04	\N	Chevrolet	20	11	9	367	-1	0	0	0	0	0	15	63	1
1215	2025-03-26 09:42:39.981216-04	2025-03-26 09:42:39.981216-04	\N	Ford	30	12	41	367	-1	0	0	0	0	0	32	63	1
1216	2025-03-26 09:42:39.982216-04	2025-03-26 09:42:39.982216-04	\N	Ford	11	13	2	367	-1	0	0	0	0	0	8	63	1
1217	2025-03-26 09:42:39.982216-04	2025-03-26 09:42:39.982216-04	\N	Ford	12	14	6	367	-1	0	0	0	0	0	26	63	1
1218	2025-03-26 09:42:39.983216-04	2025-03-26 09:42:39.983216-04	\N	Chevrolet	16	15	3	367	-1	0	0	0	0	0	23	63	1
1219	2025-03-26 09:42:39.984216-04	2025-03-26 09:42:39.984216-04	\N	Toyota	1	16	23	367	-1	37	0	0	0	0	29	63	1
1220	2025-03-26 09:42:39.985216-04	2025-03-26 09:42:39.985216-04	\N	Ford	33	17	38	367	-1	0	0	0	0	0	27	63	1
1221	2025-03-26 09:42:39.986216-04	2025-03-26 09:42:39.986216-04	\N	Chevrolet	32	18	99	366	-1	0	0	0	0	0	13	63	1
1222	2025-03-26 09:42:39.986216-04	2025-03-26 09:42:39.986216-04	\N	Chevrolet	27	19	48	366	-1	0	0	0	0	0	6	63	1
1223	2025-03-26 09:42:39.987216-04	2025-03-26 09:42:39.987216-04	\N	Toyota	13	20	54	366	-1	1	0	0	0	0	16	63	1
1224	2025-03-26 09:42:39.988215-04	2025-03-26 09:42:39.988215-04	\N	Ford	24	21	21	365	-1	0	0	0	0	0	44	63	1
1225	2025-03-26 09:42:39.988215-04	2025-03-26 09:42:39.988215-04	\N	Chevrolet	36	22	47	365	-1	0	0	0	0	0	18	63	1
1226	2025-03-26 09:42:39.989215-04	2025-03-26 09:42:39.989215-04	\N	Chevrolet	26	23	71	364	-1	0	0	0	0	0	36	63	1
1227	2025-03-26 09:42:39.990215-04	2025-03-26 09:42:39.990215-04	\N	Toyota	28	24	43	364	-1	0	0	0	0	0	12	63	1
1228	2025-03-26 09:42:39.990215-04	2025-03-26 09:42:39.990215-04	\N	Toyota	18	25	42	364	-1	0	0	0	0	0	5	63	1
1229	2025-03-26 09:42:39.991215-04	2025-03-26 09:42:39.991215-04	\N	Chevrolet	34	26	16	364	-1	4	0	0	0	0	33	63	1
1230	2025-03-26 09:42:39.992215-04	2025-03-26 09:42:39.992215-04	\N	Ford	21	27	51	363	-1	0	0	0	0	0	19	63	1
1231	2025-03-26 09:42:39.993215-04	2025-03-26 09:42:39.993215-04	\N	Ford	31	28	34	363	-1	0	0	0	0	0	11	63	1
1232	2025-03-26 09:42:39.993215-04	2025-03-26 09:42:39.993215-04	\N	Chevrolet	25	29	10	362	-1	0	0	0	0	0	46	63	1
1233	2025-03-26 09:42:39.994215-04	2025-03-26 09:42:39.994215-04	\N	Chevrolet	8	30	24	344	-1	2	0	0	0	0	1	63	1
1234	2025-03-26 09:42:39.995215-04	2025-03-26 09:42:39.995215-04	\N	Ford	15	31	4	343	-1	5	0	0	0	0	37	63	1
1235	2025-03-26 09:42:39.995215-04	2025-03-26 09:42:39.995215-04	\N	Ford	29	32	10	343	-1	0	0	0	0	0	28	63	1
1236	2025-03-26 09:42:39.996215-04	2025-03-26 09:42:39.996215-04	\N	Chevrolet	2	33	77	335	-1	0	0	0	0	0	30	63	1
1237	2025-03-26 09:42:39.997216-04	2025-03-26 09:42:39.997216-04	\N	Ford	35	34	15	332	-1	0	0	0	0	0	45	63	1
1238	2025-03-26 09:42:39.998216-04	2025-03-26 09:42:39.998216-04	\N	Ford	37	35	66	278	-1	0	0	0	0	0	49	63	1
1239	2025-03-26 09:42:39.998216-04	2025-03-26 09:42:39.998216-04	\N	Toyota	5	36	19	2	-1	0	0	0	0	0	38	63	1
1240	2025-03-26 09:42:39.999216-04	2025-03-26 09:42:39.999216-04	\N	Ford	7	37	12	2	-1	0	0	0	0	0	7	63	1
1241	2025-03-26 09:45:30.551896-04	2025-03-26 09:45:30.551896-04	\N	Ford	20	1	21	164	-1	1	0	0	0	0	44	62	1
1242	2025-03-26 09:45:30.553897-04	2025-03-26 09:45:30.553897-04	\N	Chevrolet	11	2	8	164	-1	8	0	0	0	0	34	62	1
1243	2025-03-26 09:45:30.554897-04	2025-03-26 09:45:30.554897-04	\N	Toyota	27	3	20	164	-1	0	0	0	0	0	31	62	1
1244	2025-03-26 09:45:30.555898-04	2025-03-26 09:45:30.555898-04	\N	Ford	33	4	15	164	-1	0	0	0	0	0	25	62	1
1245	2025-03-26 09:45:30.555898-04	2025-03-26 09:45:30.555898-04	\N	Toyota	26	5	54	164	-1	0	0	0	0	0	16	62	1
1246	2025-03-26 09:45:30.556896-04	2025-03-26 09:45:30.556896-04	\N	Toyota	18	6	23	164	-1	16	0	0	0	0	29	62	1
1247	2025-03-26 09:45:30.558896-04	2025-03-26 09:45:30.558896-04	\N	Chevrolet	29	7	62	164	-1	0	0	0	0	0	68	62	1
1248	2025-03-26 09:45:30.559896-04	2025-03-26 09:45:30.559896-04	\N	Ford	12	8	6	164	-1	8	0	0	0	0	26	62	1
1249	2025-03-26 09:45:30.560897-04	2025-03-26 09:45:30.560897-04	\N	Chevrolet	28	9	10	164	-1	0	0	0	0	0	46	62	1
1250	2025-03-26 09:45:30.561897-04	2025-03-26 09:45:30.561897-04	\N	Ford	13	10	17	164	-1	10	0	0	0	0	10	62	1
1251	2025-03-26 09:45:30.562897-04	2025-03-26 09:45:30.562897-04	\N	Chevrolet	37	11	77	164	-1	1	0	0	0	0	30	62	1
1252	2025-03-26 09:45:30.562897-04	2025-03-26 09:45:30.562897-04	\N	Chevrolet	24	12	1	164	-1	0	0	0	0	0	40	62	1
1253	2025-03-26 09:45:30.563897-04	2025-03-26 09:45:30.563897-04	\N	Chevrolet	30	13	71	164	-1	0	0	0	0	0	36	62	1
1254	2025-03-26 09:45:30.564897-04	2025-03-26 09:45:30.564897-04	\N	Ford	6	14	14	164	-1	2	0	0	0	0	4	62	1
1255	2025-03-26 09:45:30.564897-04	2025-03-26 09:45:30.564897-04	\N	Toyota	31	15	42	164	-1	0	0	0	0	0	5	62	1
1256	2025-03-26 09:45:30.565897-04	2025-03-26 09:45:30.565897-04	\N	Chevrolet	21	16	48	164	-1	0	0	0	0	0	6	62	1
1257	2025-03-26 09:45:30.566896-04	2025-03-26 09:45:30.566896-04	\N	Toyota	40	17	43	164	-1	0	0	0	0	0	12	62	1
1258	2025-03-26 09:45:30.567897-04	2025-03-26 09:45:30.567897-04	\N	Ford	8	18	2	164	-1	15	0	0	0	0	8	62	1
1259	2025-03-26 09:45:30.567897-04	2025-03-26 09:45:30.567897-04	\N	Chevrolet	38	19	78	164	-1	0	0	0	0	0	42	62	1
1260	2025-03-26 09:45:30.568897-04	2025-03-26 09:45:30.568897-04	\N	Chevrolet	39	20	44	164	-1	0	0	0	0	0	69	62	1
1261	2025-03-26 09:45:30.569897-04	2025-03-26 09:45:30.569897-04	\N	Chevrolet	9	21	5	163	-1	5	0	0	0	0	20	62	1
1262	2025-03-26 09:45:30.570896-04	2025-03-26 09:45:30.570896-04	\N	Chevrolet	16	22	3	162	-1	0	0	0	0	0	23	62	1
1263	2025-03-26 09:45:30.570896-04	2025-03-26 09:45:30.570896-04	\N	Ford	2	23	38	162	-1	5	0	0	0	0	27	62	1
1264	2025-03-26 09:45:30.571896-04	2025-03-26 09:45:30.571896-04	\N	Toyota	17	24	19	161	-1	0	0	0	0	0	38	62	1
1265	2025-03-26 09:45:30.572897-04	2025-03-26 09:45:30.572897-04	\N	Chevrolet	23	25	33	159	-1	0	0	0	0	0	70	62	1
1266	2025-03-26 09:45:30.573897-04	2025-03-26 09:45:30.573897-04	\N	Ford	5	26	4	158	-1	9	0	0	0	0	37	62	1
1267	2025-03-26 09:45:30.574897-04	2025-03-26 09:45:30.574897-04	\N	Chevrolet	7	27	24	158	-1	1	0	0	0	0	1	62	1
1268	2025-03-26 09:45:30.575899-04	2025-03-26 09:45:30.575899-04	\N	Toyota	25	28	45	156	-1	0	0	0	0	0	2	62	1
1269	2025-03-26 09:45:30.576897-04	2025-03-26 09:45:30.576897-04	\N	Ford	14	29	12	154	-1	0	0	0	0	0	7	62	1
1270	2025-03-26 09:45:30.577897-04	2025-03-26 09:45:30.577897-04	\N	Ford	1	30	34	151	-1	26	0	0	0	0	11	62	1
1271	2025-03-26 09:45:30.577897-04	2025-03-26 09:45:30.577897-04	\N	Ford	3	31	22	151	-1	34	0	0	0	0	35	62	1
1272	2025-03-26 09:45:30.578897-04	2025-03-26 09:45:30.578897-04	\N	Ford	36	32	51	151	-1	21	0	0	0	0	19	62	1
1273	2025-03-26 09:45:30.579898-04	2025-03-26 09:45:30.579898-04	\N	Chevrolet	35	33	47	151	-1	2	0	0	0	0	18	62	1
1274	2025-03-26 09:45:30.579898-04	2025-03-26 09:45:30.579898-04	\N	Chevrolet	34	34	7	132	-1	0	0	0	0	0	22	62	1
1275	2025-03-26 09:45:30.580896-04	2025-03-26 09:45:30.580896-04	\N	Chevrolet	32	35	16	80	-1	0	0	0	0	0	33	62	1
1276	2025-03-26 09:45:30.581897-04	2025-03-26 09:45:30.581897-04	\N	Chevrolet	10	36	9	61	-1	0	0	0	0	0	15	62	1
1277	2025-03-26 09:45:30.581897-04	2025-03-26 09:45:30.581897-04	\N	Ford	15	37	10	59	-1	0	0	0	0	0	28	62	1
1278	2025-03-26 09:45:30.582896-04	2025-03-26 09:45:30.582896-04	\N	Toyota	19	38	11	59	-1	0	0	0	0	0	24	62	1
1279	2025-03-26 09:45:30.582896-04	2025-03-26 09:45:30.582896-04	\N	Ford	4	39	41	59	-1	0	0	0	0	0	32	62	1
1280	2025-03-26 09:45:30.583896-04	2025-03-26 09:45:30.583896-04	\N	Chevrolet	22	40	99	37	-1	0	0	0	0	0	13	62	1
1281	2025-03-26 09:47:37.987385-04	2025-03-26 09:47:37.987385-04	\N	Toyota	2	1	45	206	-1	15	0	0	0	0	2	61	1
1282	2025-03-26 09:47:37.989427-04	2025-03-26 09:47:37.989427-04	\N	Chevrolet	9	2	24	206	-1	20	0	0	0	0	1	61	1
1283	2025-03-26 09:47:37.989942-04	2025-03-26 09:47:37.989942-04	\N	Toyota	19	3	54	206	-1	2	0	0	0	0	16	61	1
1284	2025-03-26 09:47:37.990972-04	2025-03-26 09:47:37.990972-04	\N	Chevrolet	13	4	8	206	-1	24	0	0	0	0	34	61	1
1285	2025-03-26 09:47:37.991481-04	2025-03-26 09:47:37.991481-04	\N	Ford	15	5	6	206	-1	2	0	0	0	0	26	61	1
1286	2025-03-26 09:47:37.992-04	2025-03-26 09:47:37.992-04	\N	Ford	18	6	17	206	-1	0	0	0	0	0	10	61	1
1287	2025-03-26 09:47:37.993004-04	2025-03-26 09:47:37.993004-04	\N	Chevrolet	27	7	71	206	-1	0	0	0	0	0	36	61	1
1288	2025-03-26 09:47:37.994005-04	2025-03-26 09:47:37.994005-04	\N	Chevrolet	12	8	99	206	-1	7	0	0	0	0	13	61	1
1289	2025-03-26 09:47:37.994005-04	2025-03-26 09:47:37.994005-04	\N	Toyota	1	9	11	206	-1	0	0	0	0	0	24	61	1
1290	2025-03-26 09:47:37.995004-04	2025-03-26 09:47:37.995004-04	\N	Chevrolet	11	10	77	206	-1	3	0	0	0	0	30	61	1
1291	2025-03-26 09:47:37.996005-04	2025-03-26 09:47:37.996005-04	\N	Ford	26	11	41	206	-1	0	0	0	0	0	32	61	1
1292	2025-03-26 09:47:37.996663-04	2025-03-26 09:47:37.997169-04	\N	Ford	25	12	10	206	-1	0	0	0	0	0	28	61	1
1293	2025-03-26 09:47:37.997689-04	2025-03-26 09:47:37.997689-04	\N	Chevrolet	30	13	47	206	-1	2	0	0	0	0	18	61	1
1294	2025-03-26 09:47:37.998724-04	2025-03-26 09:47:37.998724-04	\N	Ford	34	14	21	206	-1	5	0	0	0	0	44	61	1
1295	2025-03-26 09:47:37.99979-04	2025-03-26 09:47:37.99979-04	\N	Chevrolet	6	15	9	206	-1	29	0	0	0	0	15	61	1
1296	2025-03-26 09:47:38.000821-04	2025-03-26 09:47:38.000821-04	\N	Toyota	28	16	43	206	-1	0	0	0	0	0	12	61	1
1297	2025-03-26 09:47:38.001853-04	2025-03-26 09:47:38.001853-04	\N	Chevrolet	10	17	3	206	-1	0	0	0	0	0	23	61	1
1298	2025-03-26 09:47:38.002363-04	2025-03-26 09:47:38.002363-04	\N	Ford	8	18	12	206	-1	15	0	0	0	0	7	61	1
1299	2025-03-26 09:47:38.003389-04	2025-03-26 09:47:38.003389-04	\N	Ford	17	19	34	206	-1	0	0	0	0	0	11	61	1
1300	2025-03-26 09:47:38.003903-04	2025-03-26 09:47:38.003903-04	\N	Ford	29	20	51	206	-1	0	0	0	0	0	19	61	1
1301	2025-03-26 09:47:38.004932-04	2025-03-26 09:47:38.004932-04	\N	Ford	36	21	15	206	-1	0	0	0	0	0	25	61	1
1302	2025-03-26 09:47:38.005446-04	2025-03-26 09:47:38.005446-04	\N	Ford	16	22	4	206	-1	4	0	0	0	0	37	61	1
1303	2025-03-26 09:47:38.005957-04	2025-03-26 09:47:38.005957-04	\N	Chevrolet	32	23	10	206	-1	0	0	0	0	0	46	61	1
1304	2025-03-26 09:47:38.00698-04	2025-03-26 09:47:38.00698-04	\N	Toyota	24	24	19	206	-1	28	0	0	0	0	38	61	1
1305	2025-03-26 09:47:38.007494-04	2025-03-26 09:47:38.007494-04	\N	Chevrolet	7	25	1	205	-1	4	0	0	0	0	40	61	1
1306	2025-03-26 09:47:38.008009-04	2025-03-26 09:47:38.008009-04	\N	Toyota	5	26	23	205	-1	5	0	0	0	0	29	61	1
1307	2025-03-26 09:47:38.008521-04	2025-03-26 09:47:38.008521-04	\N	Chevrolet	22	27	48	205	-1	0	0	0	0	0	6	61	1
1308	2025-03-26 09:47:38.009036-04	2025-03-26 09:47:38.009036-04	\N	Ford	23	28	2	204	-1	0	0	0	0	0	8	61	1
1309	2025-03-26 09:47:38.010059-04	2025-03-26 09:47:38.010059-04	\N	Toyota	33	29	42	202	-1	0	0	0	0	0	5	61	1
1310	2025-03-26 09:47:38.010572-04	2025-03-26 09:47:38.010572-04	\N	Chevrolet	35	30	16	200	-1	0	0	0	0	0	41	61	1
1311	2025-03-26 09:47:38.011087-04	2025-03-26 09:47:38.011087-04	\N	Ford	21	31	14	157	-1	0	0	0	0	0	4	61	1
1312	2025-03-26 09:47:38.0122-04	2025-03-26 09:47:38.0122-04	\N	Chevrolet	31	32	7	135	-1	0	0	0	0	0	22	61	1
1313	2025-03-26 09:47:38.013229-04	2025-03-26 09:47:38.013229-04	\N	Ford	14	33	22	117	-1	0	0	0	0	0	35	61	1
1314	2025-03-26 09:47:38.013742-04	2025-03-26 09:47:38.013742-04	\N	Chevrolet	4	34	5	115	-1	41	0	0	0	0	20	61	1
1315	2025-03-26 09:47:38.014775-04	2025-03-26 09:47:38.014775-04	\N	Toyota	3	35	20	115	-1	0	0	0	0	0	31	61	1
1316	2025-03-26 09:47:38.015288-04	2025-03-26 09:47:38.015288-04	\N	Ford	20	36	38	114	-1	0	0	0	0	0	27	61	1
1317	2025-03-26 09:50:22.497488-04	2025-03-26 09:50:22.497488-04	\N	Chevrolet	6	1	3	408	-1	35	0	0	0	0	23	60	1
1318	2025-03-26 09:50:22.499487-04	2025-03-26 09:50:22.499487-04	\N	Toyota	1	2	11	408	-1	124	0	0	0	0	24	60	1
1319	2025-03-26 09:50:22.500487-04	2025-03-26 09:50:22.500487-04	\N	Toyota	10	3	45	408	-1	8	0	0	0	0	2	60	1
1320	2025-03-26 09:50:22.501486-04	2025-03-26 09:50:22.501486-04	\N	Toyota	8	4	23	408	-1	0	0	0	0	0	29	60	1
1321	2025-03-26 09:50:22.501486-04	2025-03-26 09:50:22.501486-04	\N	Chevrolet	22	5	1	408	-1	0	0	0	0	0	40	60	1
1322	2025-03-26 09:50:22.502486-04	2025-03-26 09:50:22.502486-04	\N	Toyota	5	6	20	408	-1	122	0	0	0	0	31	60	1
1323	2025-03-26 09:50:22.503486-04	2025-03-26 09:50:22.503486-04	\N	Chevrolet	15	7	5	408	-1	17	0	0	0	0	20	60	1
1324	2025-03-26 09:50:22.504486-04	2025-03-26 09:50:22.504486-04	\N	Chevrolet	19	8	77	408	-1	2	0	0	0	0	30	60	1
1325	2025-03-26 09:50:22.505486-04	2025-03-26 09:50:22.505486-04	\N	Chevrolet	4	9	9	408	-1	5	0	0	0	0	15	60	1
1326	2025-03-26 09:50:22.506486-04	2025-03-26 09:50:22.506486-04	\N	Chevrolet	21	10	99	408	-1	93	0	0	0	0	13	60	1
1327	2025-03-26 09:50:22.507487-04	2025-03-26 09:50:22.507487-04	\N	Ford	11	11	12	408	-1	0	0	0	0	0	7	60	1
1328	2025-03-26 09:50:22.508489-04	2025-03-26 09:50:22.508489-04	\N	Chevrolet	12	12	8	408	-1	0	0	0	0	0	34	60	1
1329	2025-03-26 09:50:22.508489-04	2025-03-26 09:50:22.508489-04	\N	Chevrolet	13	13	24	408	-1	0	0	0	0	0	1	60	1
1330	2025-03-26 09:50:22.509485-04	2025-03-26 09:50:22.509485-04	\N	Ford	3	14	4	408	-1	0	0	0	0	0	37	60	1
1331	2025-03-26 09:50:22.510484-04	2025-03-26 09:50:22.510484-04	\N	Ford	28	15	34	408	-1	0	0	0	0	0	11	60	1
1332	2025-03-26 09:50:22.511486-04	2025-03-26 09:50:22.511486-04	\N	Ford	29	16	6	408	-1	0	0	0	0	0	26	60	1
1333	2025-03-26 09:50:22.511486-04	2025-03-26 09:50:22.511486-04	\N	Ford	23	17	38	408	-1	0	0	0	0	0	27	60	1
1334	2025-03-26 09:50:22.512488-04	2025-03-26 09:50:22.512488-04	\N	Ford	7	18	17	408	-1	0	0	0	0	0	10	60	1
1335	2025-03-26 09:50:22.513485-04	2025-03-26 09:50:22.513485-04	\N	Ford	9	19	22	408	-1	2	0	0	0	0	35	60	1
1336	2025-03-26 09:50:22.513485-04	2025-03-26 09:50:22.513485-04	\N	Ford	16	20	10	407	-1	0	0	0	0	0	28	60	1
1337	2025-03-26 09:50:22.514487-04	2025-03-26 09:50:22.514487-04	\N	Ford	25	21	14	407	-1	0	0	0	0	0	4	60	1
1338	2025-03-26 09:50:22.515485-04	2025-03-26 09:50:22.515485-04	\N	Toyota	14	22	54	407	-1	0	0	0	0	0	16	60	1
1339	2025-03-26 09:50:22.516486-04	2025-03-26 09:50:22.516486-04	\N	Chevrolet	20	23	71	407	-1	0	0	0	0	0	36	60	1
1340	2025-03-26 09:50:22.516486-04	2025-03-26 09:50:22.516486-04	\N	Ford	18	24	2	407	-1	0	0	0	0	0	8	60	1
1341	2025-03-26 09:50:22.517484-04	2025-03-26 09:50:22.517484-04	\N	Ford	26	25	41	407	-1	0	0	0	0	0	32	60	1
1342	2025-03-26 09:50:22.518486-04	2025-03-26 09:50:22.518486-04	\N	Chevrolet	30	26	16	407	-1	0	0	0	0	0	14	60	1
1343	2025-03-26 09:50:22.518486-04	2025-03-26 09:50:22.518486-04	\N	Ford	36	27	51	406	-1	0	0	0	0	0	19	60	1
1344	2025-03-26 09:50:22.519485-04	2025-03-26 09:50:22.519485-04	\N	Chevrolet	17	28	48	406	-1	0	0	0	0	0	6	60	1
1345	2025-03-26 09:50:22.520486-04	2025-03-26 09:50:22.520486-04	\N	Toyota	27	29	43	406	-1	0	0	0	0	0	12	60	1
1346	2025-03-26 09:50:22.521486-04	2025-03-26 09:50:22.521486-04	\N	Chevrolet	32	30	10	406	-1	0	0	0	0	0	46	60	1
1347	2025-03-26 09:50:22.521486-04	2025-03-26 09:50:22.521486-04	\N	Toyota	35	31	42	405	-1	0	0	0	0	0	5	60	1
1348	2025-03-26 09:50:22.522485-04	2025-03-26 09:50:22.522485-04	\N	Ford	31	32	21	405	-1	0	0	0	0	0	44	60	1
1349	2025-03-26 09:50:22.523485-04	2025-03-26 09:50:22.523485-04	\N	Ford	34	33	15	405	-1	0	0	0	0	0	17	60	1
1350	2025-03-26 09:50:22.524485-04	2025-03-26 09:50:22.524485-04	\N	Chevrolet	24	34	7	404	-1	0	0	0	0	0	22	60	1
1351	2025-03-26 09:50:22.525485-04	2025-03-26 09:50:22.525485-04	\N	Ford	37	35	66	402	-1	0	0	0	0	0	68	60	1
1352	2025-03-26 09:50:22.525485-04	2025-03-26 09:50:22.525485-04	\N	Chevrolet	33	36	47	397	-1	0	0	0	0	0	18	60	1
1353	2025-03-26 09:50:22.526486-04	2025-03-26 09:50:22.526486-04	\N	Toyota	2	37	19	250	-1	0	0	0	0	0	38	60	1
1354	2025-03-26 09:52:39.144167-04	2025-03-26 09:52:39.144167-04	\N	Chevrolet	5	1	5	167	-1	8	0	0	0	0	20	59	1
1355	2025-03-26 09:52:39.146167-04	2025-03-26 09:52:39.146167-04	\N	Toyota	1	2	45	167	-1	40	0	0	0	0	2	59	1
1356	2025-03-26 09:52:39.147161-04	2025-03-26 09:52:39.147161-04	\N	Ford	7	3	12	167	-1	0	0	0	0	0	7	59	1
1357	2025-03-26 09:52:39.14816-04	2025-03-26 09:52:39.14816-04	\N	Toyota	18	4	20	167	-1	2	0	0	0	0	31	59	1
1358	2025-03-26 09:52:39.149161-04	2025-03-26 09:52:39.149161-04	\N	Toyota	17	5	23	167	-1	26	0	0	0	0	29	59	1
1359	2025-03-26 09:52:39.150163-04	2025-03-26 09:52:39.150163-04	\N	Ford	24	6	38	167	-1	1	0	0	0	0	27	59	1
1360	2025-03-26 09:52:39.151161-04	2025-03-26 09:52:39.151161-04	\N	Ford	38	7	2	167	-1	0	0	0	0	0	8	59	1
1361	2025-03-26 09:52:39.151161-04	2025-03-26 09:52:39.151161-04	\N	Chevrolet	25	8	99	167	-1	0	0	0	0	0	13	59	1
1362	2025-03-26 09:52:39.152335-04	2025-03-26 09:52:39.152335-04	\N	Ford	21	9	10	167	-1	3	0	0	0	0	28	59	1
1363	2025-03-26 09:52:39.153334-04	2025-03-26 09:52:39.153334-04	\N	Chevrolet	3	10	9	167	-1	1	0	0	0	0	15	59	1
1364	2025-03-26 09:52:39.153334-04	2025-03-26 09:52:39.153334-04	\N	Chevrolet	9	11	47	167	-1	0	0	0	0	0	18	59	1
1365	2025-03-26 09:52:39.154335-04	2025-03-26 09:52:39.154335-04	\N	Chevrolet	30	12	77	167	-1	0	0	0	0	0	30	59	1
1366	2025-03-26 09:52:39.155334-04	2025-03-26 09:52:39.155334-04	\N	Chevrolet	11	13	3	167	-1	0	0	0	0	0	23	59	1
1367	2025-03-26 09:52:39.155334-04	2025-03-26 09:52:39.155334-04	\N	Chevrolet	19	14	7	167	-1	0	0	0	0	0	22	59	1
1368	2025-03-26 09:52:39.156334-04	2025-03-26 09:52:39.156334-04	\N	Chevrolet	28	15	1	167	-1	8	0	0	0	0	40	59	1
1369	2025-03-26 09:52:39.157334-04	2025-03-26 09:52:39.157334-04	\N	Ford	8	16	34	167	-1	1	0	0	0	0	11	59	1
1370	2025-03-26 09:52:39.157334-04	2025-03-26 09:52:39.157334-04	\N	Chevrolet	27	17	71	167	-1	0	0	0	0	0	36	59	1
1371	2025-03-26 09:52:39.158334-04	2025-03-26 09:52:39.158334-04	\N	Ford	36	18	15	167	-1	0	0	0	0	0	25	59	1
1372	2025-03-26 09:52:39.159335-04	2025-03-26 09:52:39.159335-04	\N	Chevrolet	22	19	33	167	-1	0	0	0	0	0	14	59	1
1373	2025-03-26 09:52:39.159335-04	2025-03-26 09:52:39.159335-04	\N	Ford	35	20	51	167	-1	0	0	0	0	0	19	59	1
1374	2025-03-26 09:52:39.160334-04	2025-03-26 09:52:39.160334-04	\N	Ford	26	21	6	167	-1	35	0	0	0	0	26	59	1
1375	2025-03-26 09:52:39.161334-04	2025-03-26 09:52:39.161334-04	\N	Ford	23	22	17	167	-1	0	0	0	0	0	10	59	1
1376	2025-03-26 09:52:39.162335-04	2025-03-26 09:52:39.162335-04	\N	Toyota	6	23	54	167	-1	0	0	0	0	0	16	59	1
1377	2025-03-26 09:52:39.163334-04	2025-03-26 09:52:39.163334-04	\N	Ford	20	24	14	167	-1	0	0	0	0	0	4	59	1
1378	2025-03-26 09:52:39.163334-04	2025-03-26 09:52:39.163334-04	\N	Chevrolet	34	25	8	166	-1	5	0	0	0	0	34	59	1
1379	2025-03-26 09:52:39.164335-04	2025-03-26 09:52:39.164335-04	\N	Ford	31	26	41	165	-1	0	0	0	0	0	32	59	1
1380	2025-03-26 09:52:39.165334-04	2025-03-26 09:52:39.165334-04	\N	Toyota	14	27	19	165	-1	0	0	0	0	0	38	59	1
1381	2025-03-26 09:52:39.166335-04	2025-03-26 09:52:39.166335-04	\N	Toyota	29	28	43	165	-1	0	0	0	0	0	12	59	1
1382	2025-03-26 09:52:39.166335-04	2025-03-26 09:52:39.166335-04	\N	Toyota	10	29	42	161	-1	16	0	0	0	0	5	59	1
1383	2025-03-26 09:52:39.167334-04	2025-03-26 09:52:39.167334-04	\N	Chevrolet	32	30	10	161	-1	0	0	0	0	0	46	59	1
1384	2025-03-26 09:52:39.168334-04	2025-03-26 09:52:39.168334-04	\N	Chevrolet	13	31	48	161	-1	0	0	0	0	0	6	59	1
1385	2025-03-26 09:52:39.168334-04	2025-03-26 09:52:39.168334-04	\N	Toyota	2	32	11	161	-1	21	0	0	0	0	24	59	1
1386	2025-03-26 09:52:39.169334-04	2025-03-26 09:52:39.169334-04	\N	Toyota	33	33	84	110	-1	0	0	0	0	0	3	59	1
1387	2025-03-26 09:52:39.170334-04	2025-03-26 09:52:39.170334-04	\N	Ford	12	34	22	109	-1	0	0	0	0	0	35	59	1
1388	2025-03-26 09:52:39.170334-04	2025-03-26 09:52:39.170334-04	\N	Ford	37	35	4	104	-1	0	0	0	0	0	37	59	1
1389	2025-03-26 09:52:39.171335-04	2025-03-26 09:52:39.171335-04	\N	Ford	16	36	21	74	-1	0	0	0	0	0	44	59	1
1390	2025-03-26 09:52:39.173334-04	2025-03-26 09:52:39.173334-04	\N	Chevrolet	15	37	16	74	-1	0	0	0	0	0	41	59	1
1391	2025-03-26 09:52:39.174335-04	2025-03-26 09:52:39.174335-04	\N	Chevrolet	4	38	24	73	-1	0	0	0	0	0	1	59	1
1392	2025-03-26 09:52:39.174335-04	2025-03-26 09:52:39.174335-04	\N	Ford	39	39	66	15	-1	0	0	0	0	0	42	59	1
1393	2025-03-26 09:54:03.873204-04	2025-03-26 09:54:03.873204-04	\N	Ford	8	1	12	160	-1	44	0	0	0	0	7	58	1
1394	2025-03-26 09:54:03.875204-04	2025-03-26 09:54:03.875204-04	\N	Toyota	4	2	11	160	-1	31	0	0	0	0	24	58	1
1395	2025-03-26 09:54:03.876207-04	2025-03-26 09:54:03.876207-04	\N	Chevrolet	6	3	48	160	-1	0	0	0	0	0	6	58	1
1396	2025-03-26 09:54:03.877205-04	2025-03-26 09:54:03.877205-04	\N	Chevrolet	2	4	24	160	-1	0	0	0	0	0	1	58	1
1397	2025-03-26 09:54:03.878204-04	2025-03-26 09:54:03.878204-04	\N	Ford	10	5	22	160	-1	3	0	0	0	0	35	58	1
1398	2025-03-26 09:54:03.879215-04	2025-03-26 09:54:03.879215-04	\N	Toyota	7	6	45	160	-1	0	0	0	0	0	2	58	1
1399	2025-03-26 09:54:03.880214-04	2025-03-26 09:54:03.880214-04	\N	Ford	14	7	6	160	-1	20	0	0	0	0	26	58	1
1400	2025-03-26 09:54:03.881214-04	2025-03-26 09:54:03.881214-04	\N	Toyota	3	8	19	160	-1	14	0	0	0	0	38	58	1
1401	2025-03-26 09:54:03.881214-04	2025-03-26 09:54:03.881214-04	\N	Chevrolet	11	9	9	160	-1	0	0	0	0	0	15	58	1
1402	2025-03-26 09:54:03.88221-04	2025-03-26 09:54:03.88221-04	\N	Toyota	29	10	23	160	-1	0	0	0	0	0	29	58	1
1403	2025-03-26 09:54:03.883209-04	2025-03-26 09:54:03.883209-04	\N	Ford	18	11	17	160	-1	19	0	0	0	0	10	58	1
1404	2025-03-26 09:54:03.88421-04	2025-03-26 09:54:03.88421-04	\N	Toyota	13	12	20	160	-1	0	0	0	0	0	31	58	1
1405	2025-03-26 09:54:03.885209-04	2025-03-26 09:54:03.885209-04	\N	Chevrolet	12	13	5	160	-1	0	0	0	0	0	20	58	1
1406	2025-03-26 09:54:03.885209-04	2025-03-26 09:54:03.885209-04	\N	Toyota	23	14	43	160	-1	0	0	0	0	0	12	58	1
1407	2025-03-26 09:54:03.88621-04	2025-03-26 09:54:03.88621-04	\N	Ford	28	15	14	160	-1	0	0	0	0	0	4	58	1
1408	2025-03-26 09:54:03.887212-04	2025-03-26 09:54:03.887212-04	\N	Chevrolet	16	16	99	160	-1	0	0	0	0	0	13	58	1
1409	2025-03-26 09:54:03.88821-04	2025-03-26 09:54:03.88821-04	\N	Chevrolet	15	17	77	160	-1	0	0	0	0	0	30	58	1
1410	2025-03-26 09:54:03.88821-04	2025-03-26 09:54:03.88821-04	\N	Ford	20	18	2	160	-1	0	0	0	0	0	8	58	1
1411	2025-03-26 09:54:03.889209-04	2025-03-26 09:54:03.889209-04	\N	Chevrolet	30	19	7	160	-1	0	0	0	0	0	22	58	1
1412	2025-03-26 09:54:03.890213-04	2025-03-26 09:54:03.890213-04	\N	Ford	5	20	4	160	-1	8	0	0	0	0	37	58	1
1413	2025-03-26 09:54:03.891215-04	2025-03-26 09:54:03.891215-04	\N	Chevrolet	26	21	16	160	-1	0	0	0	0	0	41	58	1
1414	2025-03-26 09:54:03.892211-04	2025-03-26 09:54:03.892211-04	\N	Ford	34	22	51	160	-1	0	0	0	0	0	19	58	1
1415	2025-03-26 09:54:03.893211-04	2025-03-26 09:54:03.893211-04	\N	Chevrolet	17	23	3	159	-1	0	0	0	0	0	23	58	1
1416	2025-03-26 09:54:03.894364-04	2025-03-26 09:54:03.894364-04	\N	Ford	21	24	34	157	-1	0	0	0	0	0	11	58	1
1417	2025-03-26 09:54:03.895364-04	2025-03-26 09:54:03.895364-04	\N	Chevrolet	27	25	10	153	-1	0	0	0	0	0	46	58	1
1418	2025-03-26 09:54:03.895364-04	2025-03-26 09:54:03.895364-04	\N	Ford	35	26	15	134	-1	0	0	0	0	0	25	58	1
1419	2025-03-26 09:54:03.896363-04	2025-03-26 09:54:03.896363-04	\N	Toyota	1	27	54	132	-1	21	0	0	0	0	16	58	1
1420	2025-03-26 09:54:03.897363-04	2025-03-26 09:54:03.897363-04	\N	Toyota	32	28	42	126	-1	0	0	0	0	0	5	58	1
1421	2025-03-26 09:54:03.898363-04	2025-03-26 09:54:03.898363-04	\N	Chevrolet	9	29	71	126	-1	0	0	0	0	0	36	58	1
1422	2025-03-26 09:54:03.898363-04	2025-03-26 09:54:03.898363-04	\N	Ford	36	30	41	121	-1	0	0	0	0	0	32	58	1
1423	2025-03-26 09:54:03.899364-04	2025-03-26 09:54:03.899364-04	\N	Ford	22	31	21	121	-1	0	0	0	0	0	44	58	1
1424	2025-03-26 09:54:03.900364-04	2025-03-26 09:54:03.900364-04	\N	Chevrolet	24	32	8	120	-1	0	0	0	0	0	34	58	1
1425	2025-03-26 09:54:03.901363-04	2025-03-26 09:54:03.901363-04	\N	Chevrolet	31	33	47	120	-1	0	0	0	0	0	18	58	1
1426	2025-03-26 09:54:03.901363-04	2025-03-26 09:54:03.901363-04	\N	Ford	33	34	38	115	-1	0	0	0	0	0	27	58	1
1427	2025-03-26 09:54:03.902364-04	2025-03-26 09:54:03.902364-04	\N	Chevrolet	37	35	44	112	-1	0	0	0	0	0	43	58	1
1428	2025-03-26 09:54:03.903364-04	2025-03-26 09:54:03.903364-04	\N	Chevrolet	19	36	1	53	-1	0	0	0	0	0	40	58	1
1429	2025-03-26 09:54:03.904362-04	2025-03-26 09:54:03.904362-04	\N	Ford	25	37	10	13	-1	0	0	0	0	0	28	58	1
1430	2025-03-26 09:55:46.558412-04	2025-03-26 09:55:46.558412-04	\N	Chevrolet	8	1	48	58	-1	8	0	0	0	0	6	57	1
1431	2025-03-26 09:55:46.560411-04	2025-03-26 09:55:46.560411-04	\N	Toyota	4	2	45	58	-1	0	0	0	0	0	2	57	1
1432	2025-03-26 09:55:46.561411-04	2025-03-26 09:55:46.561411-04	\N	Toyota	2	3	54	58	-1	17	0	0	0	0	16	57	1
1433	2025-03-26 09:55:46.562412-04	2025-03-26 09:55:46.562412-04	\N	Ford	38	4	60	58	-1	7	0	0	0	0	71	57	1
1434	2025-03-26 09:55:46.563413-04	2025-03-26 09:55:46.563413-04	\N	Ford	3	5	34	58	-1	0	0	0	0	0	11	57	1
1435	2025-03-26 09:55:46.564411-04	2025-03-26 09:55:46.564411-04	\N	Chevrolet	33	6	47	58	-1	0	0	0	0	0	18	57	1
1436	2025-03-26 09:55:46.564411-04	2025-03-26 09:55:46.564411-04	\N	Ford	26	7	38	58	-1	0	0	0	0	0	27	57	1
1437	2025-03-26 09:55:46.565411-04	2025-03-26 09:55:46.565411-04	\N	Chevrolet	27	8	24	58	-1	0	0	0	0	0	1	57	1
1438	2025-03-26 09:55:46.566412-04	2025-03-26 09:55:46.566412-04	\N	Chevrolet	19	9	8	58	-1	0	0	0	0	0	34	57	1
1439	2025-03-26 09:55:46.567411-04	2025-03-26 09:55:46.567411-04	\N	Ford	17	10	12	58	-1	0	0	0	0	0	7	57	1
1440	2025-03-26 09:55:46.567411-04	2025-03-26 09:55:46.567411-04	\N	Chevrolet	9	11	99	58	-1	0	0	0	0	0	13	57	1
1441	2025-03-26 09:55:46.568411-04	2025-03-26 09:55:46.568411-04	\N	Chevrolet	35	12	10	58	-1	0	0	0	0	0	46	57	1
1442	2025-03-26 09:55:46.569412-04	2025-03-26 09:55:46.569412-04	\N	Toyota	6	13	23	58	-1	0	0	0	0	0	29	57	1
1443	2025-03-26 09:55:46.569412-04	2025-03-26 09:55:46.569412-04	\N	Ford	28	14	10	58	-1	0	0	0	0	0	28	57	1
1444	2025-03-26 09:55:46.570411-04	2025-03-26 09:55:46.570411-04	\N	Ford	21	15	2	58	-1	0	0	0	0	0	8	57	1
1445	2025-03-26 09:55:46.570411-04	2025-03-26 09:55:46.570411-04	\N	Ford	23	16	51	58	-1	0	0	0	0	0	19	57	1
1446	2025-03-26 09:55:46.571411-04	2025-03-26 09:55:46.571411-04	\N	Chevrolet	30	17	71	58	-1	3	0	0	0	0	36	57	1
1447	2025-03-26 09:55:46.572411-04	2025-03-26 09:55:46.572411-04	\N	Ford	10	18	6	58	-1	0	0	0	0	0	26	57	1
1448	2025-03-26 09:55:46.572411-04	2025-03-26 09:55:46.572411-04	\N	Chevrolet	15	19	3	58	-1	0	0	0	0	0	23	57	1
1449	2025-03-26 09:55:46.573411-04	2025-03-26 09:55:46.573411-04	\N	Ford	16	20	17	58	-1	0	0	0	0	0	10	57	1
1450	2025-03-26 09:55:46.574411-04	2025-03-26 09:55:46.574411-04	\N	Chevrolet	18	21	9	58	-1	0	0	0	0	0	15	57	1
1451	2025-03-26 09:55:46.574411-04	2025-03-26 09:55:46.574411-04	\N	Chevrolet	14	22	1	58	-1	0	0	0	0	0	40	57	1
1452	2025-03-26 09:55:46.575411-04	2025-03-26 09:55:46.575411-04	\N	Ford	32	23	22	58	-1	0	0	0	0	0	35	57	1
1453	2025-03-26 09:55:46.576411-04	2025-03-26 09:55:46.576411-04	\N	Chevrolet	13	24	77	58	-1	0	0	0	0	0	30	57	1
1454	2025-03-26 09:55:46.577411-04	2025-03-26 09:55:46.577411-04	\N	Ford	31	25	21	58	-1	0	0	0	0	0	44	57	1
1455	2025-03-26 09:55:46.577411-04	2025-03-26 09:55:46.577411-04	\N	Ford	40	26	15	58	-1	0	0	0	0	0	45	57	1
1456	2025-03-26 09:55:46.578411-04	2025-03-26 09:55:46.578411-04	\N	Chevrolet	20	27	7	58	-1	0	0	0	0	0	22	57	1
1457	2025-03-26 09:55:46.578411-04	2025-03-26 09:55:46.578411-04	\N	Ford	39	28	66	58	-1	0	0	0	0	0	55	57	1
1458	2025-03-26 09:55:46.579411-04	2025-03-26 09:55:46.579411-04	\N	Toyota	25	29	43	58	-1	0	0	0	0	0	12	57	1
1459	2025-03-26 09:55:46.580411-04	2025-03-26 09:55:46.580411-04	\N	Toyota	11	30	11	58	-1	0	0	0	0	0	24	57	1
1460	2025-03-26 09:55:46.581411-04	2025-03-26 09:55:46.581411-04	\N	Chevrolet	34	31	33	58	-1	0	0	0	0	0	70	57	1
1461	2025-03-26 09:55:46.582411-04	2025-03-26 09:55:46.582411-04	\N	Ford	22	32	14	58	-1	0	0	0	0	0	4	57	1
1462	2025-03-26 09:55:46.582411-04	2025-03-26 09:55:46.582411-04	\N	Toyota	24	33	19	58	-1	0	0	0	0	0	38	57	1
1463	2025-03-26 09:55:46.583411-04	2025-03-26 09:55:46.583411-04	\N	Ford	29	34	41	58	-1	0	0	0	0	0	32	57	1
1464	2025-03-26 09:55:46.584411-04	2025-03-26 09:55:46.584411-04	\N	Toyota	12	35	42	57	-1	0	0	0	0	0	5	57	1
1465	2025-03-26 09:55:46.584411-04	2025-03-26 09:55:46.584411-04	\N	Ford	36	36	4	57	-1	0	0	0	0	0	37	57	1
1466	2025-03-26 09:55:46.585412-04	2025-03-26 09:55:46.585412-04	\N	Toyota	7	37	20	55	-1	14	0	0	0	0	31	57	1
1467	2025-03-26 09:55:46.586411-04	2025-03-26 09:55:46.586411-04	\N	Chevrolet	37	38	13	48	-1	0	0	0	0	0	41	57	1
1468	2025-03-26 09:55:46.586411-04	2025-03-26 09:55:46.586411-04	\N	Chevrolet	1	39	5	33	-1	0	0	0	0	0	20	57	1
1469	2025-03-26 09:55:46.587411-04	2025-03-26 09:55:46.587411-04	\N	Chevrolet	5	40	16	24	-1	9	0	0	0	0	33	57	1
1470	2025-03-26 09:57:22.434045-04	2025-03-26 09:57:22.434045-04	\N	Ford	26	1	22	331	-1	9	0	0	0	0	35	56	1
1471	2025-03-26 09:57:22.437046-04	2025-03-26 09:57:22.437046-04	\N	Chevrolet	36	2	71	331	-1	0	0	0	0	0	36	56	1
1472	2025-03-26 09:57:22.437046-04	2025-03-26 09:57:22.437046-04	\N	Toyota	6	3	45	331	-1	16	0	0	0	0	2	56	1
1473	2025-03-26 09:57:22.438045-04	2025-03-26 09:57:22.438045-04	\N	Ford	22	4	41	331	-1	0	0	0	0	0	32	56	1
1474	2025-03-26 09:57:22.439043-04	2025-03-26 09:57:22.439043-04	\N	Ford	9	5	17	331	-1	0	0	0	0	0	10	56	1
1475	2025-03-26 09:57:22.440044-04	2025-03-26 09:57:22.440044-04	\N	Ford	18	6	12	331	-1	26	0	0	0	0	7	56	1
1476	2025-03-26 09:57:22.440044-04	2025-03-26 09:57:22.440044-04	\N	Toyota	24	7	23	331	-1	0	0	0	0	0	29	56	1
1477	2025-03-26 09:57:22.441046-04	2025-03-26 09:57:22.441046-04	\N	Chevrolet	4	8	5	331	-1	0	0	0	0	0	20	56	1
1478	2025-03-26 09:57:22.442043-04	2025-03-26 09:57:22.442043-04	\N	Chevrolet	37	9	10	331	-1	0	0	0	0	0	46	56	1
1479	2025-03-26 09:57:22.442043-04	2025-03-26 09:57:22.442043-04	\N	Ford	16	10	10	331	-1	0	0	0	0	0	28	56	1
1480	2025-03-26 09:57:22.443044-04	2025-03-26 09:57:22.443044-04	\N	Chevrolet	28	11	16	331	-1	1	0	0	0	0	41	56	1
1481	2025-03-26 09:57:22.443044-04	2025-03-26 09:57:22.443044-04	\N	Toyota	1	12	11	331	-1	70	0	0	0	0	24	56	1
1482	2025-03-26 09:57:22.444046-04	2025-03-26 09:57:22.444046-04	\N	Ford	33	13	51	331	-1	0	0	0	0	0	19	56	1
1483	2025-03-26 09:57:22.445043-04	2025-03-26 09:57:22.445043-04	\N	Chevrolet	12	14	48	331	-1	0	0	0	0	0	6	56	1
1484	2025-03-26 09:57:22.445043-04	2025-03-26 09:57:22.445043-04	\N	Ford	10	15	2	331	-1	0	0	0	0	0	8	56	1
1485	2025-03-26 09:57:22.446044-04	2025-03-26 09:57:22.446044-04	\N	Chevrolet	15	16	77	331	-1	0	0	0	0	0	30	56	1
1486	2025-03-26 09:57:22.447044-04	2025-03-26 09:57:22.447044-04	\N	Ford	32	17	38	331	-1	0	0	0	0	0	27	56	1
1487	2025-03-26 09:57:22.448045-04	2025-03-26 09:57:22.448045-04	\N	Chevrolet	13	18	9	331	-1	0	0	0	0	0	15	56	1
1488	2025-03-26 09:57:22.448045-04	2025-03-26 09:57:22.448045-04	\N	Chevrolet	7	19	24	331	-1	0	0	0	0	0	1	56	1
1489	2025-03-26 09:57:22.449045-04	2025-03-26 09:57:22.449045-04	\N	Chevrolet	21	20	7	331	-1	0	0	0	0	0	22	56	1
1490	2025-03-26 09:57:22.450044-04	2025-03-26 09:57:22.450044-04	\N	Ford	19	21	14	331	-1	0	0	0	0	0	4	56	1
1491	2025-03-26 09:57:22.451045-04	2025-03-26 09:57:22.451045-04	\N	Chevrolet	31	22	99	331	-1	0	0	0	0	0	13	56	1
1492	2025-03-26 09:57:22.451045-04	2025-03-26 09:57:22.451045-04	\N	Toyota	8	23	54	331	-1	2	0	0	0	0	16	56	1
1493	2025-03-26 09:57:22.452045-04	2025-03-26 09:57:22.452045-04	\N	Toyota	17	24	19	331	-1	0	0	0	0	0	38	56	1
1494	2025-03-26 09:57:22.453045-04	2025-03-26 09:57:22.453045-04	\N	Ford	5	25	6	330	-1	0	0	0	0	0	26	56	1
1495	2025-03-26 09:57:22.453045-04	2025-03-26 09:57:22.453045-04	\N	Ford	2	26	4	327	-1	0	0	0	0	0	37	56	1
1496	2025-03-26 09:57:22.454044-04	2025-03-26 09:57:22.454044-04	\N	Chevrolet	27	27	8	319	-1	0	0	0	0	0	34	56	1
1497	2025-03-26 09:57:22.455044-04	2025-03-26 09:57:22.455044-04	\N	Ford	25	28	21	312	-1	0	0	0	0	0	44	56	1
1498	2025-03-26 09:57:22.456044-04	2025-03-26 09:57:22.456044-04	\N	Chevrolet	29	29	50	312	-1	0	0	0	0	0	72	56	1
1499	2025-03-26 09:57:22.457045-04	2025-03-26 09:57:22.457045-04	\N	Chevrolet	23	30	47	312	-1	0	0	0	0	0	18	56	1
1500	2025-03-26 09:57:22.458045-04	2025-03-26 09:57:22.458045-04	\N	Toyota	35	31	42	306	-1	0	0	0	0	0	5	56	1
1501	2025-03-26 09:57:22.458045-04	2025-03-26 09:57:22.458045-04	\N	Chevrolet	11	32	3	305	-1	0	0	0	0	0	23	56	1
1502	2025-03-26 09:57:22.459045-04	2025-03-26 09:57:22.459045-04	\N	Chevrolet	20	33	1	304	-1	45	0	0	0	0	40	56	1
1503	2025-03-26 09:57:22.459045-04	2025-03-26 09:57:22.460045-04	\N	Toyota	34	34	43	287	-1	0	0	0	0	0	12	56	1
1504	2025-03-26 09:57:22.460045-04	2025-03-26 09:57:22.460045-04	\N	Ford	14	35	34	239	-1	31	0	0	0	0	11	56	1
1505	2025-03-26 09:57:22.461045-04	2025-03-26 09:57:22.461045-04	\N	Toyota	3	36	20	227	-1	131	0	0	0	0	31	56	1
1506	2025-03-26 09:57:22.461045-04	2025-03-26 09:57:22.461045-04	\N	Ford	30	37	15	201	-1	0	0	0	0	0	17	56	1
1507	2025-03-26 09:57:22.462044-04	2025-03-26 09:57:22.462044-04	\N	Ford	38	38	66	132	-1	0	0	0	0	0	53	56	1
1508	2025-03-26 09:59:05.612023-04	2025-03-26 09:59:05.612023-04	\N	Toyota	4	1	20	305	-1	149	0	0	0	0	31	55	1
1509	2025-03-26 09:59:05.614024-04	2025-03-26 09:59:05.614024-04	\N	Ford	23	2	14	305	-1	0	0	0	0	0	4	55	1
1510	2025-03-26 09:59:05.615022-04	2025-03-26 09:59:05.615022-04	\N	Ford	10	3	4	305	-1	0	0	0	0	0	37	55	1
1511	2025-03-26 09:59:05.615022-04	2025-03-26 09:59:05.615022-04	\N	Chevrolet	19	4	5	305	-1	0	0	0	0	0	20	55	1
1512	2025-03-26 09:59:05.616022-04	2025-03-26 09:59:05.616022-04	\N	Ford	15	5	17	305	-1	0	0	0	0	0	10	55	1
1513	2025-03-26 09:59:05.617026-04	2025-03-26 09:59:05.617026-04	\N	Toyota	12	6	45	305	-1	53	0	0	0	0	2	55	1
1514	2025-03-26 09:59:05.618019-04	2025-03-26 09:59:05.618019-04	\N	Chevrolet	13	7	47	305	-1	0	0	0	0	0	18	55	1
1515	2025-03-26 09:59:05.619029-04	2025-03-26 09:59:05.619029-04	\N	Toyota	28	8	42	305	-1	0	0	0	0	0	5	55	1
1516	2025-03-26 09:59:05.619029-04	2025-03-26 09:59:05.619029-04	\N	Toyota	7	9	19	305	-1	0	0	0	0	0	38	55	1
1517	2025-03-26 09:59:05.620026-04	2025-03-26 09:59:05.620026-04	\N	Chevrolet	8	10	1	305	-1	0	0	0	0	0	40	55	1
1518	2025-03-26 09:59:05.621025-04	2025-03-26 09:59:05.621025-04	\N	Ford	31	11	41	305	-1	0	0	0	0	0	32	55	1
1519	2025-03-26 09:59:05.621025-04	2025-03-26 09:59:05.621025-04	\N	Ford	16	12	38	305	-1	19	0	0	0	0	27	55	1
1520	2025-03-26 09:59:05.622026-04	2025-03-26 09:59:05.622026-04	\N	Toyota	32	13	43	305	-1	0	0	0	0	0	12	55	1
1521	2025-03-26 09:59:05.623019-04	2025-03-26 09:59:05.623019-04	\N	Ford	27	14	21	305	-1	0	0	0	0	0	44	55	1
1522	2025-03-26 09:59:05.624017-04	2025-03-26 09:59:05.624017-04	\N	Ford	25	15	34	305	-1	0	0	0	0	0	11	55	1
1523	2025-03-26 09:59:05.624017-04	2025-03-26 09:59:05.624017-04	\N	Toyota	18	16	54	305	-1	0	0	0	0	0	16	55	1
1524	2025-03-26 09:59:05.625017-04	2025-03-26 09:59:05.625017-04	\N	Chevrolet	20	17	77	305	-1	0	0	0	0	0	30	55	1
1525	2025-03-26 09:59:05.626018-04	2025-03-26 09:59:05.626018-04	\N	Chevrolet	1	18	9	305	-1	41	0	0	0	0	15	55	1
1526	2025-03-26 09:59:05.627019-04	2025-03-26 09:59:05.627019-04	\N	Ford	29	19	2	305	-1	0	0	0	0	0	8	55	1
1527	2025-03-26 09:59:05.628017-04	2025-03-26 09:59:05.628017-04	\N	Chevrolet	36	20	16	305	-1	0	0	0	0	0	14	55	1
1528	2025-03-26 09:59:05.628017-04	2025-03-26 09:59:05.628017-04	\N	Chevrolet	11	21	99	305	-1	0	0	0	0	0	13	55	1
1529	2025-03-26 09:59:05.629017-04	2025-03-26 09:59:05.629017-04	\N	Ford	35	22	15	305	-1	0	0	0	0	0	45	55	1
1530	2025-03-26 09:59:05.630017-04	2025-03-26 09:59:05.630017-04	\N	Chevrolet	26	23	7	305	-1	0	0	0	0	0	22	55	1
1531	2025-03-26 09:59:05.631017-04	2025-03-26 09:59:05.631017-04	\N	Toyota	14	24	11	305	-1	43	0	0	0	0	24	55	1
1532	2025-03-26 09:59:05.631017-04	2025-03-26 09:59:05.631017-04	\N	Ford	2	25	12	305	-1	0	0	0	0	0	7	55	1
1533	2025-03-26 09:59:05.632017-04	2025-03-26 09:59:05.632017-04	\N	Chevrolet	3	26	24	305	-1	0	0	0	0	0	1	55	1
1534	2025-03-26 09:59:05.633017-04	2025-03-26 09:59:05.633017-04	\N	Ford	21	27	10	305	-1	0	0	0	0	0	28	55	1
1535	2025-03-26 09:59:05.634017-04	2025-03-26 09:59:05.634017-04	\N	Ford	9	28	6	305	-1	0	0	0	0	0	26	55	1
1536	2025-03-26 09:59:05.634017-04	2025-03-26 09:59:05.634017-04	\N	Ford	24	29	51	305	-1	0	0	0	0	0	19	55	1
1537	2025-03-26 09:59:05.635018-04	2025-03-26 09:59:05.635018-04	\N	Chevrolet	34	30	71	304	-1	0	0	0	0	0	36	55	1
1538	2025-03-26 09:59:05.636018-04	2025-03-26 09:59:05.636018-04	\N	Chevrolet	33	31	10	303	-1	0	0	0	0	0	46	55	1
1539	2025-03-26 09:59:05.637018-04	2025-03-26 09:59:05.637018-04	\N	Ford	6	32	22	302	-1	0	0	0	0	0	35	55	1
1540	2025-03-26 09:59:05.638017-04	2025-03-26 09:59:05.638017-04	\N	Chevrolet	22	33	3	268	-1	0	0	0	0	0	23	55	1
1541	2025-03-26 09:59:05.638017-04	2025-03-26 09:59:05.638017-04	\N	Toyota	17	34	23	265	-1	0	0	0	0	0	29	55	1
1542	2025-03-26 09:59:05.639017-04	2025-03-26 09:59:05.639017-04	\N	Chevrolet	30	35	8	222	-1	0	0	0	0	0	34	55	1
1543	2025-03-26 09:59:05.640017-04	2025-03-26 09:59:05.640017-04	\N	Chevrolet	5	36	48	142	-1	0	0	0	0	0	6	55	1
1544	2025-03-26 10:00:34.03504-04	2025-03-26 10:00:34.03504-04	\N	Ford	2	1	12	350	-1	201	0	0	0	0	7	54	1
1545	2025-03-26 10:00:34.037041-04	2025-03-26 10:00:34.037041-04	\N	Chevrolet	4	2	24	350	-1	0	0	0	0	0	1	54	1
1546	2025-03-26 10:00:34.038041-04	2025-03-26 10:00:34.038041-04	\N	Chevrolet	9	3	9	350	-1	1	0	0	0	0	15	54	1
1547	2025-03-26 10:00:34.039041-04	2025-03-26 10:00:34.039041-04	\N	Toyota	10	4	20	350	-1	7	0	0	0	0	31	54	1
1548	2025-03-26 10:00:34.04004-04	2025-03-26 10:00:34.04004-04	\N	Chevrolet	35	5	47	350	-1	4	0	0	0	0	18	54	1
1549	2025-03-26 10:00:34.04104-04	2025-03-26 10:00:34.04104-04	\N	Ford	11	6	22	350	-1	0	0	0	0	0	35	54	1
1550	2025-03-26 10:00:34.04204-04	2025-03-26 10:00:34.04204-04	\N	Ford	3	7	4	350	-1	32	0	0	0	0	37	54	1
1551	2025-03-26 10:00:34.04204-04	2025-03-26 10:00:34.04204-04	\N	Chevrolet	33	8	48	350	-1	0	0	0	0	0	6	54	1
1552	2025-03-26 10:00:34.04304-04	2025-03-26 10:00:34.04304-04	\N	Chevrolet	13	9	99	350	-1	4	0	0	0	0	13	54	1
1553	2025-03-26 10:00:34.04304-04	2025-03-26 10:00:34.04304-04	\N	Ford	5	10	6	350	-1	5	0	0	0	0	26	54	1
1554	2025-03-26 10:00:34.04404-04	2025-03-26 10:00:34.04404-04	\N	Chevrolet	17	11	1	350	-1	0	0	0	0	0	40	54	1
1555	2025-03-26 10:00:34.04504-04	2025-03-26 10:00:34.04504-04	\N	Ford	14	12	38	350	-1	0	0	0	0	0	27	54	1
1556	2025-03-26 10:00:34.04504-04	2025-03-26 10:00:34.04504-04	\N	Ford	19	13	51	350	-1	0	0	0	0	0	19	54	1
1557	2025-03-26 10:00:34.04604-04	2025-03-26 10:00:34.04604-04	\N	Chevrolet	20	14	77	350	-1	0	0	0	0	0	30	54	1
1558	2025-03-26 10:00:34.04604-04	2025-03-26 10:00:34.04604-04	\N	Toyota	31	15	19	349	-1	0	0	0	0	0	38	54	1
1559	2025-03-26 10:00:34.04704-04	2025-03-26 10:00:34.04704-04	\N	Ford	23	16	10	349	-1	0	0	0	0	0	28	54	1
1560	2025-03-26 10:00:34.04804-04	2025-03-26 10:00:34.04804-04	\N	Toyota	16	17	23	349	-1	0	0	0	0	0	29	54	1
1561	2025-03-26 10:00:34.04804-04	2025-03-26 10:00:34.04804-04	\N	Ford	15	18	17	349	-1	16	0	0	0	0	10	54	1
1562	2025-03-26 10:00:34.04904-04	2025-03-26 10:00:34.04904-04	\N	Chevrolet	36	19	3	349	-1	0	0	0	0	0	23	54	1
1563	2025-03-26 10:00:34.050041-04	2025-03-26 10:00:34.050041-04	\N	Ford	25	20	21	349	-1	0	0	0	0	0	44	54	1
1564	2025-03-26 10:00:34.05104-04	2025-03-26 10:00:34.05104-04	\N	Chevrolet	24	21	7	349	-1	0	0	0	0	0	22	54	1
1565	2025-03-26 10:00:34.05104-04	2025-03-26 10:00:34.05104-04	\N	Toyota	8	22	45	349	-1	0	0	0	0	0	2	54	1
1566	2025-03-26 10:00:34.05204-04	2025-03-26 10:00:34.05204-04	\N	Ford	22	23	34	349	-1	0	0	0	0	0	11	54	1
1567	2025-03-26 10:00:34.05304-04	2025-03-26 10:00:34.05304-04	\N	Toyota	12	24	11	348	-1	0	0	0	0	0	24	54	1
1568	2025-03-26 10:00:34.05304-04	2025-03-26 10:00:34.05304-04	\N	Toyota	27	25	54	348	-1	0	0	0	0	0	16	54	1
1569	2025-03-26 10:00:34.05404-04	2025-03-26 10:00:34.05404-04	\N	Toyota	34	26	42	348	-1	0	0	0	0	0	5	54	1
1570	2025-03-26 10:00:34.05553-04	2025-03-26 10:00:34.05553-04	\N	Ford	29	27	41	348	-1	0	0	0	0	0	32	54	1
1571	2025-03-26 10:00:34.05553-04	2025-03-26 10:00:34.05553-04	\N	Ford	6	28	14	348	-1	0	0	0	0	0	4	54	1
1572	2025-03-26 10:00:34.056536-04	2025-03-26 10:00:34.056536-04	\N	Chevrolet	30	29	10	348	-1	0	0	0	0	0	46	54	1
1573	2025-03-26 10:00:34.057537-04	2025-03-26 10:00:34.057537-04	\N	Ford	21	30	2	347	-1	0	0	0	0	0	8	54	1
1574	2025-03-26 10:00:34.058536-04	2025-03-26 10:00:34.058536-04	\N	Chevrolet	26	31	71	347	-1	0	0	0	0	0	36	54	1
1575	2025-03-26 10:00:34.058536-04	2025-03-26 10:00:34.058536-04	\N	Toyota	32	32	43	347	-1	0	0	0	0	0	12	54	1
1576	2025-03-26 10:00:34.059535-04	2025-03-26 10:00:34.059535-04	\N	Ford	28	33	15	345	-1	0	0	0	0	0	45	54	1
1577	2025-03-26 10:00:34.060535-04	2025-03-26 10:00:34.060535-04	\N	Chevrolet	1	34	5	314	-1	80	0	0	0	0	20	54	1
1578	2025-03-26 10:00:34.061535-04	2025-03-26 10:00:34.061535-04	\N	Chevrolet	7	35	8	272	-1	0	0	0	0	0	34	54	1
1579	2025-03-26 10:00:34.061535-04	2025-03-26 10:00:34.061535-04	\N	Chevrolet	18	36	16	54	-1	0	0	0	0	0	41	54	1
1616	2025-03-26 10:01:55.711543-04	2025-03-26 10:01:55.711543-04	\N	Toyota	10	37	54	16	-1	0	0	0	0	0	16	53	1
1617	2025-03-26 10:01:55.712544-04	2025-03-26 10:01:55.712544-04	\N	Toyota	25	38	11	2	-1	0	0	0	0	0	24	53	1
1618	2025-03-26 10:03:49.66749-04	2025-03-26 10:03:49.66749-04	\N	Ford	2	1	2	240	-1	53	0	0	0	0	8	52	1
1619	2025-03-26 10:03:49.669489-04	2025-03-26 10:03:49.669489-04	\N	Toyota	6	2	11	240	-1	0	0	0	0	0	24	52	1
1620	2025-03-26 10:03:49.670489-04	2025-03-26 10:03:49.670489-04	\N	Ford	7	3	6	240	-1	17	0	0	0	0	26	52	1
1621	2025-03-26 10:03:49.671488-04	2025-03-26 10:03:49.671488-04	\N	Toyota	5	4	45	240	-1	0	0	0	0	0	2	52	1
1622	2025-03-26 10:03:49.672487-04	2025-03-26 10:03:49.672487-04	\N	Ford	12	5	22	240	-1	1	0	0	0	0	35	52	1
1623	2025-03-26 10:03:49.673487-04	2025-03-26 10:03:49.673487-04	\N	Chevrolet	18	6	3	240	-1	0	0	0	0	0	23	52	1
1624	2025-03-26 10:03:49.674487-04	2025-03-26 10:03:49.674487-04	\N	Toyota	4	7	20	240	-1	80	0	0	0	0	31	52	1
1625	2025-03-26 10:03:49.675487-04	2025-03-26 10:03:49.675487-04	\N	Chevrolet	20	8	77	240	-1	0	0	0	0	0	30	52	1
1626	2025-03-26 10:03:49.675487-04	2025-03-26 10:03:49.675487-04	\N	Ford	21	9	51	240	-1	0	0	0	0	0	19	52	1
1627	2025-03-26 10:03:49.676488-04	2025-03-26 10:03:49.676488-04	\N	Chevrolet	13	10	5	240	-1	7	0	0	0	0	20	52	1
1628	2025-03-26 10:03:49.677489-04	2025-03-26 10:03:49.677489-04	\N	Toyota	9	11	54	240	-1	0	0	0	0	0	16	52	1
1629	2025-03-26 10:03:49.678488-04	2025-03-26 10:03:49.678488-04	\N	Chevrolet	16	12	1	240	-1	0	0	0	0	0	40	52	1
1630	2025-03-26 10:03:49.678488-04	2025-03-26 10:03:49.678488-04	\N	Chevrolet	17	13	9	240	-1	0	0	0	0	0	15	52	1
1631	2025-03-26 10:03:49.679488-04	2025-03-26 10:03:49.679488-04	\N	Ford	26	14	17	240	-1	0	0	0	0	0	10	52	1
1632	2025-03-26 10:03:49.680488-04	2025-03-26 10:03:49.680488-04	\N	Chevrolet	11	15	24	240	-1	0	0	0	0	0	1	52	1
1633	2025-03-26 10:03:49.680488-04	2025-03-26 10:03:49.680488-04	\N	Ford	35	16	38	240	-1	6	0	0	0	0	27	52	1
1634	2025-03-26 10:03:49.681488-04	2025-03-26 10:03:49.681488-04	\N	Ford	23	17	14	240	-1	0	0	0	0	0	4	52	1
1635	2025-03-26 10:03:49.681488-04	2025-03-26 10:03:49.681488-04	\N	Chevrolet	28	18	10	240	-1	0	0	0	0	0	46	52	1
1636	2025-03-26 10:03:49.682488-04	2025-03-26 10:03:49.682488-04	\N	Chevrolet	36	19	71	240	-1	0	0	0	0	0	36	52	1
1637	2025-03-26 10:03:49.683488-04	2025-03-26 10:03:49.683488-04	\N	Chevrolet	24	20	47	240	-1	0	0	0	0	0	18	52	1
1638	2025-03-26 10:03:49.684488-04	2025-03-26 10:03:49.684488-04	\N	Toyota	8	21	23	240	-1	0	0	0	0	0	29	52	1
1639	2025-03-26 10:03:49.685488-04	2025-03-26 10:03:49.685488-04	\N	Ford	27	22	10	240	-1	0	0	0	0	0	28	52	1
1640	2025-03-26 10:03:49.686488-04	2025-03-26 10:03:49.686488-04	\N	Chevrolet	31	23	99	240	-1	0	0	0	0	0	13	52	1
1641	2025-03-26 10:03:49.686488-04	2025-03-26 10:03:49.686488-04	\N	Ford	3	24	12	240	-1	20	0	0	0	0	7	52	1
1642	2025-03-26 10:03:49.687488-04	2025-03-26 10:03:49.687488-04	\N	Ford	1	25	34	239	-1	40	0	0	0	0	11	52	1
1643	2025-03-26 10:03:49.688488-04	2025-03-26 10:03:49.688488-04	\N	Toyota	22	26	43	239	-1	0	0	0	0	0	12	52	1
1644	2025-03-26 10:03:49.688488-04	2025-03-26 10:03:49.688488-04	\N	Toyota	33	27	42	239	-1	0	0	0	0	0	5	52	1
1645	2025-03-26 10:03:49.689488-04	2025-03-26 10:03:49.689488-04	\N	Chevrolet	14	28	48	239	-1	0	0	0	0	0	6	52	1
1646	2025-03-26 10:03:49.690488-04	2025-03-26 10:03:49.690488-04	\N	Ford	32	29	41	239	-1	0	0	0	0	0	32	52	1
1647	2025-03-26 10:03:49.690488-04	2025-03-26 10:03:49.690488-04	\N	Chevrolet	25	30	16	239	-1	0	0	0	0	0	51	52	1
1648	2025-03-26 10:03:49.691489-04	2025-03-26 10:03:49.691489-04	\N	Ford	30	31	21	239	-1	0	0	0	0	0	44	52	1
1649	2025-03-26 10:03:49.692488-04	2025-03-26 10:03:49.692488-04	\N	Chevrolet	15	32	7	239	-1	0	0	0	0	0	22	52	1
1650	2025-03-26 10:03:49.692488-04	2025-03-26 10:03:49.692488-04	\N	Ford	34	33	15	238	-1	0	0	0	0	0	25	52	1
1651	2025-03-26 10:03:49.693488-04	2025-03-26 10:03:49.693488-04	\N	Toyota	19	34	19	237	-1	1	0	0	0	0	38	52	1
1652	2025-03-26 10:03:49.694488-04	2025-03-26 10:03:49.694488-04	\N	Chevrolet	10	35	8	139	-1	15	0	0	0	0	34	52	1
1653	2025-03-26 10:03:49.694488-04	2025-03-26 10:03:49.694488-04	\N	Ford	29	36	4	109	-1	0	0	0	0	0	37	52	1
1654	2025-03-26 10:05:49.867359-04	2025-03-26 10:05:49.867359-04	\N	Toyota	3	1	20	249	-1	90	0	0	0	0	31	51	1
1655	2025-03-26 10:05:49.868358-04	2025-03-26 10:05:49.868358-04	\N	Ford	30	2	6	249	-1	1	0	0	0	0	26	51	1
1656	2025-03-26 10:05:49.869357-04	2025-03-26 10:05:49.869357-04	\N	Chevrolet	2	3	24	249	-1	49	0	0	0	0	1	51	1
1657	2025-03-26 10:05:49.870359-04	2025-03-26 10:05:49.870359-04	\N	Toyota	8	4	45	249	-1	0	0	0	0	0	2	51	1
1658	2025-03-26 10:05:49.871358-04	2025-03-26 10:05:49.871358-04	\N	Toyota	11	5	11	249	-1	0	0	0	0	0	24	51	1
1659	2025-03-26 10:05:49.872358-04	2025-03-26 10:05:49.872358-04	\N	Toyota	1	6	54	249	-1	74	0	0	0	0	16	51	1
1660	2025-03-26 10:05:49.873359-04	2025-03-26 10:05:49.873359-04	\N	Chevrolet	5	7	9	249	-1	2	0	0	0	0	15	51	1
1661	2025-03-26 10:05:49.874358-04	2025-03-26 10:05:49.874358-04	\N	Chevrolet	7	8	1	249	-1	10	0	0	0	0	40	51	1
1662	2025-03-26 10:05:49.874358-04	2025-03-26 10:05:49.874358-04	\N	Chevrolet	6	9	48	249	-1	0	0	0	0	0	6	51	1
1663	2025-03-26 10:05:49.875358-04	2025-03-26 10:05:49.875358-04	\N	Ford	13	10	4	249	-1	7	0	0	0	0	37	51	1
1664	2025-03-26 10:05:49.876358-04	2025-03-26 10:05:49.876358-04	\N	Toyota	12	11	23	249	-1	0	0	0	0	0	29	51	1
1665	2025-03-26 10:05:49.877358-04	2025-03-26 10:05:49.877358-04	\N	Toyota	4	12	19	249	-1	8	0	0	0	0	38	51	1
1666	2025-03-26 10:05:49.878358-04	2025-03-26 10:05:49.878358-04	\N	Chevrolet	10	13	5	249	-1	0	0	0	0	0	9	51	1
1667	2025-03-26 10:05:49.878358-04	2025-03-26 10:05:49.878358-04	\N	Ford	28	14	22	249	-1	0	0	0	0	0	35	51	1
1668	2025-03-26 10:05:49.879358-04	2025-03-26 10:05:49.879358-04	\N	Chevrolet	15	15	8	249	-1	0	0	0	0	0	34	51	1
1669	2025-03-26 10:05:49.880358-04	2025-03-26 10:05:49.880358-04	\N	Ford	9	16	34	249	-1	6	0	0	0	0	11	51	1
1670	2025-03-26 10:05:49.880358-04	2025-03-26 10:05:49.880358-04	\N	Ford	35	17	38	249	-1	0	0	0	0	0	27	51	1
1671	2025-03-26 10:05:49.881358-04	2025-03-26 10:05:49.881358-04	\N	Chevrolet	24	18	10	249	-1	0	0	0	0	0	46	51	1
1672	2025-03-26 10:05:49.882357-04	2025-03-26 10:05:49.882357-04	\N	Toyota	34	19	43	249	-1	0	0	0	0	0	12	51	1
1673	2025-03-26 10:05:49.882357-04	2025-03-26 10:05:49.882357-04	\N	Ford	17	20	2	249	-1	0	0	0	0	0	8	51	1
1674	2025-03-26 10:05:49.883358-04	2025-03-26 10:05:49.883358-04	\N	Chevrolet	20	21	77	249	-1	0	0	0	0	0	30	51	1
1675	2025-03-26 10:05:49.884358-04	2025-03-26 10:05:49.884358-04	\N	Ford	22	22	51	249	-1	0	0	0	0	0	19	51	1
1676	2025-03-26 10:05:49.884358-04	2025-03-26 10:05:49.884358-04	\N	Ford	39	23	17	249	-1	0	0	0	0	0	10	51	1
1677	2025-03-26 10:05:49.885358-04	2025-03-26 10:05:49.885358-04	\N	Chevrolet	14	24	99	249	-1	0	0	0	0	0	13	51	1
1678	2025-03-26 10:05:49.886358-04	2025-03-26 10:05:49.886358-04	\N	Ford	18	25	14	249	-1	0	0	0	0	0	4	51	1
1679	2025-03-26 10:05:49.886358-04	2025-03-26 10:05:49.886358-04	\N	Ford	31	26	41	249	-1	0	0	0	0	0	32	51	1
1680	2025-03-26 10:05:49.887357-04	2025-03-26 10:05:49.887357-04	\N	Chevrolet	27	27	3	249	-1	0	0	0	0	0	23	51	1
1681	2025-03-26 10:05:49.888358-04	2025-03-26 10:05:49.888358-04	\N	Chevrolet	36	28	16	249	-1	2	0	0	0	0	33	51	1
1682	2025-03-26 10:05:49.888358-04	2025-03-26 10:05:49.888358-04	\N	Toyota	29	29	84	249	-1	0	0	0	0	0	3	51	1
1683	2025-03-26 10:05:49.889358-04	2025-03-26 10:05:49.889358-04	\N	Toyota	26	30	42	249	-1	0	0	0	0	0	5	51	1
1684	2025-03-26 10:05:49.890358-04	2025-03-26 10:05:49.890358-04	\N	Chevrolet	23	31	47	249	-1	0	0	0	0	0	18	51	1
1685	2025-03-26 10:05:49.891358-04	2025-03-26 10:05:49.891358-04	\N	Ford	32	32	21	249	-1	0	0	0	0	0	44	51	1
1686	2025-03-26 10:05:49.892358-04	2025-03-26 10:05:49.892358-04	\N	Chevrolet	25	33	71	249	-1	0	0	0	0	0	36	51	1
1687	2025-03-26 10:05:49.892358-04	2025-03-26 10:05:49.892358-04	\N	Ford	33	34	15	249	-1	0	0	0	0	0	45	51	1
1688	2025-03-26 10:05:49.893358-04	2025-03-26 10:05:49.893358-04	\N	Chevrolet	21	35	7	249	-1	0	0	0	0	0	22	51	1
1689	2025-03-26 10:05:49.894358-04	2025-03-26 10:05:49.894358-04	\N	Chevrolet	38	36	50	247	-1	0	0	0	0	0	14	51	1
1690	2025-03-26 10:05:49.894358-04	2025-03-26 10:05:49.894358-04	\N	Ford	37	37	66	241	-1	0	0	0	0	0	42	51	1
1691	2025-03-26 10:05:49.895358-04	2025-03-26 10:05:49.895358-04	\N	Ford	19	38	10	170	-1	0	0	0	0	0	28	51	1
1692	2025-03-26 10:05:49.896357-04	2025-03-26 10:05:49.896357-04	\N	Ford	16	39	12	143	-1	0	0	0	0	0	7	51	1
1693	2025-03-26 10:05:49.896357-04	2025-03-26 10:05:49.896357-04	\N	Chevrolet	40	40	44	114	-1	0	0	0	0	0	43	51	1
1694	2025-03-26 10:07:41.492369-04	2025-03-26 10:07:41.492369-04	\N	Ford	2	1	6	293	-1	37	0	0	0	0	26	50	1
1695	2025-03-26 10:07:41.495372-04	2025-03-26 10:07:41.495372-04	\N	Toyota	4	2	54	293	-1	34	0	0	0	0	16	50	1
1696	2025-03-26 10:07:41.497376-04	2025-03-26 10:07:41.497376-04	\N	Ford	33	3	4	293	-1	0	0	0	0	0	37	50	1
1697	2025-03-26 10:07:41.498375-04	2025-03-26 10:07:41.498375-04	\N	Toyota	7	4	11	293	-1	1	0	0	0	0	24	50	1
1698	2025-03-26 10:07:41.49988-04	2025-03-26 10:07:41.49988-04	\N	Ford	13	5	14	293	-1	0	0	0	0	0	4	50	1
1699	2025-03-26 10:07:41.500886-04	2025-03-26 10:07:41.500886-04	\N	Chevrolet	5	6	24	293	-1	2	0	0	0	0	1	50	1
1700	2025-03-26 10:07:41.501886-04	2025-03-26 10:07:41.501886-04	\N	Toyota	8	7	23	293	-1	6	0	0	0	0	29	50	1
1701	2025-03-26 10:07:41.502886-04	2025-03-26 10:07:41.502886-04	\N	Chevrolet	18	8	48	293	-1	0	0	0	0	0	6	50	1
1702	2025-03-26 10:07:41.503885-04	2025-03-26 10:07:41.503885-04	\N	Ford	28	9	51	293	-1	0	0	0	0	0	19	50	1
1703	2025-03-26 10:07:41.504885-04	2025-03-26 10:07:41.504885-04	\N	Ford	16	10	34	293	-1	0	0	0	0	0	11	50	1
1704	2025-03-26 10:07:41.504885-04	2025-03-26 10:07:41.504885-04	\N	Chevrolet	9	11	1	293	-1	0	0	0	0	0	40	50	1
1705	2025-03-26 10:07:41.505885-04	2025-03-26 10:07:41.505885-04	\N	Chevrolet	31	12	9	293	-1	0	0	0	0	0	15	50	1
1706	2025-03-26 10:07:41.506885-04	2025-03-26 10:07:41.506885-04	\N	Toyota	12	13	20	293	-1	0	0	0	0	0	31	50	1
1707	2025-03-26 10:07:41.506885-04	2025-03-26 10:07:41.506885-04	\N	Ford	36	14	10	293	-1	0	0	0	0	0	28	50	1
1708	2025-03-26 10:07:41.507885-04	2025-03-26 10:07:41.507885-04	\N	Ford	15	15	38	293	-1	0	0	0	0	0	27	50	1
1709	2025-03-26 10:07:41.508886-04	2025-03-26 10:07:41.508886-04	\N	Chevrolet	24	16	7	293	-1	0	0	0	0	0	22	50	1
1710	2025-03-26 10:07:41.508886-04	2025-03-26 10:07:41.508886-04	\N	Ford	26	17	41	293	-1	0	0	0	0	0	32	50	1
1711	2025-03-26 10:07:41.509884-04	2025-03-26 10:07:41.509884-04	\N	Ford	34	18	15	293	-1	0	0	0	0	0	45	50	1
1712	2025-03-26 10:07:41.510883-04	2025-03-26 10:07:41.510883-04	\N	Toyota	30	19	43	293	-1	0	0	0	0	0	12	50	1
1713	2025-03-26 10:07:41.511886-04	2025-03-26 10:07:41.511886-04	\N	Ford	25	20	2	293	-1	0	0	0	0	0	8	50	1
1714	2025-03-26 10:07:41.513886-04	2025-03-26 10:07:41.513886-04	\N	Ford	14	21	22	293	-1	0	0	0	0	0	35	50	1
1715	2025-03-26 10:07:41.514885-04	2025-03-26 10:07:41.514885-04	\N	Ford	35	22	21	293	-1	0	0	0	0	0	44	50	1
1716	2025-03-26 10:07:41.515885-04	2025-03-26 10:07:41.515885-04	\N	Chevrolet	20	23	47	293	-1	0	0	0	0	0	18	50	1
1717	2025-03-26 10:07:41.516884-04	2025-03-26 10:07:41.516884-04	\N	Chevrolet	19	24	99	293	-1	0	0	0	0	0	13	50	1
1718	2025-03-26 10:07:41.516884-04	2025-03-26 10:07:41.516884-04	\N	Toyota	10	25	19	293	-1	0	0	0	0	0	38	50	1
1719	2025-03-26 10:07:41.517886-04	2025-03-26 10:07:41.517886-04	\N	Chevrolet	21	26	77	293	-1	2	0	0	0	0	30	50	1
1720	2025-03-26 10:07:41.518885-04	2025-03-26 10:07:41.518885-04	\N	Chevrolet	11	27	8	293	-1	0	0	0	0	0	34	50	1
1721	2025-03-26 10:07:41.519885-04	2025-03-26 10:07:41.519885-04	\N	Chevrolet	23	28	3	293	-1	0	0	0	0	0	23	50	1
1722	2025-03-26 10:07:41.519885-04	2025-03-26 10:07:41.519885-04	\N	Chevrolet	32	29	16	292	-1	0	0	0	0	0	51	50	1
1723	2025-03-26 10:07:41.520885-04	2025-03-26 10:07:41.520885-04	\N	Ford	3	30	17	291	-1	21	0	0	0	0	10	50	1
1724	2025-03-26 10:07:41.521884-04	2025-03-26 10:07:41.521884-04	\N	Toyota	22	31	42	291	-1	0	0	0	0	0	5	50	1
1725	2025-03-26 10:07:41.521884-04	2025-03-26 10:07:41.521884-04	\N	Toyota	1	32	45	291	-1	174	0	0	0	0	2	50	1
1726	2025-03-26 10:07:41.522885-04	2025-03-26 10:07:41.522885-04	\N	Chevrolet	29	33	10	290	-1	0	0	0	0	0	46	50	1
1727	2025-03-26 10:07:41.523885-04	2025-03-26 10:07:41.523885-04	\N	Chevrolet	6	34	5	252	-1	15	0	0	0	0	20	50	1
1728	2025-03-26 10:07:41.523885-04	2025-03-26 10:07:41.523885-04	\N	Chevrolet	27	35	71	161	-1	0	0	0	0	0	36	50	1
1729	2025-03-26 10:07:41.524885-04	2025-03-26 10:07:41.524885-04	\N	Ford	17	36	12	129	-1	1	0	0	0	0	7	50	1
1730	2025-03-26 10:09:31.698284-04	2025-03-26 10:09:31.698284-04	\N	Chevrolet	4	1	5	268	-1	63	0	0	0	0	20	49	1
1731	2025-03-26 10:09:31.700377-04	2025-03-26 10:09:31.700377-04	\N	Ford	12	2	17	268	-1	54	0	0	0	0	10	49	1
1732	2025-03-26 10:09:31.701928-04	2025-03-26 10:09:31.701928-04	\N	Chevrolet	9	3	9	268	-1	0	0	0	0	0	15	49	1
1733	2025-03-26 10:09:31.702957-04	2025-03-26 10:09:31.702957-04	\N	Toyota	13	4	19	268	-1	0	0	0	0	0	38	49	1
1734	2025-03-26 10:09:31.703987-04	2025-03-26 10:09:31.703987-04	\N	Toyota	14	5	11	268	-1	71	0	0	0	0	24	49	1
1735	2025-03-26 10:09:31.705022-04	2025-03-26 10:09:31.705022-04	\N	Toyota	1	6	20	268	-1	5	0	0	0	0	31	49	1
1736	2025-03-26 10:09:31.706053-04	2025-03-26 10:09:31.706053-04	\N	Chevrolet	18	7	48	268	-1	0	0	0	0	0	6	49	1
1737	2025-03-26 10:09:31.707079-04	2025-03-26 10:09:31.707079-04	\N	Chevrolet	5	8	8	268	-1	14	0	0	0	0	34	49	1
1738	2025-03-26 10:09:31.707079-04	2025-03-26 10:09:31.707079-04	\N	Ford	3	9	10	268	-1	0	0	0	0	0	28	49	1
1739	2025-03-26 10:09:31.708084-04	2025-03-26 10:09:31.708084-04	\N	Ford	8	10	34	268	-1	0	0	0	0	0	11	49	1
1740	2025-03-26 10:09:31.709699-04	2025-03-26 10:09:31.709699-04	\N	Ford	30	11	6	268	-1	1	0	0	0	0	26	49	1
1741	2025-03-26 10:09:31.710704-04	2025-03-26 10:09:31.710704-04	\N	Ford	26	12	12	268	-1	0	0	0	0	0	7	49	1
1742	2025-03-26 10:09:31.710704-04	2025-03-26 10:09:31.710704-04	\N	Toyota	29	13	42	268	-1	0	0	0	0	0	5	49	1
1743	2025-03-26 10:09:31.711704-04	2025-03-26 10:09:31.711704-04	\N	Ford	25	14	38	268	-1	4	0	0	0	0	27	49	1
1744	2025-03-26 10:09:31.712704-04	2025-03-26 10:09:31.712704-04	\N	Ford	17	15	4	268	-1	0	0	0	0	0	37	49	1
1745	2025-03-26 10:09:31.713792-04	2025-03-26 10:09:31.713792-04	\N	Chevrolet	21	16	47	268	-1	0	0	0	0	0	18	49	1
1746	2025-03-26 10:09:31.713792-04	2025-03-26 10:09:31.713792-04	\N	Toyota	23	17	23	268	-1	0	0	0	0	0	29	49	1
1747	2025-03-26 10:09:31.714792-04	2025-03-26 10:09:31.714792-04	\N	Ford	35	18	51	268	-1	0	0	0	0	0	19	49	1
1748	2025-03-26 10:09:31.715792-04	2025-03-26 10:09:31.715792-04	\N	Chevrolet	2	19	1	268	-1	43	0	0	0	0	40	49	1
1749	2025-03-26 10:09:31.715792-04	2025-03-26 10:09:31.715792-04	\N	Toyota	15	20	45	268	-1	7	0	0	0	0	2	49	1
1750	2025-03-26 10:09:31.716792-04	2025-03-26 10:09:31.716792-04	\N	Ford	10	21	14	268	-1	0	0	0	0	0	4	49	1
1751	2025-03-26 10:09:31.718309-04	2025-03-26 10:09:31.718309-04	\N	Toyota	20	22	43	268	-1	0	0	0	0	0	72	49	1
1752	2025-03-26 10:09:31.719393-04	2025-03-26 10:09:31.719393-04	\N	Chevrolet	36	23	24	268	-1	0	0	0	0	0	1	49	1
1753	2025-03-26 10:09:31.719938-04	2025-03-26 10:09:31.719938-04	\N	Chevrolet	22	24	77	268	-1	0	0	0	0	0	30	49	1
1754	2025-03-26 10:09:31.720464-04	2025-03-26 10:09:31.720464-04	\N	Chevrolet	16	25	3	268	-1	0	0	0	0	0	23	49	1
1755	2025-03-26 10:09:31.721523-04	2025-03-26 10:09:31.721523-04	\N	Chevrolet	28	26	7	268	-1	0	0	0	0	0	22	49	1
1756	2025-03-26 10:09:31.722589-04	2025-03-26 10:09:31.722589-04	\N	Chevrolet	27	27	99	268	-1	0	0	0	0	0	13	49	1
1757	2025-03-26 10:09:31.723119-04	2025-03-26 10:09:31.723119-04	\N	Ford	32	28	41	268	-1	0	0	0	0	0	32	49	1
1758	2025-03-26 10:09:31.724183-04	2025-03-26 10:09:31.724183-04	\N	Chevrolet	24	29	71	268	-1	0	0	0	0	0	36	49	1
1759	2025-03-26 10:09:31.724709-04	2025-03-26 10:09:31.724709-04	\N	Chevrolet	33	30	10	268	-1	0	0	0	0	0	46	49	1
1760	2025-03-26 10:09:31.725893-04	2025-03-26 10:09:31.725893-04	\N	Chevrolet	38	31	16	268	-1	6	0	0	0	0	51	49	1
1761	2025-03-26 10:09:31.726407-04	2025-03-26 10:09:31.726407-04	\N	Toyota	6	32	54	267	-1	0	0	0	0	0	16	49	1
1762	2025-03-26 10:09:31.727435-04	2025-03-26 10:09:31.727435-04	\N	Chevrolet	34	33	33	267	-1	0	0	0	0	0	70	49	1
1763	2025-03-26 10:09:31.727949-04	2025-03-26 10:09:31.727949-04	\N	Ford	11	34	22	266	-1	0	0	0	0	0	35	49	1
1764	2025-03-26 10:09:31.728471-04	2025-03-26 10:09:31.728471-04	\N	Ford	37	35	15	266	-1	0	0	0	0	0	17	49	1
1765	2025-03-26 10:09:31.729476-04	2025-03-26 10:09:31.729476-04	\N	Ford	31	36	21	262	-1	0	0	0	0	0	44	49	1
1766	2025-03-26 10:09:31.730475-04	2025-03-26 10:09:31.730475-04	\N	Ford	7	37	2	184	-1	0	0	0	0	0	8	49	1
1767	2025-03-26 10:09:31.731475-04	2025-03-26 10:09:31.731475-04	\N	Toyota	19	38	84	175	-1	0	0	0	0	0	3	49	1
1768	2025-03-26 10:12:42.673858-04	2025-03-26 10:12:42.673858-04	\N	Toyota	18	1	45	188	-1	13	0	0	0	0	2	47	1
1769	2025-03-26 10:12:42.676626-04	2025-03-26 10:12:42.676626-04	\N	Ford	22	2	6	188	-1	2	0	0	0	0	26	47	1
1770	2025-03-26 10:12:42.678207-04	2025-03-26 10:12:42.678207-04	\N	Ford	36	3	10	188	-1	5	0	0	0	0	28	47	1
1771	2025-03-26 10:12:42.678728-04	2025-03-26 10:12:42.678728-04	\N	Chevrolet	33	4	47	188	-1	0	0	0	0	0	18	47	1
1772	2025-03-26 10:12:42.679768-04	2025-03-26 10:12:42.679768-04	\N	Chevrolet	12	5	48	188	-1	0	0	0	0	0	6	47	1
1773	2025-03-26 10:12:42.680806-04	2025-03-26 10:12:42.680806-04	\N	Chevrolet	24	6	62	188	-1	4	0	0	0	0	58	47	1
1774	2025-03-26 10:12:42.681327-04	2025-03-26 10:12:42.681327-04	\N	Chevrolet	13	7	24	188	-1	0	0	0	0	0	1	47	1
1775	2025-03-26 10:12:42.682474-04	2025-03-26 10:12:42.682474-04	\N	Ford	3	8	38	188	-1	0	0	0	0	0	27	47	1
1776	2025-03-26 10:12:42.683013-04	2025-03-26 10:12:42.683013-04	\N	Chevrolet	19	9	10	188	-1	8	0	0	0	0	46	47	1
1777	2025-03-26 10:12:42.684093-04	2025-03-26 10:12:42.684093-04	\N	Ford	16	10	21	188	-1	0	0	0	0	0	44	47	1
1778	2025-03-26 10:12:42.685159-04	2025-03-26 10:12:42.685159-04	\N	Toyota	6	11	19	188	-1	16	0	0	0	0	38	47	1
1779	2025-03-26 10:12:42.68568-04	2025-03-26 10:12:42.68568-04	\N	Ford	26	12	14	188	-1	3	0	0	0	0	4	47	1
1780	2025-03-26 10:12:42.686195-04	2025-03-26 10:12:42.686195-04	\N	Chevrolet	32	13	1	188	-1	6	0	0	0	0	40	47	1
1781	2025-03-26 10:12:42.687067-04	2025-03-26 10:12:42.687067-04	\N	Ford	11	14	41	188	-1	0	0	0	0	0	32	47	1
1782	2025-03-26 10:12:42.687597-04	2025-03-26 10:12:42.687597-04	\N	Chevrolet	9	15	9	188	-1	5	0	0	0	0	15	47	1
1783	2025-03-26 10:12:42.688644-04	2025-03-26 10:12:42.688644-04	\N	Ford	29	16	4	188	-1	3	0	0	0	0	37	47	1
1784	2025-03-26 10:12:42.689169-04	2025-03-26 10:12:42.689169-04	\N	Chevrolet	35	17	77	188	-1	1	0	0	0	0	30	47	1
1785	2025-03-26 10:12:42.689691-04	2025-03-26 10:12:42.689691-04	\N	Chevrolet	31	18	7	188	-1	0	0	0	0	0	22	47	1
1786	2025-03-26 10:12:42.690734-04	2025-03-26 10:12:42.690734-04	\N	Ford	7	19	22	188	-1	22	0	0	0	0	35	47	1
1787	2025-03-26 10:12:42.691253-04	2025-03-26 10:12:42.691253-04	\N	Ford	21	20	12	188	-1	1	0	0	0	0	7	47	1
1788	2025-03-26 10:12:42.692305-04	2025-03-26 10:12:42.692305-04	\N	Chevrolet	38	21	5	188	-1	0	0	0	0	0	20	47	1
1789	2025-03-26 10:12:42.692831-04	2025-03-26 10:12:42.692831-04	\N	Toyota	15	22	54	188	-1	1	0	0	0	0	16	47	1
1790	2025-03-26 10:12:42.693877-04	2025-03-26 10:12:42.693877-04	\N	Ford	2	23	2	188	-1	16	0	0	0	0	8	47	1
1791	2025-03-26 10:12:42.6944-04	2025-03-26 10:12:42.6944-04	\N	Ford	34	24	15	188	-1	0	0	0	0	0	25	47	1
1792	2025-03-26 10:12:42.695445-04	2025-03-26 10:12:42.695445-04	\N	Ford	8	25	17	188	-1	6	0	0	0	0	10	47	1
1793	2025-03-26 10:12:42.695978-04	2025-03-26 10:12:42.695978-04	\N	Chevrolet	25	26	99	188	-1	0	0	0	0	0	13	47	1
1794	2025-03-26 10:12:42.697208-04	2025-03-26 10:12:42.697208-04	\N	Chevrolet	4	27	8	188	-1	5	0	0	0	0	34	47	1
1795	2025-03-26 10:12:42.69773-04	2025-03-26 10:12:42.69773-04	\N	Chevrolet	17	28	16	188	-1	3	0	0	0	0	33	47	1
1796	2025-03-26 10:12:42.698778-04	2025-03-26 10:12:42.698778-04	\N	Chevrolet	30	29	71	188	-1	0	0	0	0	0	36	47	1
1797	2025-03-26 10:12:42.699301-04	2025-03-26 10:12:42.699301-04	\N	Chevrolet	5	30	3	188	-1	0	0	0	0	0	23	47	1
1798	2025-03-26 10:12:42.700348-04	2025-03-26 10:12:42.700348-04	\N	Ford	1	31	34	187	-1	36	0	0	0	0	11	47	1
1799	2025-03-26 10:12:42.700869-04	2025-03-26 10:12:42.700869-04	\N	Chevrolet	37	32	78	187	-1	5	0	0	0	0	42	47	1
1800	2025-03-26 10:12:42.701917-04	2025-03-26 10:12:42.701917-04	\N	Toyota	20	33	42	184	-1	20	0	0	0	0	5	47	1
1801	2025-03-26 10:12:42.702439-04	2025-03-26 10:12:42.702439-04	\N	Ford	27	34	51	184	-1	4	0	0	0	0	19	47	1
1802	2025-03-26 10:12:42.702962-04	2025-03-26 10:12:42.703488-04	\N	Toyota	28	35	43	154	-1	0	0	0	0	0	12	47	1
1803	2025-03-26 10:12:42.704012-04	2025-03-26 10:12:42.704012-04	\N	Toyota	14	36	23	154	-1	0	0	0	0	0	29	47	1
1804	2025-03-26 10:12:42.704535-04	2025-03-26 10:12:42.704535-04	\N	Toyota	23	37	11	154	-1	4	0	0	0	0	24	47	1
1805	2025-03-26 10:12:42.705058-04	2025-03-26 10:12:42.705058-04	\N	Toyota	10	38	20	132	-1	0	0	0	0	0	31	47	1
1806	2025-03-26 10:14:38.413928-04	2025-03-26 10:14:38.413928-04	\N	Toyota	6	1	11	400	-1	136	0	0	0	0	24	48	1
1807	2025-03-26 10:14:38.414927-04	2025-03-26 10:14:38.414927-04	\N	Chevrolet	21	2	5	400	-1	39	0	0	0	0	20	48	1
1808	2025-03-26 10:14:38.415926-04	2025-03-26 10:14:38.415926-04	\N	Toyota	15	3	19	400	-1	69	0	0	0	0	38	48	1
1809	2025-03-26 10:14:38.417927-04	2025-03-26 10:14:38.417927-04	\N	Chevrolet	1	4	8	400	-1	34	0	0	0	0	34	48	1
1810	2025-03-26 10:14:38.417927-04	2025-03-26 10:14:38.417927-04	\N	Chevrolet	29	5	9	400	-1	0	0	0	0	0	15	48	1
1811	2025-03-26 10:14:38.418926-04	2025-03-26 10:14:38.418926-04	\N	Ford	5	6	10	400	-1	0	0	0	0	0	28	48	1
1812	2025-03-26 10:14:38.420929-04	2025-03-26 10:14:38.420929-04	\N	Ford	2	7	12	400	-1	47	0	0	0	0	7	48	1
1813	2025-03-26 10:14:38.421927-04	2025-03-26 10:14:38.421927-04	\N	Chevrolet	9	8	48	400	-1	0	0	0	0	0	6	48	1
1814	2025-03-26 10:14:38.421927-04	2025-03-26 10:14:38.421927-04	\N	Chevrolet	14	9	10	400	-1	5	0	0	0	0	46	48	1
1815	2025-03-26 10:14:38.422927-04	2025-03-26 10:14:38.422927-04	\N	Toyota	19	10	54	400	-1	0	0	0	0	0	16	48	1
1816	2025-03-26 10:14:38.423927-04	2025-03-26 10:14:38.423927-04	\N	Toyota	4	11	45	400	-1	0	0	0	0	0	2	48	1
1817	2025-03-26 10:14:38.424927-04	2025-03-26 10:14:38.424927-04	\N	Chevrolet	22	12	1	400	-1	0	0	0	0	0	40	48	1
1818	2025-03-26 10:14:38.424927-04	2025-03-26 10:14:38.424927-04	\N	Chevrolet	10	13	16	400	-1	0	0	0	0	0	41	48	1
1819	2025-03-26 10:14:38.425926-04	2025-03-26 10:14:38.425926-04	\N	Ford	12	14	4	400	-1	0	0	0	0	0	37	48	1
1820	2025-03-26 10:14:38.426926-04	2025-03-26 10:14:38.426926-04	\N	Ford	11	15	2	400	-1	0	0	0	0	0	8	48	1
1821	2025-03-26 10:14:38.426926-04	2025-03-26 10:14:38.426926-04	\N	Ford	13	16	22	400	-1	0	0	0	0	0	35	48	1
1822	2025-03-26 10:14:38.427926-04	2025-03-26 10:14:38.427926-04	\N	Ford	18	17	17	400	-1	0	0	0	0	0	10	48	1
1823	2025-03-26 10:14:38.428926-04	2025-03-26 10:14:38.428926-04	\N	Chevrolet	31	18	99	399	-1	0	0	0	0	0	13	48	1
1824	2025-03-26 10:14:38.429926-04	2025-03-26 10:14:38.429926-04	\N	Ford	7	19	14	399	-1	0	0	0	0	0	4	48	1
1825	2025-03-26 10:14:38.429926-04	2025-03-26 10:14:38.429926-04	\N	Toyota	34	20	42	398	-1	0	0	0	0	0	5	48	1
1826	2025-03-26 10:14:38.430926-04	2025-03-26 10:14:38.430926-04	\N	Chevrolet	25	21	7	398	-1	33	0	0	0	0	22	48	1
1827	2025-03-26 10:14:38.431926-04	2025-03-26 10:14:38.431926-04	\N	Chevrolet	20	22	77	397	-1	0	0	0	0	0	30	48	1
1828	2025-03-26 10:14:38.431926-04	2025-03-26 10:14:38.431926-04	\N	Ford	36	23	51	397	-1	0	0	0	0	0	19	48	1
1829	2025-03-26 10:14:38.432926-04	2025-03-26 10:14:38.432926-04	\N	Chevrolet	37	24	71	397	-1	0	0	0	0	0	36	48	1
1830	2025-03-26 10:14:38.433931-04	2025-03-26 10:14:38.433931-04	\N	Toyota	32	25	43	397	-1	0	0	0	0	0	72	48	1
1831	2025-03-26 10:14:38.43493-04	2025-03-26 10:14:38.43493-04	\N	Ford	26	26	21	397	-1	0	0	0	0	0	44	48	1
1832	2025-03-26 10:14:38.43493-04	2025-03-26 10:14:38.43493-04	\N	Chevrolet	23	27	3	396	-1	0	0	0	0	0	23	48	1
1833	2025-03-26 10:14:38.43593-04	2025-03-26 10:14:38.43593-04	\N	Toyota	27	28	84	395	-1	0	0	0	0	0	3	48	1
1834	2025-03-26 10:14:38.436929-04	2025-03-26 10:14:38.436929-04	\N	Ford	35	29	15	394	-1	0	0	0	0	0	45	48	1
1835	2025-03-26 10:14:38.437932-04	2025-03-26 10:14:38.437932-04	\N	Ford	24	30	6	383	-1	0	0	0	0	0	26	48	1
1836	2025-03-26 10:14:38.438929-04	2025-03-26 10:14:38.438929-04	\N	Ford	30	31	38	379	-1	0	0	0	0	0	27	48	1
1837	2025-03-26 10:14:38.438929-04	2025-03-26 10:14:38.438929-04	\N	Toyota	16	32	23	329	-1	1	0	0	0	0	29	48	1
1838	2025-03-26 10:14:38.439931-04	2025-03-26 10:14:38.439931-04	\N	Chevrolet	3	33	24	329	-1	36	0	0	0	0	1	48	1
1839	2025-03-26 10:14:38.440929-04	2025-03-26 10:14:38.440929-04	\N	Toyota	33	34	20	328	-1	0	0	0	0	0	31	48	1
1840	2025-03-26 10:14:38.441931-04	2025-03-26 10:14:38.441931-04	\N	Chevrolet	17	35	47	320	-1	0	0	0	0	0	18	48	1
1841	2025-03-26 10:14:38.441931-04	2025-03-26 10:14:38.441931-04	\N	Ford	8	36	34	285	-1	0	0	0	0	0	11	48	1
1842	2025-03-26 10:14:38.442929-04	2025-03-26 10:14:38.442929-04	\N	Ford	28	37	41	66	-1	0	0	0	0	0	32	48	1
1843	2025-03-26 10:16:47.043907-04	2025-03-26 10:16:47.043907-04	\N	Chevrolet	24	1	9	276	-1	39	0	0	0	0	15	46	1
1844	2025-03-26 10:16:47.045907-04	2025-03-26 10:16:47.045907-04	\N	Ford	22	2	6	276	-1	0	0	0	0	0	26	46	1
1845	2025-03-26 10:16:47.046906-04	2025-03-26 10:16:47.046906-04	\N	Chevrolet	6	3	24	276	-1	0	0	0	0	0	1	46	1
1846	2025-03-26 10:16:47.047907-04	2025-03-26 10:16:47.047907-04	\N	Toyota	4	4	45	276	-1	37	0	0	0	0	2	46	1
1847	2025-03-26 10:16:47.047907-04	2025-03-26 10:16:47.047907-04	\N	Chevrolet	17	5	99	276	-1	0	0	0	0	0	13	46	1
1848	2025-03-26 10:16:47.048905-04	2025-03-26 10:16:47.048905-04	\N	Ford	5	6	14	276	-1	0	0	0	0	0	4	46	1
1849	2025-03-26 10:16:47.049905-04	2025-03-26 10:16:47.049905-04	\N	Toyota	10	7	23	276	-1	5	0	0	0	0	29	46	1
1850	2025-03-26 10:16:47.050908-04	2025-03-26 10:16:47.050908-04	\N	Chevrolet	15	8	3	276	-1	0	0	0	0	0	23	46	1
1851	2025-03-26 10:16:47.050908-04	2025-03-26 10:16:47.050908-04	\N	Chevrolet	35	9	8	276	-1	0	0	0	0	0	34	46	1
1852	2025-03-26 10:16:47.051907-04	2025-03-26 10:16:47.051907-04	\N	Chevrolet	16	10	77	276	-1	0	0	0	0	0	30	46	1
1853	2025-03-26 10:16:47.052905-04	2025-03-26 10:16:47.052905-04	\N	Ford	20	11	22	276	-1	14	0	0	0	0	35	46	1
1854	2025-03-26 10:16:47.052905-04	2025-03-26 10:16:47.052905-04	\N	Ford	26	12	41	276	-1	0	0	0	0	0	32	46	1
1855	2025-03-26 10:16:47.053905-04	2025-03-26 10:16:47.053905-04	\N	Toyota	2	13	54	276	-1	5	0	0	0	0	16	46	1
1856	2025-03-26 10:16:47.053905-04	2025-03-26 10:16:47.053905-04	\N	Toyota	9	14	19	276	-1	0	0	0	0	0	38	46	1
1857	2025-03-26 10:16:47.055409-04	2025-03-26 10:16:47.055409-04	\N	Ford	19	15	17	276	-1	0	0	0	0	0	10	46	1
1858	2025-03-26 10:16:47.055409-04	2025-03-26 10:16:47.055409-04	\N	Chevrolet	36	16	16	276	-1	0	0	0	0	0	14	46	1
1859	2025-03-26 10:16:47.056414-04	2025-03-26 10:16:47.056414-04	\N	Toyota	3	17	20	276	-1	1	0	0	0	0	31	46	1
1860	2025-03-26 10:16:47.057416-04	2025-03-26 10:16:47.057416-04	\N	Ford	21	18	10	276	-1	0	0	0	0	0	28	46	1
1861	2025-03-26 10:16:47.058414-04	2025-03-26 10:16:47.058414-04	\N	Toyota	27	19	43	276	-1	0	0	0	0	0	12	46	1
1862	2025-03-26 10:16:47.058414-04	2025-03-26 10:16:47.058414-04	\N	Chevrolet	38	20	10	276	-1	0	0	0	0	0	46	46	1
1863	2025-03-26 10:16:47.059415-04	2025-03-26 10:16:47.059415-04	\N	Chevrolet	1	21	5	276	-1	77	0	0	0	0	20	46	1
1864	2025-03-26 10:16:47.060415-04	2025-03-26 10:16:47.060415-04	\N	Chevrolet	23	22	7	276	-1	0	0	0	0	0	22	46	1
1865	2025-03-26 10:16:47.061413-04	2025-03-26 10:16:47.061413-04	\N	Chevrolet	31	23	47	276	-1	0	0	0	0	0	18	46	1
1866	2025-03-26 10:16:47.062414-04	2025-03-26 10:16:47.062414-04	\N	Ford	32	24	51	276	-1	0	0	0	0	0	19	46	1
1867	2025-03-26 10:16:47.063413-04	2025-03-26 10:16:47.063413-04	\N	Ford	8	25	2	276	-1	0	0	0	0	0	8	46	1
1868	2025-03-26 10:16:47.063413-04	2025-03-26 10:16:47.063413-04	\N	Chevrolet	18	26	71	276	-1	0	0	0	0	0	36	46	1
1869	2025-03-26 10:16:47.064413-04	2025-03-26 10:16:47.064413-04	\N	Ford	33	27	15	276	-1	0	0	0	0	0	45	46	1
1870	2025-03-26 10:16:47.065414-04	2025-03-26 10:16:47.065414-04	\N	Ford	29	28	21	276	-1	7	0	0	0	0	44	46	1
1871	2025-03-26 10:16:47.065414-04	2025-03-26 10:16:47.065414-04	\N	Toyota	37	29	84	276	-1	0	0	0	0	0	3	46	1
1872	2025-03-26 10:16:47.066414-04	2025-03-26 10:16:47.066414-04	\N	Toyota	11	30	11	276	-1	37	0	0	0	0	24	46	1
1873	2025-03-26 10:16:47.067418-04	2025-03-26 10:16:47.067418-04	\N	Ford	28	31	38	276	-1	3	0	0	0	0	27	46	1
1874	2025-03-26 10:16:47.068414-04	2025-03-26 10:16:47.068414-04	\N	Chevrolet	12	32	1	275	-1	33	0	0	0	0	40	46	1
1875	2025-03-26 10:16:47.069414-04	2025-03-26 10:16:47.069414-04	\N	Ford	7	33	12	268	-1	17	0	0	0	0	7	46	1
1876	2025-03-26 10:16:47.069414-04	2025-03-26 10:16:47.069414-04	\N	Toyota	30	34	42	226	-1	0	0	0	0	0	5	46	1
1877	2025-03-26 10:16:47.070413-04	2025-03-26 10:16:47.070413-04	\N	Ford	13	35	34	143	-1	0	0	0	0	0	11	46	1
1878	2025-03-26 10:16:47.071413-04	2025-03-26 10:16:47.071413-04	\N	Ford	25	36	4	136	-1	0	0	0	0	0	37	46	1
1879	2025-03-26 10:16:47.071413-04	2025-03-26 10:16:47.071413-04	\N	Chevrolet	14	37	48	100	-1	0	0	0	0	0	6	46	1
1880	2025-03-26 10:16:47.072414-04	2025-03-26 10:16:47.072414-04	\N	Chevrolet	34	38	33	98	-1	1	0	0	0	0	70	46	1
1881	2025-03-26 10:18:40.387404-04	2025-03-26 10:18:40.387404-04	\N	Toyota	11	1	11	407	-1	17	0	0	0	0	24	45	1
1882	2025-03-26 10:18:40.389404-04	2025-03-26 10:18:40.389404-04	\N	Ford	10	2	22	407	-1	0	0	0	0	0	35	45	1
1883	2025-03-26 10:18:40.390404-04	2025-03-26 10:18:40.390404-04	\N	Chevrolet	1	3	5	407	-1	144	0	0	0	0	20	45	1
1884	2025-03-26 10:18:40.391404-04	2025-03-26 10:18:40.391404-04	\N	Toyota	7	4	19	407	-1	228	0	0	0	0	38	45	1
1885	2025-03-26 10:18:40.391404-04	2025-03-26 10:18:40.391404-04	\N	Chevrolet	2	5	9	407	-1	5	0	0	0	0	15	45	1
1886	2025-03-26 10:18:40.392404-04	2025-03-26 10:18:40.392404-04	\N	Toyota	29	6	20	407	-1	9	0	0	0	0	31	45	1
1887	2025-03-26 10:18:40.393404-04	2025-03-26 10:18:40.393404-04	\N	Chevrolet	13	7	24	407	-1	0	0	0	0	0	1	45	1
1888	2025-03-26 10:18:40.394405-04	2025-03-26 10:18:40.394405-04	\N	Ford	23	8	6	407	-1	0	0	0	0	0	26	45	1
1889	2025-03-26 10:18:40.394405-04	2025-03-26 10:18:40.394405-04	\N	Ford	14	9	17	407	-1	0	0	0	0	0	10	45	1
1890	2025-03-26 10:18:40.395404-04	2025-03-26 10:18:40.395404-04	\N	Toyota	19	10	45	407	-1	0	0	0	0	0	2	45	1
1891	2025-03-26 10:18:40.396405-04	2025-03-26 10:18:40.396405-04	\N	Ford	30	11	4	407	-1	2	0	0	0	0	37	45	1
1892	2025-03-26 10:18:40.397404-04	2025-03-26 10:18:40.397404-04	\N	Ford	17	12	10	407	-1	0	0	0	0	0	28	45	1
1893	2025-03-26 10:18:40.397404-04	2025-03-26 10:18:40.397404-04	\N	Toyota	5	13	23	407	-1	2	0	0	0	0	29	45	1
1894	2025-03-26 10:18:40.398405-04	2025-03-26 10:18:40.398405-04	\N	Toyota	27	14	43	407	-1	0	0	0	0	0	12	45	1
1895	2025-03-26 10:18:40.399405-04	2025-03-26 10:18:40.399405-04	\N	Chevrolet	3	15	1	407	-1	0	0	0	0	0	40	45	1
1896	2025-03-26 10:18:40.400404-04	2025-03-26 10:18:40.400404-04	\N	Toyota	8	16	54	407	-1	0	0	0	0	0	16	45	1
1897	2025-03-26 10:18:40.401404-04	2025-03-26 10:18:40.401404-04	\N	Chevrolet	4	17	48	407	-1	0	0	0	0	0	6	45	1
1898	2025-03-26 10:18:40.401404-04	2025-03-26 10:18:40.401404-04	\N	Ford	32	18	14	407	-1	0	0	0	0	0	4	45	1
1899	2025-03-26 10:18:40.402404-04	2025-03-26 10:18:40.402404-04	\N	Ford	12	19	12	407	-1	0	0	0	0	0	7	45	1
1900	2025-03-26 10:18:40.403404-04	2025-03-26 10:18:40.403404-04	\N	Chevrolet	15	20	8	407	-1	0	0	0	0	0	34	45	1
1901	2025-03-26 10:18:40.403404-04	2025-03-26 10:18:40.403404-04	\N	Ford	6	21	38	407	-1	0	0	0	0	0	27	45	1
1902	2025-03-26 10:18:40.404405-04	2025-03-26 10:18:40.404405-04	\N	Chevrolet	20	22	99	407	-1	0	0	0	0	0	13	45	1
1903	2025-03-26 10:18:40.405405-04	2025-03-26 10:18:40.405405-04	\N	Ford	9	23	2	406	-1	0	0	0	0	0	8	45	1
1904	2025-03-26 10:18:40.405405-04	2025-03-26 10:18:40.405405-04	\N	Chevrolet	22	24	3	406	-1	0	0	0	0	0	23	45	1
1905	2025-03-26 10:18:40.406405-04	2025-03-26 10:18:40.406405-04	\N	Toyota	18	25	42	406	-1	0	0	0	0	0	5	45	1
1906	2025-03-26 10:18:40.407409-04	2025-03-26 10:18:40.407409-04	\N	Ford	31	26	34	406	-1	0	0	0	0	0	11	45	1
1907	2025-03-26 10:18:40.407409-04	2025-03-26 10:18:40.407409-04	\N	Chevrolet	25	27	77	406	-1	0	0	0	0	0	30	45	1
1908	2025-03-26 10:18:40.408409-04	2025-03-26 10:18:40.408409-04	\N	Ford	16	28	41	406	-1	0	0	0	0	0	32	45	1
1909	2025-03-26 10:18:40.409409-04	2025-03-26 10:18:40.409409-04	\N	Chevrolet	33	29	16	406	-1	0	0	0	0	0	14	45	1
1910	2025-03-26 10:18:40.409409-04	2025-03-26 10:18:40.409409-04	\N	Chevrolet	34	30	10	405	-1	0	0	0	0	0	46	45	1
1911	2025-03-26 10:18:40.410409-04	2025-03-26 10:18:40.410409-04	\N	Ford	35	31	15	405	-1	0	0	0	0	0	45	45	1
1912	2025-03-26 10:18:40.411409-04	2025-03-26 10:18:40.411409-04	\N	Ford	36	32	51	405	-1	0	0	0	0	0	19	45	1
1913	2025-03-26 10:18:40.412409-04	2025-03-26 10:18:40.412409-04	\N	Chevrolet	24	33	47	405	-1	0	0	0	0	0	18	45	1
1914	2025-03-26 10:18:40.412409-04	2025-03-26 10:18:40.412409-04	\N	Ford	26	34	21	405	-1	0	0	0	0	0	44	45	1
1915	2025-03-26 10:18:40.413409-04	2025-03-26 10:18:40.413409-04	\N	Chevrolet	28	35	71	404	-1	0	0	0	0	0	36	45	1
1916	2025-03-26 10:18:40.414409-04	2025-03-26 10:18:40.414409-04	\N	Chevrolet	21	36	7	404	-1	0	0	0	0	0	22	45	1
1917	2025-03-26 10:20:55.182774-04	2025-03-26 10:20:55.182774-04	\N	Toyota	3	1	11	500	-1	163	0	0	0	0	24	43	1
1918	2025-03-26 10:20:55.183773-04	2025-03-26 10:20:55.183773-04	\N	Toyota	11	2	19	500	-1	54	0	0	0	0	38	43	1
1919	2025-03-26 10:20:55.184772-04	2025-03-26 10:20:55.184772-04	\N	Ford	17	3	6	500	-1	1	0	0	0	0	26	43	1
1920	2025-03-26 10:20:55.185776-04	2025-03-26 10:20:55.185776-04	\N	Chevrolet	29	4	48	500	-1	3	0	0	0	0	6	43	1
1921	2025-03-26 10:20:55.187773-04	2025-03-26 10:20:55.187773-04	\N	Chevrolet	10	5	5	500	-1	19	0	0	0	0	20	43	1
1922	2025-03-26 10:20:55.188773-04	2025-03-26 10:20:55.188773-04	\N	Toyota	26	6	42	499	-1	0	0	0	0	0	5	43	1
1923	2025-03-26 10:20:55.189772-04	2025-03-26 10:20:55.189772-04	\N	Ford	34	7	17	499	-1	17	0	0	0	0	10	43	1
1924	2025-03-26 10:20:55.189772-04	2025-03-26 10:20:55.189772-04	\N	Chevrolet	5	8	9	499	-1	5	0	0	0	0	15	43	1
1925	2025-03-26 10:20:55.190772-04	2025-03-26 10:20:55.190772-04	\N	Toyota	19	9	54	499	-1	137	0	0	0	0	16	43	1
1926	2025-03-26 10:20:55.190772-04	2025-03-26 10:20:55.190772-04	\N	Toyota	12	10	20	499	-1	29	0	0	0	0	31	43	1
1927	2025-03-26 10:20:55.191776-04	2025-03-26 10:20:55.191776-04	\N	Ford	7	11	34	499	-1	0	0	0	0	0	11	43	1
1928	2025-03-26 10:20:55.192776-04	2025-03-26 10:20:55.192776-04	\N	Ford	2	12	4	499	-1	25	0	0	0	0	37	43	1
1929	2025-03-26 10:20:55.192776-04	2025-03-26 10:20:55.192776-04	\N	Ford	6	13	14	498	-1	0	0	0	0	0	4	43	1
1930	2025-03-26 10:20:55.193776-04	2025-03-26 10:20:55.193776-04	\N	Ford	25	14	41	498	-1	0	0	0	0	0	32	43	1
1931	2025-03-26 10:20:55.193776-04	2025-03-26 10:20:55.193776-04	\N	Chevrolet	36	15	1	498	-1	0	0	0	0	0	40	43	1
1932	2025-03-26 10:20:55.194776-04	2025-03-26 10:20:55.194776-04	\N	Ford	1	16	12	498	-1	14	0	0	0	0	7	43	1
1933	2025-03-26 10:20:55.194776-04	2025-03-26 10:20:55.194776-04	\N	Ford	32	17	51	498	-1	0	0	0	0	0	19	43	1
1934	2025-03-26 10:20:55.195776-04	2025-03-26 10:20:55.195776-04	\N	Chevrolet	28	18	99	498	-1	0	0	0	0	0	13	43	1
1935	2025-03-26 10:20:55.196776-04	2025-03-26 10:20:55.196776-04	\N	Ford	33	19	15	498	-1	0	0	0	0	0	45	43	1
1936	2025-03-26 10:20:55.196776-04	2025-03-26 10:20:55.196776-04	\N	Toyota	15	20	43	498	-1	0	0	0	0	0	12	43	1
1937	2025-03-26 10:20:55.197776-04	2025-03-26 10:20:55.197776-04	\N	Chevrolet	18	21	7	498	-1	4	0	0	0	0	22	43	1
1938	2025-03-26 10:20:55.198776-04	2025-03-26 10:20:55.198776-04	\N	Ford	4	22	22	498	-1	5	0	0	0	0	35	43	1
1939	2025-03-26 10:20:55.198776-04	2025-03-26 10:20:55.198776-04	\N	Chevrolet	30	23	16	498	-1	0	0	0	0	0	41	43	1
1940	2025-03-26 10:20:55.199777-04	2025-03-26 10:20:55.199777-04	\N	Chevrolet	31	24	3	498	-1	0	0	0	0	0	23	43	1
1941	2025-03-26 10:20:55.200776-04	2025-03-26 10:20:55.200776-04	\N	Chevrolet	14	25	8	498	-1	5	0	0	0	0	34	43	1
1942	2025-03-26 10:20:55.200776-04	2025-03-26 10:20:55.200776-04	\N	Ford	24	26	38	497	-1	0	0	0	0	0	27	43	1
1943	2025-03-26 10:20:55.201776-04	2025-03-26 10:20:55.201776-04	\N	Chevrolet	35	27	77	497	-1	0	0	0	0	0	30	43	1
1944	2025-03-26 10:20:55.203778-04	2025-03-26 10:20:55.203778-04	\N	Chevrolet	20	28	10	496	-1	0	0	0	0	0	46	43	1
1945	2025-03-26 10:20:55.204775-04	2025-03-26 10:20:55.204775-04	\N	Toyota	9	29	23	496	-1	15	0	0	0	0	29	43	1
1946	2025-03-26 10:20:55.204775-04	2025-03-26 10:20:55.204775-04	\N	Toyota	23	30	45	495	-1	4	0	0	0	0	2	43	1
1947	2025-03-26 10:20:55.20628-04	2025-03-26 10:20:55.20628-04	\N	Ford	21	31	2	495	-1	0	0	0	0	0	8	43	1
1948	2025-03-26 10:20:55.207282-04	2025-03-26 10:20:55.207282-04	\N	Ford	13	32	21	495	-1	0	0	0	0	0	44	43	1
1949	2025-03-26 10:20:55.207282-04	2025-03-26 10:20:55.207282-04	\N	Chevrolet	27	33	47	495	-1	0	0	0	0	0	18	43	1
1950	2025-03-26 10:20:55.208284-04	2025-03-26 10:20:55.208284-04	\N	Ford	22	34	10	494	-1	0	0	0	0	0	28	43	1
1951	2025-03-26 10:20:55.209283-04	2025-03-26 10:20:55.209283-04	\N	Chevrolet	8	35	24	492	-1	0	0	0	0	0	1	43	1
1952	2025-03-26 10:20:55.209283-04	2025-03-26 10:20:55.209283-04	\N	Chevrolet	16	36	71	192	-1	0	0	0	0	0	36	43	1
1953	2025-03-26 10:24:19.553741-04	2025-03-26 10:24:19.553741-04	\N	Chevrolet	18	1	24	200	-1	4	0	0	0	0	1	44	1
1954	2025-03-26 10:24:19.555741-04	2025-03-26 10:24:19.555741-04	\N	Chevrolet	7	2	48	200	-1	0	0	0	0	0	6	44	1
1955	2025-03-26 10:24:19.556742-04	2025-03-26 10:24:19.556742-04	\N	Toyota	4	3	20	200	-1	22	0	0	0	0	31	44	1
1956	2025-03-26 10:24:19.557742-04	2025-03-26 10:24:19.557742-04	\N	Chevrolet	29	4	7	200	-1	1	0	0	0	0	22	44	1
1957	2025-03-26 10:24:19.558742-04	2025-03-26 10:24:19.558742-04	\N	Toyota	24	5	23	200	-1	3	0	0	0	0	29	44	1
1958	2025-03-26 10:24:19.559742-04	2025-03-26 10:24:19.559742-04	\N	Chevrolet	28	6	16	200	-1	9	0	0	0	0	41	44	1
1959	2025-03-26 10:24:19.559742-04	2025-03-26 10:24:19.559742-04	\N	Toyota	10	7	42	200	-1	0	0	0	0	0	5	44	1
1960	2025-03-26 10:24:19.560742-04	2025-03-26 10:24:19.560742-04	\N	Toyota	11	8	43	200	-1	0	0	0	0	0	12	44	1
1961	2025-03-26 10:24:19.561742-04	2025-03-26 10:24:19.561742-04	\N	Ford	38	9	10	200	-1	5	0	0	0	0	28	44	1
1962	2025-03-26 10:24:19.562741-04	2025-03-26 10:24:19.562741-04	\N	Ford	20	10	14	200	-1	0	0	0	0	0	4	44	1
1963	2025-03-26 10:24:19.563741-04	2025-03-26 10:24:19.563741-04	\N	Chevrolet	17	11	5	200	-1	7	0	0	0	0	20	44	1
1964	2025-03-26 10:24:19.564742-04	2025-03-26 10:24:19.564742-04	\N	Chevrolet	34	12	8	200	-1	12	0	0	0	0	34	44	1
1965	2025-03-26 10:24:19.565741-04	2025-03-26 10:24:19.565741-04	\N	Chevrolet	14	13	71	200	-1	0	0	0	0	0	36	44	1
1966	2025-03-26 10:24:19.566744-04	2025-03-26 10:24:19.566744-04	\N	Chevrolet	5	14	9	200	-1	13	0	0	0	0	15	44	1
1967	2025-03-26 10:24:19.566744-04	2025-03-26 10:24:19.566744-04	\N	Toyota	27	15	19	200	-1	0	0	0	0	0	38	44	1
1968	2025-03-26 10:24:19.567743-04	2025-03-26 10:24:19.567743-04	\N	Chevrolet	37	16	10	200	-1	0	0	0	0	0	46	44	1
1969	2025-03-26 10:24:19.568742-04	2025-03-26 10:24:19.568742-04	\N	Toyota	15	17	54	200	-1	0	0	0	0	0	16	44	1
1970	2025-03-26 10:24:19.569742-04	2025-03-26 10:24:19.569742-04	\N	Ford	19	18	17	200	-1	0	0	0	0	0	10	44	1
1971	2025-03-26 10:24:19.569742-04	2025-03-26 10:24:19.569742-04	\N	Toyota	8	19	11	200	-1	10	0	0	0	0	24	44	1
1972	2025-03-26 10:24:19.571742-04	2025-03-26 10:24:19.571742-04	\N	Ford	40	20	60	200	-1	2	0	0	0	0	75	44	1
1973	2025-03-26 10:24:19.571742-04	2025-03-26 10:24:19.571742-04	\N	Chevrolet	21	21	1	199	-1	14	0	0	0	0	40	44	1
1974	2025-03-26 10:24:19.572742-04	2025-03-26 10:24:19.572742-04	\N	Ford	6	22	2	199	-1	13	0	0	0	0	8	44	1
1975	2025-03-26 10:24:19.573742-04	2025-03-26 10:24:19.573742-04	\N	Ford	25	23	41	199	-1	0	0	0	0	0	32	44	1
1976	2025-03-26 10:24:19.574742-04	2025-03-26 10:24:19.574742-04	\N	Ford	36	24	15	199	-1	0	0	0	0	0	17	44	1
1977	2025-03-26 10:24:19.574742-04	2025-03-26 10:24:19.574742-04	\N	Ford	30	25	4	199	-1	1	0	0	0	0	37	44	1
1978	2025-03-26 10:24:19.575741-04	2025-03-26 10:24:19.575741-04	\N	Ford	22	26	51	199	-1	0	0	0	0	0	19	44	1
1979	2025-03-26 10:24:19.576742-04	2025-03-26 10:24:19.576742-04	\N	Chevrolet	39	27	62	198	-1	0	0	0	0	0	58	44	1
1980	2025-03-26 10:24:19.577742-04	2025-03-26 10:24:19.577742-04	\N	Toyota	23	28	84	196	-1	0	0	0	0	0	3	44	1
1981	2025-03-26 10:24:19.577742-04	2025-03-26 10:24:19.577742-04	\N	Toyota	3	29	45	192	-1	0	0	0	0	0	2	44	1
1982	2025-03-26 10:24:19.578742-04	2025-03-26 10:24:19.578742-04	\N	Ford	32	30	12	192	-1	12	0	0	0	0	7	44	1
1983	2025-03-26 10:24:19.579742-04	2025-03-26 10:24:19.579742-04	\N	Chevrolet	35	31	47	192	-1	0	0	0	0	0	18	44	1
1984	2025-03-26 10:24:19.580741-04	2025-03-26 10:24:19.580741-04	\N	Ford	1	32	22	191	-1	45	0	0	0	0	35	44	1
1985	2025-03-26 10:24:19.580741-04	2025-03-26 10:24:19.580741-04	\N	Ford	16	33	6	191	-1	3	0	0	0	0	26	44	1
1986	2025-03-26 10:24:19.581742-04	2025-03-26 10:24:19.581742-04	\N	Chevrolet	13	34	99	191	-1	2	0	0	0	0	13	44	1
1987	2025-03-26 10:24:19.582742-04	2025-03-26 10:24:19.582742-04	\N	Ford	31	35	38	191	-1	16	0	0	0	0	27	44	1
1988	2025-03-26 10:24:19.583742-04	2025-03-26 10:24:19.583742-04	\N	Ford	2	36	34	176	-1	6	0	0	0	0	11	44	1
1989	2025-03-26 10:24:19.583742-04	2025-03-26 10:24:19.583742-04	\N	Chevrolet	33	37	3	146	-1	0	0	0	0	0	23	44	1
1990	2025-03-26 10:24:19.584742-04	2025-03-26 10:24:19.584742-04	\N	Ford	26	38	36	5	-1	0	0	0	0	0	45	44	1
1991	2025-03-26 10:24:19.585742-04	2025-03-26 10:24:19.585742-04	\N	Ford	12	39	21	5	-1	0	0	0	0	0	44	44	1
1992	2025-03-26 10:24:19.585742-04	2025-03-26 10:24:19.585742-04	\N	Chevrolet	9	40	77	5	-1	0	0	0	0	0	30	44	1
1993	2025-03-26 10:26:49.133488-04	2025-03-26 10:26:49.133488-04	\N	Chevrolet	2	1	5	267	-1	133	0	0	0	0	20	105	1
1994	2025-03-26 10:26:49.135487-04	2025-03-26 10:26:49.135487-04	\N	Toyota	1	2	20	267	-1	61	0	0	0	0	31	105	1
1995	2025-03-26 10:26:49.136488-04	2025-03-26 10:26:49.136488-04	\N	Chevrolet	6	3	8	267	-1	0	0	0	0	0	34	105	1
1996	2025-03-26 10:26:49.137489-04	2025-03-26 10:26:49.137489-04	\N	Ford	21	4	6	267	-1	38	0	0	0	0	26	105	1
1997	2025-03-26 10:26:49.138488-04	2025-03-26 10:26:49.138488-04	\N	Chevrolet	10	5	1	267	-1	0	0	0	0	0	40	105	1
1998	2025-03-26 10:26:49.139489-04	2025-03-26 10:26:49.139489-04	\N	Ford	12	6	12	267	-1	0	0	0	0	0	7	105	1
1999	2025-03-26 10:26:49.140489-04	2025-03-26 10:26:49.140489-04	\N	Chevrolet	3	7	24	267	-1	1	0	0	0	0	1	105	1
2000	2025-03-26 10:26:49.141489-04	2025-03-26 10:26:49.141489-04	\N	Toyota	8	8	45	267	-1	0	0	0	0	0	2	105	1
2001	2025-03-26 10:26:49.141489-04	2025-03-26 10:26:49.141489-04	\N	Toyota	4	9	19	267	-1	9	0	0	0	0	38	105	1
2002	2025-03-26 10:26:49.142488-04	2025-03-26 10:26:49.142488-04	\N	Toyota	15	10	11	267	-1	23	0	0	0	0	24	105	1
2003	2025-03-26 10:26:49.143489-04	2025-03-26 10:26:49.143489-04	\N	Ford	5	11	17	267	-1	0	0	0	0	0	10	105	1
2004	2025-03-26 10:26:49.144488-04	2025-03-26 10:26:49.144488-04	\N	Ford	9	12	22	267	-1	0	0	0	0	0	35	105	1
2005	2025-03-26 10:26:49.144488-04	2025-03-26 10:26:49.144488-04	\N	Toyota	7	13	23	267	-1	0	0	0	0	0	29	105	1
2006	2025-03-26 10:26:49.145488-04	2025-03-26 10:26:49.145488-04	\N	Ford	13	14	10	267	-1	0	0	0	0	0	56	105	1
2007	2025-03-26 10:26:49.146489-04	2025-03-26 10:26:49.146489-04	\N	Chevrolet	36	15	99	267	-1	0	0	0	0	0	13	105	1
2008	2025-03-26 10:26:49.146489-04	2025-03-26 10:26:49.146489-04	\N	Ford	24	16	4	267	-1	0	0	0	0	0	57	105	1
2009	2025-03-26 10:26:49.147489-04	2025-03-26 10:26:49.147489-04	\N	Ford	18	17	34	267	-1	0	0	0	0	0	11	105	1
2010	2025-03-26 10:26:49.148488-04	2025-03-26 10:26:49.148488-04	\N	Chevrolet	16	18	3	267	-1	0	0	0	0	0	23	105	1
2011	2025-03-26 10:26:49.148488-04	2025-03-26 10:26:49.148488-04	\N	Chevrolet	28	19	7	267	-1	0	0	0	0	0	22	105	1
2012	2025-03-26 10:26:49.149488-04	2025-03-26 10:26:49.149488-04	\N	Ford	33	20	21	267	-1	0	0	0	0	0	44	105	1
2013	2025-03-26 10:26:49.149488-04	2025-03-26 10:26:49.149488-04	\N	Chevrolet	22	21	16	267	-1	0	0	0	0	0	41	105	1
2014	2025-03-26 10:26:49.150488-04	2025-03-26 10:26:49.150488-04	\N	Chevrolet	20	22	31	267	-1	0	0	0	0	0	19	105	1
2015	2025-03-26 10:26:49.151488-04	2025-03-26 10:26:49.151488-04	\N	Ford	19	23	2	267	-1	0	0	0	0	0	8	105	1
2016	2025-03-26 10:26:49.152489-04	2025-03-26 10:26:49.152489-04	\N	Chevrolet	27	24	77	267	-1	0	0	0	0	0	14	105	1
2017	2025-03-26 10:26:49.153488-04	2025-03-26 10:26:49.153488-04	\N	Chevrolet	30	25	47	267	-1	0	0	0	0	0	18	105	1
2018	2025-03-26 10:26:49.153488-04	2025-03-26 10:26:49.153488-04	\N	Ford	32	26	41	267	-1	0	0	0	0	0	32	105	1
2019	2025-03-26 10:26:49.154488-04	2025-03-26 10:26:49.154488-04	\N	Ford	29	27	38	266	-1	0	0	0	0	0	27	105	1
2020	2025-03-26 10:26:49.155488-04	2025-03-26 10:26:49.155488-04	\N	Chevrolet	23	28	43	266	-1	0	0	0	0	0	12	105	1
2021	2025-03-26 10:26:49.155488-04	2025-03-26 10:26:49.155488-04	\N	Ford	26	29	51	266	-1	2	0	0	0	0	43	105	1
2022	2025-03-26 10:26:49.157489-04	2025-03-26 10:26:49.157489-04	\N	Ford	34	30	15	266	-1	0	0	0	0	0	76	105	1
2023	2025-03-26 10:26:49.157489-04	2025-03-26 10:26:49.157489-04	\N	Chevrolet	31	31	78	266	-1	0	0	0	0	0	42	105	1
2024	2025-03-26 10:26:49.158489-04	2025-03-26 10:26:49.158489-04	\N	Chevrolet	35	32	9	266	-1	0	0	0	0	0	15	105	1
2025	2025-03-26 10:26:49.159489-04	2025-03-26 10:26:49.159489-04	\N	Ford	17	33	14	263	-1	0	0	0	0	0	4	105	1
2026	2025-03-26 10:26:49.159489-04	2025-03-26 10:26:49.159489-04	\N	Toyota	11	34	54	259	-1	0	0	0	0	0	16	105	1
2027	2025-03-26 10:26:49.160489-04	2025-03-26 10:26:49.160489-04	\N	Chevrolet	14	35	48	144	-1	0	0	0	0	0	6	105	1
2028	2025-03-26 10:26:49.161489-04	2025-03-26 10:26:49.161489-04	\N	Chevrolet	25	36	42	110	-1	0	0	0	0	0	30	105	1
2029	2025-03-26 10:33:08.951286-04	2025-03-26 10:33:08.951286-04	\N	Chevrolet	6	1	16	109	-1	46	0	0	0	0	41	104	1
2030	2025-03-26 10:33:08.953284-04	2025-03-26 10:33:08.953284-04	\N	Chevrolet	14	2	24	109	-1	0	0	0	0	0	1	104	1
2031	2025-03-26 10:33:08.955285-04	2025-03-26 10:33:08.955285-04	\N	Chevrolet	5	3	8	109	-1	6	0	0	0	0	34	104	1
2032	2025-03-26 10:33:08.955285-04	2025-03-26 10:33:08.955285-04	\N	Toyota	10	4	54	109	-1	0	0	0	0	0	16	104	1
2033	2025-03-26 10:33:08.956284-04	2025-03-26 10:33:08.956284-04	\N	Ford	7	5	22	109	-1	0	0	0	0	0	35	104	1
2034	2025-03-26 10:33:08.957286-04	2025-03-26 10:33:08.957286-04	\N	Toyota	1	6	45	109	-1	27	0	0	0	0	2	104	1
2035	2025-03-26 10:33:08.958287-04	2025-03-26 10:33:08.958287-04	\N	Ford	20	7	17	109	-1	0	0	0	0	0	10	104	1
2036	2025-03-26 10:33:08.959284-04	2025-03-26 10:33:08.959284-04	\N	Chevrolet	16	8	48	109	-1	0	0	0	0	0	6	104	1
2037	2025-03-26 10:33:08.959284-04	2025-03-26 10:33:08.959284-04	\N	Chevrolet	8	9	9	109	-1	15	0	0	0	0	15	104	1
2038	2025-03-26 10:33:08.960283-04	2025-03-26 10:33:08.960283-04	\N	Chevrolet	12	10	1	109	-1	0	0	0	0	0	40	104	1
2039	2025-03-26 10:33:08.961284-04	2025-03-26 10:33:08.961284-04	\N	Ford	18	11	41	109	-1	0	0	0	0	0	32	104	1
2040	2025-03-26 10:33:08.962284-04	2025-03-26 10:33:08.962284-04	\N	Ford	17	12	12	109	-1	6	0	0	0	0	7	104	1
2041	2025-03-26 10:33:08.962284-04	2025-03-26 10:33:08.962284-04	\N	Chevrolet	36	13	5	109	-1	0	0	0	0	0	20	104	1
2042	2025-03-26 10:33:08.963284-04	2025-03-26 10:33:08.963284-04	\N	Chevrolet	15	14	3	109	-1	0	0	0	0	0	23	104	1
2043	2025-03-26 10:33:08.964287-04	2025-03-26 10:33:08.964287-04	\N	Toyota	2	15	20	109	-1	9	0	0	0	0	31	104	1
2044	2025-03-26 10:33:08.965286-04	2025-03-26 10:33:08.965286-04	\N	Toyota	4	16	23	109	-1	0	0	0	0	0	29	104	1
2045	2025-03-26 10:33:08.965286-04	2025-03-26 10:33:08.965286-04	\N	Chevrolet	24	17	7	109	-1	0	0	0	0	0	22	104	1
2046	2025-03-26 10:33:08.966285-04	2025-03-26 10:33:08.966285-04	\N	Ford	19	18	6	109	-1	0	0	0	0	0	26	104	1
2047	2025-03-26 10:33:08.967283-04	2025-03-26 10:33:08.967283-04	\N	Ford	22	19	4	109	-1	0	0	0	0	0	57	104	1
2048	2025-03-26 10:33:08.968286-04	2025-03-26 10:33:08.968286-04	\N	Toyota	11	20	19	109	-1	0	0	0	0	0	38	104	1
2049	2025-03-26 10:33:08.969284-04	2025-03-26 10:33:08.969284-04	\N	Ford	21	21	10	109	-1	0	0	0	0	0	56	104	1
2050	2025-03-26 10:33:08.969284-04	2025-03-26 10:33:08.969284-04	\N	Chevrolet	25	22	31	109	-1	0	0	0	0	0	19	104	1
2051	2025-03-26 10:33:08.970285-04	2025-03-26 10:33:08.970285-04	\N	Ford	32	23	51	109	-1	0	0	0	0	0	27	104	1
2052	2025-03-26 10:33:08.971283-04	2025-03-26 10:33:08.971283-04	\N	Ford	31	24	21	109	-1	0	0	0	0	0	44	104	1
2053	2025-03-26 10:33:08.971283-04	2025-03-26 10:33:08.972285-04	\N	Ford	29	25	2	109	-1	0	0	0	0	0	8	104	1
2054	2025-03-26 10:33:08.972285-04	2025-03-26 10:33:08.972285-04	\N	Chevrolet	28	26	78	109	-1	0	0	0	0	0	55	104	1
2055	2025-03-26 10:33:08.973284-04	2025-03-26 10:33:08.973284-04	\N	Chevrolet	33	27	62	109	-1	0	0	0	0	0	70	104	1
2056	2025-03-26 10:33:08.974285-04	2025-03-26 10:33:08.974285-04	\N	Ford	30	28	14	109	-1	0	0	0	0	0	4	104	1
2057	2025-03-26 10:33:08.976285-04	2025-03-26 10:33:08.976285-04	\N	Chevrolet	26	29	42	109	-1	0	0	0	0	0	77	104	1
2058	2025-03-26 10:33:08.977285-04	2025-03-26 10:33:08.977285-04	\N	Ford	34	30	38	109	-1	0	0	0	0	0	36	104	1
2059	2025-03-26 10:33:08.978286-04	2025-03-26 10:33:08.978286-04	\N	Chevrolet	37	31	77	109	-1	0	0	0	0	0	14	104	1
2060	2025-03-26 10:33:08.978286-04	2025-03-26 10:33:08.978286-04	\N	Ford	13	32	34	109	-1	0	0	0	0	0	11	104	1
2061	2025-03-26 10:33:08.979285-04	2025-03-26 10:33:08.979285-04	\N	Chevrolet	3	33	99	109	-1	0	0	0	0	0	13	104	1
2062	2025-03-26 10:33:08.980285-04	2025-03-26 10:33:08.980285-04	\N	Chevrolet	27	34	47	96	-1	0	0	0	0	0	18	104	1
2063	2025-03-26 10:33:08.981285-04	2025-03-26 10:33:08.981285-04	\N	Ford	35	35	15	84	-1	0	0	0	0	0	78	104	1
2064	2025-03-26 10:33:08.982286-04	2025-03-26 10:33:08.982286-04	\N	Chevrolet	23	36	43	79	-1	0	0	0	0	0	12	104	1
2065	2025-03-26 10:33:08.982286-04	2025-03-26 10:33:08.982286-04	\N	Toyota	9	37	11	76	-1	0	0	0	0	0	24	104	1
2066	2025-03-26 10:37:11.869829-04	2025-03-26 10:37:11.869829-04	\N	Ford	10	1	12	188	-1	8	0	0	0	0	7	103	1
2067	2025-03-26 10:37:11.871829-04	2025-03-26 10:37:11.871829-04	\N	Chevrolet	8	2	24	188	-1	12	0	0	0	0	1	103	1
2068	2025-03-26 10:37:11.872828-04	2025-03-26 10:37:11.872828-04	\N	Toyota	12	3	11	188	-1	3	0	0	0	0	24	103	1
2069	2025-03-26 10:37:11.872828-04	2025-03-26 10:37:11.872828-04	\N	Chevrolet	36	4	7	188	-1	0	0	0	0	0	22	103	1
2070	2025-03-26 10:37:11.873828-04	2025-03-26 10:37:11.873828-04	\N	Ford	7	5	2	188	-1	15	0	0	0	0	8	103	1
2071	2025-03-26 10:37:11.874828-04	2025-03-26 10:37:11.874828-04	\N	Chevrolet	30	6	31	188	-1	1	0	0	0	0	19	103	1
2072	2025-03-26 10:37:11.875828-04	2025-03-26 10:37:11.875828-04	\N	Chevrolet	23	7	9	188	-1	8	0	0	0	0	15	103	1
2073	2025-03-26 10:37:11.875828-04	2025-03-26 10:37:11.875828-04	\N	Ford	19	8	41	188	-1	8	0	0	0	0	32	103	1
2074	2025-03-26 10:37:11.876828-04	2025-03-26 10:37:11.876828-04	\N	Ford	6	9	36	188	-1	10	0	0	0	0	17	103	1
2075	2025-03-26 10:37:11.877827-04	2025-03-26 10:37:11.877827-04	\N	Chevrolet	28	10	99	188	-1	0	0	0	0	0	13	103	1
2076	2025-03-26 10:37:11.877827-04	2025-03-26 10:37:11.877827-04	\N	Chevrolet	34	11	13	188	-1	0	0	0	0	0	61	103	1
2077	2025-03-26 10:37:11.878828-04	2025-03-26 10:37:11.878828-04	\N	Ford	17	12	38	188	-1	0	0	0	0	0	27	103	1
2078	2025-03-26 10:37:11.879828-04	2025-03-26 10:37:11.879828-04	\N	Ford	3	13	14	188	-1	0	0	0	0	0	4	103	1
2079	2025-03-26 10:37:11.879828-04	2025-03-26 10:37:11.879828-04	\N	Toyota	15	14	20	188	-1	2	0	0	0	0	31	103	1
2080	2025-03-26 10:37:11.880827-04	2025-03-26 10:37:11.880827-04	\N	Chevrolet	4	15	5	188	-1	1	0	0	0	0	20	103	1
2081	2025-03-26 10:37:11.881832-04	2025-03-26 10:37:11.881832-04	\N	Toyota	13	16	45	188	-1	2	0	0	0	0	2	103	1
2082	2025-03-26 10:37:11.882828-04	2025-03-26 10:37:11.882828-04	\N	Ford	1	17	10	188	-1	7	0	0	0	0	56	103	1
2083	2025-03-26 10:37:11.883828-04	2025-03-26 10:37:11.883828-04	\N	Toyota	16	18	19	188	-1	0	0	0	0	0	38	103	1
2084	2025-03-26 10:37:11.883828-04	2025-03-26 10:37:11.883828-04	\N	Ford	24	19	17	188	-1	3	0	0	0	0	10	103	1
2085	2025-03-26 10:37:11.884831-04	2025-03-26 10:37:11.884831-04	\N	Chevrolet	31	20	16	188	-1	0	0	0	0	0	41	103	1
2086	2025-03-26 10:37:11.885826-04	2025-03-26 10:37:11.885826-04	\N	Ford	18	21	34	188	-1	5	0	0	0	0	11	103	1
2087	2025-03-26 10:37:11.886828-04	2025-03-26 10:37:11.886828-04	\N	Chevrolet	35	22	47	188	-1	14	0	0	0	0	18	103	1
2088	2025-03-26 10:37:11.886828-04	2025-03-26 10:37:11.886828-04	\N	Toyota	9	23	23	188	-1	3	0	0	0	0	29	103	1
2089	2025-03-26 10:37:11.88783-04	2025-03-26 10:37:11.88783-04	\N	Ford	2	24	22	188	-1	48	0	0	0	0	35	103	1
2090	2025-03-26 10:37:11.888826-04	2025-03-26 10:37:11.888826-04	\N	Chevrolet	25	25	8	188	-1	2	0	0	0	0	34	103	1
2091	2025-03-26 10:37:11.888826-04	2025-03-26 10:37:11.888826-04	\N	Chevrolet	26	26	43	188	-1	4	0	0	0	0	12	103	1
2092	2025-03-26 10:37:11.889829-04	2025-03-26 10:37:11.889829-04	\N	Chevrolet	33	27	77	188	-1	2	0	0	0	0	14	103	1
2093	2025-03-26 10:37:11.889829-04	2025-03-26 10:37:11.889829-04	\N	Chevrolet	20	28	48	188	-1	13	0	0	0	0	6	103	1
2094	2025-03-26 10:37:11.890828-04	2025-03-26 10:37:11.890828-04	\N	Chevrolet	37	29	78	187	-1	0	0	0	0	0	42	103	1
2095	2025-03-26 10:37:11.891829-04	2025-03-26 10:37:11.891829-04	\N	Ford	29	30	15	186	-1	0	0	0	0	0	76	103	1
2096	2025-03-26 10:37:11.891829-04	2025-03-26 10:37:11.891829-04	\N	Ford	21	31	21	175	-1	0	0	0	0	0	44	103	1
2097	2025-03-26 10:37:11.89283-04	2025-03-26 10:37:11.89283-04	\N	Ford	5	32	6	161	-1	5	0	0	0	0	26	103	1
2098	2025-03-26 10:37:11.893831-04	2025-03-26 10:37:11.893831-04	\N	Chevrolet	14	33	3	161	-1	1	0	0	0	0	23	103	1
2099	2025-03-26 10:37:11.893831-04	2025-03-26 10:37:11.893831-04	\N	Toyota	22	34	54	161	-1	0	0	0	0	0	16	103	1
2100	2025-03-26 10:37:11.894829-04	2025-03-26 10:37:11.894829-04	\N	Chevrolet	38	35	42	161	-1	0	0	0	0	0	30	103	1
2101	2025-03-26 10:37:11.894829-04	2025-03-26 10:37:11.894829-04	\N	Ford	27	36	51	83	-1	0	0	0	0	0	43	103	1
2102	2025-03-26 10:37:11.895831-04	2025-03-26 10:37:11.895831-04	\N	Chevrolet	32	37	1	59	-1	0	0	0	0	0	40	103	1
2103	2025-03-26 10:37:11.896831-04	2025-03-26 10:37:11.896831-04	\N	Ford	11	38	4	188	-1	11	0	0	0	0	57	103	1
2104	2025-03-26 10:39:33.556907-04	2025-03-26 10:39:33.556907-04	\N	Chevrolet	18	1	24	267	-1	6	0	0	0	0	1	102	1
2105	2025-03-26 10:39:33.558906-04	2025-03-26 10:39:33.558906-04	\N	Chevrolet	5	2	1	267	-1	1	0	0	0	0	40	102	1
2106	2025-03-26 10:39:33.559908-04	2025-03-26 10:39:33.559908-04	\N	Toyota	1	3	23	267	-1	111	0	0	0	0	29	102	1
2107	2025-03-26 10:39:33.560907-04	2025-03-26 10:39:33.560907-04	\N	Toyota	9	4	20	267	-1	0	0	0	0	0	31	102	1
2108	2025-03-26 10:39:33.561907-04	2025-03-26 10:39:33.561907-04	\N	Toyota	10	5	11	267	-1	0	0	0	0	0	24	102	1
2109	2025-03-26 10:39:33.561907-04	2025-03-26 10:39:33.561907-04	\N	Ford	22	6	4	267	-1	0	0	0	0	0	57	102	1
2110	2025-03-26 10:39:33.562907-04	2025-03-26 10:39:33.562907-04	\N	Ford	3	7	6	267	-1	0	0	0	0	0	26	102	1
2111	2025-03-26 10:39:33.563906-04	2025-03-26 10:39:33.563906-04	\N	Chevrolet	8	8	99	267	-1	0	0	0	0	0	13	102	1
2112	2025-03-26 10:39:33.564907-04	2025-03-26 10:39:33.564907-04	\N	Chevrolet	24	9	47	267	-1	0	0	0	0	0	18	102	1
2113	2025-03-26 10:39:33.564907-04	2025-03-26 10:39:33.564907-04	\N	Ford	31	10	14	267	-1	0	0	0	0	0	4	102	1
2114	2025-03-26 10:39:33.565907-04	2025-03-26 10:39:33.565907-04	\N	Chevrolet	29	11	9	267	-1	1	0	0	0	0	15	102	1
2115	2025-03-26 10:39:33.566907-04	2025-03-26 10:39:33.566907-04	\N	Chevrolet	14	12	48	267	-1	1	0	0	0	0	6	102	1
2116	2025-03-26 10:39:33.567907-04	2025-03-26 10:39:33.567907-04	\N	Chevrolet	28	13	31	267	-1	0	0	0	0	0	19	102	1
2117	2025-03-26 10:39:33.567907-04	2025-03-26 10:39:33.567907-04	\N	Ford	2	14	17	267	-1	2	0	0	0	0	10	102	1
2118	2025-03-26 10:39:33.568907-04	2025-03-26 10:39:33.568907-04	\N	Ford	17	15	34	267	-1	0	0	0	0	0	11	102	1
2119	2025-03-26 10:39:33.569908-04	2025-03-26 10:39:33.569908-04	\N	Chevrolet	19	16	42	267	-1	0	0	0	0	0	30	102	1
2120	2025-03-26 10:39:33.570907-04	2025-03-26 10:39:33.570907-04	\N	Toyota	16	17	19	267	-1	0	0	0	0	0	38	102	1
2121	2025-03-26 10:39:33.570907-04	2025-03-26 10:39:33.571907-04	\N	Ford	21	18	10	267	-1	0	0	0	0	0	56	102	1
2122	2025-03-26 10:39:33.571907-04	2025-03-26 10:39:33.571907-04	\N	Chevrolet	26	19	77	267	-1	3	0	0	0	0	14	102	1
2123	2025-03-26 10:39:33.572907-04	2025-03-26 10:39:33.572907-04	\N	Ford	30	20	21	267	-1	0	0	0	0	0	44	102	1
2124	2025-03-26 10:39:33.573912-04	2025-03-26 10:39:33.573912-04	\N	Ford	20	21	22	267	-1	0	0	0	0	0	35	102	1
2125	2025-03-26 10:39:33.573912-04	2025-03-26 10:39:33.573912-04	\N	Chevrolet	34	22	78	267	-1	0	0	0	0	0	42	102	1
2126	2025-03-26 10:39:33.574911-04	2025-03-26 10:39:33.574911-04	\N	Ford	25	23	41	267	-1	0	0	0	0	0	32	102	1
2127	2025-03-26 10:39:33.575911-04	2025-03-26 10:39:33.575911-04	\N	Ford	33	24	38	267	-1	0	0	0	0	0	36	102	1
2128	2025-03-26 10:39:33.575911-04	2025-03-26 10:39:33.575911-04	\N	Toyota	15	25	45	267	-1	36	0	0	0	0	2	102	1
2129	2025-03-26 10:39:33.576911-04	2025-03-26 10:39:33.576911-04	\N	Chevrolet	27	26	7	267	-1	0	0	0	0	0	22	102	1
2130	2025-03-26 10:39:33.577911-04	2025-03-26 10:39:33.577911-04	\N	Ford	32	27	2	267	-1	1	0	0	0	0	8	102	1
2131	2025-03-26 10:39:33.578914-04	2025-03-26 10:39:33.578914-04	\N	Ford	23	28	12	267	-1	0	0	0	0	0	7	102	1
2132	2025-03-26 10:39:33.578914-04	2025-03-26 10:39:33.578914-04	\N	Chevrolet	6	29	16	267	-1	1	0	0	0	0	41	102	1
2133	2025-03-26 10:39:33.57991-04	2025-03-26 10:39:33.57991-04	\N	Chevrolet	12	30	43	267	-1	3	0	0	0	0	12	102	1
2134	2025-03-26 10:39:33.581039-04	2025-03-26 10:39:33.581039-04	\N	Chevrolet	11	31	5	267	-1	99	0	0	0	0	20	102	1
2135	2025-03-26 10:39:33.581553-04	2025-03-26 10:39:33.581553-04	\N	Ford	35	32	15	267	-1	2	0	0	0	0	43	102	1
2136	2025-03-26 10:39:33.582584-04	2025-03-26 10:39:33.582584-04	\N	Toyota	4	33	54	267	-1	0	0	0	0	0	16	102	1
2137	2025-03-26 10:39:33.583096-04	2025-03-26 10:39:33.583096-04	\N	Chevrolet	7	34	8	267	-1	0	0	0	0	0	34	102	1
2138	2025-03-26 10:39:33.58374-04	2025-03-26 10:39:33.58374-04	\N	Ford	36	35	51	267	-1	0	0	0	0	0	27	102	1
2139	2025-03-26 10:39:33.584769-04	2025-03-26 10:39:33.584769-04	\N	Chevrolet	13	36	3	267	-1	0	0	0	0	0	23	102	1
2140	2025-03-26 10:41:28.623395-04	2025-03-26 10:41:28.623395-04	\N	Toyota	2	1	11	500	-1	142	0	0	0	0	24	101	1
2141	2025-03-26 10:41:28.625392-04	2025-03-26 10:41:28.625392-04	\N	Chevrolet	36	2	5	500	-1	20	0	0	0	0	20	101	1
2142	2025-03-26 10:41:28.626393-04	2025-03-26 10:41:28.626393-04	\N	Toyota	1	3	20	500	-1	187	0	0	0	0	31	101	1
2143	2025-03-26 10:41:28.626393-04	2025-03-26 10:41:28.626393-04	\N	Ford	20	4	17	500	-1	1	0	0	0	0	10	101	1
2144	2025-03-26 10:41:28.627394-04	2025-03-26 10:41:28.627394-04	\N	Toyota	8	5	54	500	-1	102	0	0	0	0	16	101	1
2145	2025-03-26 10:41:28.628393-04	2025-03-26 10:41:28.628393-04	\N	Ford	4	6	34	500	-1	0	0	0	0	0	11	101	1
2146	2025-03-26 10:41:28.628393-04	2025-03-26 10:41:28.628393-04	\N	Chevrolet	7	7	9	500	-1	0	0	0	0	0	15	101	1
2147	2025-03-26 10:41:28.629393-04	2025-03-26 10:41:28.629393-04	\N	Ford	6	8	6	500	-1	0	0	0	0	0	26	101	1
2148	2025-03-26 10:41:28.630394-04	2025-03-26 10:41:28.630394-04	\N	Chevrolet	3	9	24	500	-1	0	0	0	0	0	1	101	1
2149	2025-03-26 10:41:28.631394-04	2025-03-26 10:41:28.631394-04	\N	Chevrolet	25	10	47	500	-1	0	0	0	0	0	18	101	1
2150	2025-03-26 10:41:28.631394-04	2025-03-26 10:41:28.632394-04	\N	Chevrolet	16	11	42	499	-1	0	0	0	0	0	30	101	1
2151	2025-03-26 10:41:28.632394-04	2025-03-26 10:41:28.632394-04	\N	Ford	17	12	41	499	-1	0	0	0	0	0	32	101	1
2152	2025-03-26 10:41:28.633395-04	2025-03-26 10:41:28.633395-04	\N	Chevrolet	13	13	48	499	-1	0	0	0	0	0	6	101	1
2153	2025-03-26 10:41:28.634394-04	2025-03-26 10:41:28.634394-04	\N	Toyota	9	14	23	499	-1	0	0	0	0	0	29	101	1
2154	2025-03-26 10:41:28.635393-04	2025-03-26 10:41:28.635393-04	\N	Toyota	12	15	45	499	-1	0	0	0	0	0	2	101	1
2155	2025-03-26 10:41:28.635393-04	2025-03-26 10:41:28.635393-04	\N	Ford	30	16	38	499	-1	0	0	0	0	0	27	101	1
2156	2025-03-26 10:41:28.636393-04	2025-03-26 10:41:28.636393-04	\N	Chevrolet	18	17	3	499	-1	0	0	0	0	0	23	101	1
2157	2025-03-26 10:41:28.636393-04	2025-03-26 10:41:28.636393-04	\N	Ford	26	18	10	499	-1	0	0	0	0	0	56	101	1
2158	2025-03-26 10:41:28.637394-04	2025-03-26 10:41:28.637394-04	\N	Toyota	5	19	19	498	-1	0	0	0	0	0	38	101	1
2159	2025-03-26 10:41:28.638393-04	2025-03-26 10:41:28.638393-04	\N	Chevrolet	15	20	8	498	-1	0	0	0	0	0	34	101	1
2160	2025-03-26 10:41:28.638393-04	2025-03-26 10:41:28.638393-04	\N	Chevrolet	24	21	99	498	-1	0	0	0	0	0	13	101	1
2161	2025-03-26 10:41:28.639394-04	2025-03-26 10:41:28.639394-04	\N	Ford	11	22	12	498	-1	0	0	0	0	0	7	101	1
2162	2025-03-26 10:41:28.640393-04	2025-03-26 10:41:28.640393-04	\N	Chevrolet	23	23	1	498	-1	0	0	0	0	0	40	101	1
2163	2025-03-26 10:41:28.640393-04	2025-03-26 10:41:28.640393-04	\N	Chevrolet	31	24	43	497	-1	0	0	0	0	0	12	101	1
2164	2025-03-26 10:41:28.641393-04	2025-03-26 10:41:28.641393-04	\N	Chevrolet	10	25	7	497	-1	48	0	0	0	0	22	101	1
2165	2025-03-26 10:41:28.641393-04	2025-03-26 10:41:28.641393-04	\N	Ford	35	26	15	495	-1	0	0	0	0	0	43	101	1
2166	2025-03-26 10:41:28.642393-04	2025-03-26 10:41:28.642393-04	\N	Ford	14	27	14	495	-1	0	0	0	0	0	4	101	1
2167	2025-03-26 10:41:28.642393-04	2025-03-26 10:41:28.642393-04	\N	Ford	32	28	21	495	-1	0	0	0	0	0	44	101	1
2168	2025-03-26 10:41:28.643393-04	2025-03-26 10:41:28.643393-04	\N	Ford	21	29	4	495	-1	0	0	0	0	0	57	101	1
2169	2025-03-26 10:41:28.644397-04	2025-03-26 10:41:28.644397-04	\N	Chevrolet	22	30	16	491	-1	0	0	0	0	0	41	101	1
2170	2025-03-26 10:41:28.644397-04	2025-03-26 10:41:28.644397-04	\N	Chevrolet	34	31	78	490	-1	0	0	0	0	0	42	101	1
2171	2025-03-26 10:41:28.645397-04	2025-03-26 10:41:28.645397-04	\N	Ford	29	32	2	488	-1	0	0	0	0	0	8	101	1
2172	2025-03-26 10:41:28.646397-04	2025-03-26 10:41:28.646397-04	\N	Chevrolet	33	33	77	263	-1	0	0	0	0	0	14	101	1
2173	2025-03-26 10:41:28.647398-04	2025-03-26 10:41:28.647398-04	\N	Ford	28	34	22	262	-1	0	0	0	0	0	35	101	1
2174	2025-03-26 10:41:28.647398-04	2025-03-26 10:41:28.647398-04	\N	Chevrolet	19	35	31	261	-1	0	0	0	0	0	19	101	1
2175	2025-03-26 10:41:28.648397-04	2025-03-26 10:41:28.648397-04	\N	Ford	27	36	51	260	-1	0	0	0	0	0	59	101	1
2176	2025-03-26 10:43:53.315106-04	2025-03-26 10:43:53.315106-04	\N	Toyota	5	1	45	268	-1	2	0	0	0	0	2	100	1
2177	2025-03-26 10:43:53.318099-04	2025-03-26 10:43:53.318099-04	\N	Toyota	14	2	11	268	-1	63	0	0	0	0	24	100	1
2178	2025-03-26 10:43:53.319102-04	2025-03-26 10:43:53.319102-04	\N	Chevrolet	19	3	43	268	-1	0	0	0	0	0	12	100	1
2179	2025-03-26 10:43:53.320103-04	2025-03-26 10:43:53.320103-04	\N	Chevrolet	2	4	5	268	-1	99	0	0	0	0	20	100	1
2180	2025-03-26 10:43:53.322103-04	2025-03-26 10:43:53.322103-04	\N	Ford	11	5	22	268	-1	0	0	0	0	0	35	100	1
2181	2025-03-26 10:43:53.322103-04	2025-03-26 10:43:53.322103-04	\N	Chevrolet	4	6	9	268	-1	47	0	0	0	0	15	100	1
2182	2025-03-26 10:43:53.323101-04	2025-03-26 10:43:53.323101-04	\N	Chevrolet	35	7	8	268	-1	0	0	0	0	0	34	100	1
2183	2025-03-26 10:43:53.325107-04	2025-03-26 10:43:53.325107-04	\N	Toyota	1	8	20	268	-1	15	0	0	0	0	31	100	1
2184	2025-03-26 10:43:53.326104-04	2025-03-26 10:43:53.326104-04	\N	Ford	12	9	6	268	-1	23	0	0	0	0	26	100	1
2185	2025-03-26 10:43:53.32811-04	2025-03-26 10:43:53.32811-04	\N	Chevrolet	23	10	48	268	-1	0	0	0	0	0	6	100	1
2186	2025-03-26 10:43:53.329102-04	2025-03-26 10:43:53.329102-04	\N	Ford	20	11	4	268	-1	0	0	0	0	0	57	100	1
2187	2025-03-26 10:43:53.329102-04	2025-03-26 10:43:53.329102-04	\N	Ford	17	12	12	268	-1	0	0	0	0	0	7	100	1
2188	2025-03-26 10:43:53.330101-04	2025-03-26 10:43:53.330101-04	\N	Chevrolet	6	13	1	268	-1	0	0	0	0	0	40	100	1
2189	2025-03-26 10:43:53.331104-04	2025-03-26 10:43:53.331104-04	\N	Toyota	36	14	54	268	-1	0	0	0	0	0	16	100	1
2190	2025-03-26 10:43:53.332108-04	2025-03-26 10:43:53.332108-04	\N	Chevrolet	9	15	24	268	-1	0	0	0	0	0	1	100	1
2191	2025-03-26 10:43:53.3331-04	2025-03-26 10:43:53.3331-04	\N	Chevrolet	15	16	99	268	-1	12	0	0	0	0	13	100	1
2192	2025-03-26 10:43:53.334102-04	2025-03-26 10:43:53.334102-04	\N	Ford	25	17	10	268	-1	3	0	0	0	0	56	100	1
2193	2025-03-26 10:43:53.335102-04	2025-03-26 10:43:53.335102-04	\N	Ford	28	18	41	268	-1	0	0	0	0	0	32	100	1
2194	2025-03-26 10:43:53.336109-04	2025-03-26 10:43:53.336109-04	\N	Ford	26	19	14	268	-1	0	0	0	0	0	4	100	1
2195	2025-03-26 10:43:53.338105-04	2025-03-26 10:43:53.338105-04	\N	Chevrolet	21	20	42	268	-1	0	0	0	0	0	30	100	1
2196	2025-03-26 10:43:53.338105-04	2025-03-26 10:43:53.338105-04	\N	Chevrolet	30	21	31	268	-1	0	0	0	0	0	19	100	1
2197	2025-03-26 10:43:53.339106-04	2025-03-26 10:43:53.339106-04	\N	Chevrolet	24	22	7	268	-1	0	0	0	0	0	22	100	1
2198	2025-03-26 10:43:53.340108-04	2025-03-26 10:43:53.340108-04	\N	Chevrolet	16	23	47	268	-1	0	0	0	0	0	18	100	1
2199	2025-03-26 10:43:53.341106-04	2025-03-26 10:43:53.341106-04	\N	Ford	27	24	51	268	-1	0	0	0	0	0	21	100	1
2200	2025-03-26 10:43:53.342105-04	2025-03-26 10:43:53.342105-04	\N	Ford	32	25	38	267	-1	0	0	0	0	0	27	100	1
2201	2025-03-26 10:43:53.342105-04	2025-03-26 10:43:53.342105-04	\N	Ford	7	26	34	267	-1	0	0	0	0	0	11	100	1
2202	2025-03-26 10:43:53.343109-04	2025-03-26 10:43:53.343109-04	\N	Ford	13	27	17	267	-1	0	0	0	0	0	10	100	1
2203	2025-03-26 10:43:53.344106-04	2025-03-26 10:43:53.344106-04	\N	Chevrolet	33	28	77	267	-1	0	0	0	0	0	14	100	1
2204	2025-03-26 10:43:53.346105-04	2025-03-26 10:43:53.346105-04	\N	Chevrolet	34	29	78	266	-1	0	0	0	0	0	79	100	1
2205	2025-03-26 10:43:53.346105-04	2025-03-26 10:43:53.346105-04	\N	Chevrolet	22	30	16	266	-1	0	0	0	0	0	41	100	1
2206	2025-03-26 10:43:53.347108-04	2025-03-26 10:43:53.347108-04	\N	Ford	18	31	2	266	-1	0	0	0	0	0	8	100	1
2207	2025-03-26 10:43:53.348105-04	2025-03-26 10:43:53.348105-04	\N	Toyota	10	32	23	264	-1	3	0	0	0	0	29	100	1
2208	2025-03-26 10:43:53.349106-04	2025-03-26 10:43:53.349106-04	\N	Chevrolet	8	33	3	259	-1	0	0	0	0	0	23	100	1
2209	2025-03-26 10:43:53.349106-04	2025-03-26 10:43:53.349106-04	\N	Ford	31	34	15	212	-1	1	0	0	0	0	43	100	1
2210	2025-03-26 10:43:53.350609-04	2025-03-26 10:43:53.350609-04	\N	Ford	29	35	21	175	-1	0	0	0	0	0	44	100	1
2211	2025-03-26 10:43:53.350609-04	2025-03-26 10:43:53.350609-04	\N	Toyota	3	36	19	3	-1	0	0	0	0	0	38	100	1
2212	2025-03-26 10:45:28.011083-04	2025-03-26 10:45:28.011083-04	\N	Chevrolet	18	1	5	367	-1	55	0	0	0	0	20	99	1
2213	2025-03-26 10:45:28.01315-04	2025-03-26 10:45:28.01315-04	\N	Toyota	3	2	45	367	-1	90	0	0	0	0	2	99	1
2214	2025-03-26 10:45:28.014177-04	2025-03-26 10:45:28.014177-04	\N	Ford	8	3	17	367	-1	0	0	0	0	0	10	99	1
2215	2025-03-26 10:45:28.014689-04	2025-03-26 10:45:28.014689-04	\N	Chevrolet	23	4	24	367	-1	0	0	0	0	0	1	99	1
2216	2025-03-26 10:45:28.015711-04	2025-03-26 10:45:28.015711-04	\N	Chevrolet	27	5	1	367	-1	0	0	0	0	0	40	99	1
2217	2025-03-26 10:45:28.016236-04	2025-03-26 10:45:28.016236-04	\N	Ford	5	6	6	367	-1	0	0	0	0	0	26	99	1
2218	2025-03-26 10:45:28.017258-04	2025-03-26 10:45:28.017258-04	\N	Toyota	19	7	23	367	-1	0	0	0	0	0	29	99	1
2219	2025-03-26 10:45:28.017769-04	2025-03-26 10:45:28.017769-04	\N	Chevrolet	13	8	9	367	-1	0	0	0	0	0	15	99	1
2220	2025-03-26 10:45:28.018279-04	2025-03-26 10:45:28.018279-04	\N	Ford	4	9	12	367	-1	0	0	0	0	0	7	99	1
2221	2025-03-26 10:45:28.01879-04	2025-03-26 10:45:28.01879-04	\N	Chevrolet	20	10	43	367	-1	0	0	0	0	0	12	99	1
2222	2025-03-26 10:45:28.01981-04	2025-03-26 10:45:28.01981-04	\N	Chevrolet	11	11	8	367	-1	0	0	0	0	0	34	99	1
2223	2025-03-26 10:45:28.02032-04	2025-03-26 10:45:28.02032-04	\N	Ford	6	12	22	367	-1	0	0	0	0	0	35	99	1
2224	2025-03-26 10:45:28.020831-04	2025-03-26 10:45:28.020831-04	\N	Chevrolet	16	13	16	367	-1	0	0	0	0	0	41	99	1
2225	2025-03-26 10:45:28.021853-04	2025-03-26 10:45:28.021853-04	\N	Ford	10	14	10	367	-1	0	0	0	0	0	56	99	1
2226	2025-03-26 10:45:28.022364-04	2025-03-26 10:45:28.022364-04	\N	Ford	12	15	14	367	-1	0	0	0	0	0	4	99	1
2227	2025-03-26 10:45:28.022876-04	2025-03-26 10:45:28.022876-04	\N	Chevrolet	25	16	47	367	-1	0	0	0	0	0	18	99	1
2228	2025-03-26 10:45:28.023386-04	2025-03-26 10:45:28.023386-04	\N	Chevrolet	15	17	42	367	-1	0	0	0	0	0	30	99	1
2229	2025-03-26 10:45:28.024407-04	2025-03-26 10:45:28.024407-04	\N	Toyota	31	18	19	367	-1	0	0	0	0	0	38	99	1
2230	2025-03-26 10:45:28.024918-04	2025-03-26 10:45:28.024918-04	\N	Ford	7	19	4	367	-1	1	0	0	0	0	57	99	1
2231	2025-03-26 10:45:28.025429-04	2025-03-26 10:45:28.025429-04	\N	Chevrolet	28	20	3	367	-1	0	0	0	0	0	23	99	1
2232	2025-03-26 10:45:28.026568-04	2025-03-26 10:45:28.026568-04	\N	Toyota	17	21	54	367	-1	0	0	0	0	0	16	99	1
2233	2025-03-26 10:45:28.027088-04	2025-03-26 10:45:28.027088-04	\N	Chevrolet	22	22	7	367	-1	3	0	0	0	0	22	99	1
2234	2025-03-26 10:45:28.028112-04	2025-03-26 10:45:28.028112-04	\N	Toyota	1	23	20	366	-1	40	0	0	0	0	31	99	1
2235	2025-03-26 10:45:28.028625-04	2025-03-26 10:45:28.028625-04	\N	Chevrolet	29	24	31	366	-1	0	0	0	0	0	19	99	1
2236	2025-03-26 10:45:28.029661-04	2025-03-26 10:45:28.029661-04	\N	Toyota	2	25	11	366	-1	177	0	0	0	0	24	99	1
2237	2025-03-26 10:45:28.030176-04	2025-03-26 10:45:28.030176-04	\N	Ford	30	26	38	366	-1	0	0	0	0	0	27	99	1
2238	2025-03-26 10:45:28.031205-04	2025-03-26 10:45:28.031205-04	\N	Ford	35	27	51	365	-1	0	0	0	0	0	59	99	1
2239	2025-03-26 10:45:28.031718-04	2025-03-26 10:45:28.031718-04	\N	Ford	34	28	41	364	-1	0	0	0	0	0	32	99	1
2240	2025-03-26 10:45:28.032231-04	2025-03-26 10:45:28.032231-04	\N	Chevrolet	26	29	77	364	-1	0	0	0	0	0	14	99	1
2241	2025-03-26 10:45:28.032741-04	2025-03-26 10:45:28.032741-04	\N	Ford	33	30	15	362	-1	1	0	0	0	0	43	99	1
2242	2025-03-26 10:45:28.033765-04	2025-03-26 10:45:28.033765-04	\N	Ford	14	31	2	361	-1	0	0	0	0	0	8	99	1
2243	2025-03-26 10:45:28.034275-04	2025-03-26 10:45:28.034275-04	\N	Ford	9	32	34	329	-1	0	0	0	0	0	11	99	1
2244	2025-03-26 10:45:28.035298-04	2025-03-26 10:45:28.035298-04	\N	Chevrolet	24	33	48	322	-1	0	0	0	0	0	6	99	1
2245	2025-03-26 10:45:28.03581-04	2025-03-26 10:45:28.03581-04	\N	Chevrolet	21	34	99	320	-1	0	0	0	0	0	13	99	1
2246	2025-03-26 10:45:28.036323-04	2025-03-26 10:45:28.036323-04	\N	Ford	32	35	21	318	-1	0	0	0	0	0	44	99	1
2247	2025-03-26 10:45:28.037345-04	2025-03-26 10:45:28.037345-04	\N	Chevrolet	36	36	78	210	-1	0	0	0	0	0	42	99	1
2248	2025-03-26 10:47:52.999878-04	2025-03-26 10:47:52.999878-04	\N	Ford	26	1	17	400	-1	88	0	0	0	0	10	94	1
2249	2025-03-26 10:47:53.001877-04	2025-03-26 10:47:53.001877-04	\N	Toyota	3	2	11	400	-1	20	0	0	0	0	24	94	1
2250	2025-03-26 10:47:53.002878-04	2025-03-26 10:47:53.002878-04	\N	Chevrolet	2	3	8	400	-1	0	0	0	0	0	34	94	1
2251	2025-03-26 10:47:53.002878-04	2025-03-26 10:47:53.002878-04	\N	Ford	23	4	22	400	-1	0	0	0	0	0	35	94	1
2252	2025-03-26 10:47:53.00388-04	2025-03-26 10:47:53.00388-04	\N	Ford	11	5	41	400	-1	0	0	0	0	0	32	94	1
2253	2025-03-26 10:47:53.004878-04	2025-03-26 10:47:53.004878-04	\N	Ford	13	6	6	400	-1	102	0	0	0	0	26	94	1
2254	2025-03-26 10:47:53.005878-04	2025-03-26 10:47:53.005878-04	\N	Toyota	10	7	19	400	-1	18	0	0	0	0	38	94	1
2255	2025-03-26 10:47:53.006877-04	2025-03-26 10:47:53.006877-04	\N	Ford	24	8	10	400	-1	0	0	0	0	0	56	94	1
2256	2025-03-26 10:47:53.007877-04	2025-03-26 10:47:53.007877-04	\N	Chevrolet	17	9	3	400	-1	0	0	0	0	0	23	94	1
2257	2025-03-26 10:47:53.007877-04	2025-03-26 10:47:53.007877-04	\N	Ford	8	10	4	400	-1	0	0	0	0	0	57	94	1
2258	2025-03-26 10:47:53.008877-04	2025-03-26 10:47:53.008877-04	\N	Ford	20	11	14	400	-1	0	0	0	0	0	4	94	1
2259	2025-03-26 10:47:53.009878-04	2025-03-26 10:47:53.009878-04	\N	Toyota	5	12	23	400	-1	80	0	0	0	0	29	94	1
2260	2025-03-26 10:47:53.009878-04	2025-03-26 10:47:53.009878-04	\N	Chevrolet	4	13	9	400	-1	0	0	0	0	0	15	94	1
2261	2025-03-26 10:47:53.010877-04	2025-03-26 10:47:53.010877-04	\N	Ford	25	14	12	400	-1	2	0	0	0	0	7	94	1
2262	2025-03-26 10:47:53.011878-04	2025-03-26 10:47:53.011878-04	\N	Toyota	7	15	54	400	-1	0	0	0	0	0	16	94	1
2263	2025-03-26 10:47:53.011878-04	2025-03-26 10:47:53.011878-04	\N	Toyota	1	16	45	400	-1	81	0	0	0	0	2	94	1
2264	2025-03-26 10:47:53.012878-04	2025-03-26 10:47:53.012878-04	\N	Chevrolet	9	17	47	400	-1	0	0	0	0	0	18	94	1
2265	2025-03-26 10:47:53.013878-04	2025-03-26 10:47:53.013878-04	\N	Chevrolet	15	18	48	400	-1	0	0	0	0	0	6	94	1
2266	2025-03-26 10:47:53.013878-04	2025-03-26 10:47:53.013878-04	\N	Chevrolet	14	19	5	400	-1	0	0	0	0	0	20	94	1
2267	2025-03-26 10:47:53.014877-04	2025-03-26 10:47:53.014877-04	\N	Toyota	29	20	20	399	-1	0	0	0	0	0	31	94	1
2268	2025-03-26 10:47:53.015878-04	2025-03-26 10:47:53.015878-04	\N	Chevrolet	6	21	24	399	-1	0	0	0	0	0	1	94	1
2269	2025-03-26 10:47:53.015878-04	2025-03-26 10:47:53.015878-04	\N	Ford	18	22	34	399	-1	9	0	0	0	0	11	94	1
2270	2025-03-26 10:47:53.016878-04	2025-03-26 10:47:53.016878-04	\N	Chevrolet	27	23	43	399	-1	0	0	0	0	0	12	94	1
2271	2025-03-26 10:47:53.016878-04	2025-03-26 10:47:53.016878-04	\N	Chevrolet	19	24	1	399	-1	0	0	0	0	0	40	94	1
2272	2025-03-26 10:47:53.017877-04	2025-03-26 10:47:53.017877-04	\N	Ford	16	25	38	399	-1	0	0	0	0	0	27	94	1
2273	2025-03-26 10:47:53.018877-04	2025-03-26 10:47:53.018877-04	\N	Ford	30	26	2	399	-1	0	0	0	0	0	8	94	1
2274	2025-03-26 10:47:53.019878-04	2025-03-26 10:47:53.019878-04	\N	Chevrolet	36	27	16	399	-1	0	0	0	0	0	41	94	1
2275	2025-03-26 10:47:53.019878-04	2025-03-26 10:47:53.019878-04	\N	Chevrolet	12	28	42	398	-1	0	0	0	0	0	28	94	1
2276	2025-03-26 10:47:53.020877-04	2025-03-26 10:47:53.020877-04	\N	Ford	32	29	51	398	-1	0	0	0	0	0	59	94	1
2277	2025-03-26 10:47:53.021877-04	2025-03-26 10:47:53.021877-04	\N	Chevrolet	28	30	31	398	-1	0	0	0	0	0	19	94	1
2278	2025-03-26 10:47:53.021877-04	2025-03-26 10:47:53.021877-04	\N	Ford	22	31	21	397	-1	0	0	0	0	0	44	94	1
2279	2025-03-26 10:47:53.022878-04	2025-03-26 10:47:53.022878-04	\N	Chevrolet	31	32	7	397	-1	0	0	0	0	0	22	94	1
2280	2025-03-26 10:47:53.023891-04	2025-03-26 10:47:53.023891-04	\N	Chevrolet	33	33	99	396	-1	0	0	0	0	0	13	94	1
2281	2025-03-26 10:47:53.024878-04	2025-03-26 10:47:53.024878-04	\N	Chevrolet	34	34	77	396	-1	0	0	0	0	0	14	94	1
2282	2025-03-26 10:47:53.024878-04	2025-03-26 10:47:53.024878-04	\N	Ford	35	35	15	396	-1	0	0	0	0	0	43	94	1
2283	2025-03-26 10:47:53.025878-04	2025-03-26 10:47:53.025878-04	\N	Chevrolet	21	36	78	395	-1	0	0	0	0	0	42	94	1
2284	2025-03-26 10:49:37.611806-04	2025-03-26 10:49:37.611806-04	\N	Ford	11	1	17	163	-1	2	0	0	0	0	10	98	1
2285	2025-03-26 10:49:37.614807-04	2025-03-26 10:49:37.614807-04	\N	Ford	12	2	6	163	-1	6	0	0	0	0	26	98	1
2286	2025-03-26 10:49:37.614807-04	2025-03-26 10:49:37.614807-04	\N	Ford	2	3	10	163	-1	3	0	0	0	0	56	98	1
2287	2025-03-26 10:49:37.615808-04	2025-03-26 10:49:37.615808-04	\N	Chevrolet	23	4	9	163	-1	2	0	0	0	0	15	98	1
2288	2025-03-26 10:49:37.616807-04	2025-03-26 10:49:37.616807-04	\N	Ford	14	5	22	163	-1	9	0	0	0	0	35	98	1
2289	2025-03-26 10:49:37.617808-04	2025-03-26 10:49:37.617808-04	\N	Chevrolet	31	6	48	163	-1	0	0	0	0	0	6	98	1
2290	2025-03-26 10:49:37.617808-04	2025-03-26 10:49:37.617808-04	\N	Chevrolet	18	7	8	163	-1	5	0	0	0	0	34	98	1
2291	2025-03-26 10:49:37.618808-04	2025-03-26 10:49:37.618808-04	\N	Chevrolet	27	8	24	163	-1	1	0	0	0	0	1	98	1
2292	2025-03-26 10:49:37.619807-04	2025-03-26 10:49:37.619807-04	\N	Ford	10	9	4	163	-1	14	0	0	0	0	57	98	1
2293	2025-03-26 10:49:37.619807-04	2025-03-26 10:49:37.619807-04	\N	Chevrolet	37	10	7	163	-1	0	0	0	0	0	22	98	1
2294	2025-03-26 10:49:37.620807-04	2025-03-26 10:49:37.620807-04	\N	Chevrolet	30	11	77	163	-1	0	0	0	0	0	14	98	1
2295	2025-03-26 10:49:37.621807-04	2025-03-26 10:49:37.621807-04	\N	Toyota	4	12	23	163	-1	0	0	0	0	0	29	98	1
2296	2025-03-26 10:49:37.621807-04	2025-03-26 10:49:37.621807-04	\N	Ford	39	13	34	163	-1	0	0	0	0	0	11	98	1
2297	2025-03-26 10:49:37.622807-04	2025-03-26 10:49:37.622807-04	\N	Chevrolet	26	14	62	163	-1	0	0	0	0	0	70	98	1
2298	2025-03-26 10:49:37.623807-04	2025-03-26 10:49:37.623807-04	\N	Chevrolet	36	15	13	163	-1	0	0	0	0	0	61	98	1
2299	2025-03-26 10:49:37.624807-04	2025-03-26 10:49:37.624807-04	\N	Toyota	15	16	20	163	-1	0	0	0	0	0	31	98	1
2300	2025-03-26 10:49:37.624807-04	2025-03-26 10:49:37.624807-04	\N	Chevrolet	25	17	1	163	-1	19	0	0	0	0	40	98	1
2301	2025-03-26 10:49:37.625807-04	2025-03-26 10:49:37.625807-04	\N	Chevrolet	24	18	43	163	-1	0	0	0	0	0	12	98	1
2302	2025-03-26 10:49:37.626808-04	2025-03-26 10:49:37.626808-04	\N	Ford	33	19	51	163	-1	0	0	0	0	0	43	98	1
2303	2025-03-26 10:49:37.627806-04	2025-03-26 10:49:37.627806-04	\N	Chevrolet	22	20	99	163	-1	1	0	0	0	0	13	98	1
2304	2025-03-26 10:49:37.628807-04	2025-03-26 10:49:37.628807-04	\N	Chevrolet	28	21	31	163	-1	0	0	0	0	0	19	98	1
2305	2025-03-26 10:49:37.628807-04	2025-03-26 10:49:37.628807-04	\N	Chevrolet	29	22	42	163	-1	0	0	0	0	0	37	98	1
2306	2025-03-26 10:49:37.629808-04	2025-03-26 10:49:37.629808-04	\N	Chevrolet	38	23	78	163	-1	0	0	0	0	0	42	98	1
2307	2025-03-26 10:49:37.630807-04	2025-03-26 10:49:37.630807-04	\N	Toyota	13	24	19	163	-1	4	0	0	0	0	38	98	1
2308	2025-03-26 10:49:37.630807-04	2025-03-26 10:49:37.630807-04	\N	Toyota	20	25	45	163	-1	0	0	0	0	0	2	98	1
2309	2025-03-26 10:49:37.631807-04	2025-03-26 10:49:37.631807-04	\N	Toyota	19	26	11	162	-1	12	0	0	0	0	24	98	1
2310	2025-03-26 10:49:37.632807-04	2025-03-26 10:49:37.632807-04	\N	Chevrolet	7	27	5	161	-1	0	0	0	0	0	20	98	1
2311	2025-03-26 10:49:37.632807-04	2025-03-26 10:49:37.632807-04	\N	Ford	3	28	21	160	-1	5	0	0	0	0	44	98	1
2312	2025-03-26 10:49:37.633807-04	2025-03-26 10:49:37.633807-04	\N	Chevrolet	17	29	16	160	-1	8	0	0	0	0	41	98	1
2313	2025-03-26 10:49:37.634807-04	2025-03-26 10:49:37.634807-04	\N	Ford	1	30	14	156	-1	67	0	0	0	0	4	98	1
2314	2025-03-26 10:49:37.635807-04	2025-03-26 10:49:37.635807-04	\N	Ford	9	31	41	155	-1	0	0	0	0	0	32	98	1
2315	2025-03-26 10:49:37.636808-04	2025-03-26 10:49:37.636808-04	\N	Ford	35	32	38	131	-1	0	0	0	0	0	27	98	1
2316	2025-03-26 10:49:37.637807-04	2025-03-26 10:49:37.637807-04	\N	Chevrolet	21	33	3	102	-1	0	0	0	0	0	23	98	1
2317	2025-03-26 10:49:37.637807-04	2025-03-26 10:49:37.637807-04	\N	Chevrolet	32	34	47	96	-1	1	0	0	0	0	18	98	1
2318	2025-03-26 10:49:37.638808-04	2025-03-26 10:49:37.638808-04	\N	Toyota	5	35	54	94	-1	0	0	0	0	0	16	98	1
2319	2025-03-26 10:49:37.639807-04	2025-03-26 10:49:37.639807-04	\N	Ford	8	36	12	94	-1	4	0	0	0	0	7	98	1
2320	2025-03-26 10:49:37.639807-04	2025-03-26 10:49:37.639807-04	\N	Ford	16	37	2	94	-1	0	0	0	0	0	8	98	1
2321	2025-03-26 10:49:37.640807-04	2025-03-26 10:49:37.640807-04	\N	Ford	6	38	36	94	-1	0	0	0	0	0	17	98	1
2322	2025-03-26 10:49:37.641807-04	2025-03-26 10:49:37.641807-04	\N	Ford	34	39	15	93	-1	0	0	0	0	0	76	98	1
2323	2025-03-26 10:51:45.650725-04	2025-03-26 10:51:45.650725-04	\N	Toyota	8	1	11	160	-1	9	0	0	0	0	24	93	1
2324	2025-03-26 10:51:45.651724-04	2025-03-26 10:51:45.652726-04	\N	Toyota	7	2	45	160	-1	15	0	0	0	0	2	93	1
2325	2025-03-26 10:51:45.653724-04	2025-03-26 10:51:45.653724-04	\N	Toyota	2	3	19	160	-1	20	0	0	0	0	38	93	1
2326	2025-03-26 10:51:45.653724-04	2025-03-26 10:51:45.653724-04	\N	Ford	4	4	4	160	-1	0	0	0	0	0	57	93	1
2327	2025-03-26 10:51:45.654723-04	2025-03-26 10:51:45.654723-04	\N	Toyota	11	5	54	160	-1	4	0	0	0	0	16	93	1
2328	2025-03-26 10:51:45.655723-04	2025-03-26 10:51:45.655723-04	\N	Toyota	5	6	20	160	-1	0	0	0	0	0	31	93	1
2329	2025-03-26 10:51:45.655723-04	2025-03-26 10:51:45.655723-04	\N	Chevrolet	22	7	47	160	-1	0	0	0	0	0	18	93	1
2330	2025-03-26 10:51:45.656723-04	2025-03-26 10:51:45.656723-04	\N	Ford	26	8	21	160	-1	0	0	0	0	0	44	93	1
2331	2025-03-26 10:51:45.657725-04	2025-03-26 10:51:45.657725-04	\N	Chevrolet	24	9	43	160	-1	0	0	0	0	0	12	93	1
2332	2025-03-26 10:51:45.657725-04	2025-03-26 10:51:45.657725-04	\N	Chevrolet	35	10	9	160	-1	0	0	0	0	0	15	93	1
2333	2025-03-26 10:51:45.658724-04	2025-03-26 10:51:45.658724-04	\N	Toyota	10	11	23	160	-1	0	0	0	0	0	29	93	1
2334	2025-03-26 10:51:45.659724-04	2025-03-26 10:51:45.659724-04	\N	Ford	27	12	10	160	-1	0	0	0	0	0	56	93	1
2335	2025-03-26 10:51:45.659724-04	2025-03-26 10:51:45.659724-04	\N	Chevrolet	21	13	1	160	-1	0	0	0	0	0	40	93	1
2336	2025-03-26 10:51:45.660725-04	2025-03-26 10:51:45.660725-04	\N	Chevrolet	1	14	24	160	-1	60	0	0	0	0	1	93	1
2337	2025-03-26 10:51:45.661723-04	2025-03-26 10:51:45.661723-04	\N	Ford	36	15	38	160	-1	0	0	0	0	0	27	93	1
2338	2025-03-26 10:51:45.661723-04	2025-03-26 10:51:45.661723-04	\N	Ford	13	16	6	160	-1	0	0	0	0	0	26	93	1
2339	2025-03-26 10:51:45.662723-04	2025-03-26 10:51:45.662723-04	\N	Chevrolet	16	17	16	160	-1	0	0	0	0	0	41	93	1
2340	2025-03-26 10:51:45.663722-04	2025-03-26 10:51:45.663722-04	\N	Ford	18	18	17	160	-1	0	0	0	0	0	10	93	1
2341	2025-03-26 10:51:45.664724-04	2025-03-26 10:51:45.664724-04	\N	Ford	15	19	34	160	-1	0	0	0	0	0	11	93	1
2342	2025-03-26 10:51:45.665727-04	2025-03-26 10:51:45.665727-04	\N	Chevrolet	3	20	5	160	-1	24	0	0	0	0	20	93	1
2343	2025-03-26 10:51:45.666725-04	2025-03-26 10:51:45.666725-04	\N	Chevrolet	25	21	8	160	-1	0	0	0	0	0	34	93	1
2344	2025-03-26 10:51:45.666725-04	2025-03-26 10:51:45.666725-04	\N	Chevrolet	32	22	42	160	-1	0	0	0	0	0	28	93	1
2345	2025-03-26 10:51:45.667723-04	2025-03-26 10:51:45.667723-04	\N	Ford	9	23	2	160	-1	0	0	0	0	0	8	93	1
2346	2025-03-26 10:51:45.668724-04	2025-03-26 10:51:45.668724-04	\N	Chevrolet	20	24	48	160	-1	0	0	0	0	0	6	93	1
2347	2025-03-26 10:51:45.668724-04	2025-03-26 10:51:45.668724-04	\N	Ford	31	25	51	160	-1	0	0	0	0	0	21	93	1
2348	2025-03-26 10:51:45.669723-04	2025-03-26 10:51:45.669723-04	\N	Ford	28	26	15	160	-1	0	0	0	0	0	43	93	1
2349	2025-03-26 10:51:45.670724-04	2025-03-26 10:51:45.670724-04	\N	Chevrolet	12	27	7	160	-1	5	0	0	0	0	22	93	1
2350	2025-03-26 10:51:45.670724-04	2025-03-26 10:51:45.670724-04	\N	Chevrolet	33	28	77	160	-1	0	0	0	0	0	14	93	1
2351	2025-03-26 10:51:45.671724-04	2025-03-26 10:51:45.671724-04	\N	Ford	29	29	14	160	-1	0	0	0	0	0	4	93	1
2352	2025-03-26 10:51:45.672726-04	2025-03-26 10:51:45.672726-04	\N	Ford	14	30	12	160	-1	2	0	0	0	0	7	93	1
2353	2025-03-26 10:51:45.673723-04	2025-03-26 10:51:45.673723-04	\N	Ford	34	31	41	159	-1	0	0	0	0	0	32	93	1
2354	2025-03-26 10:51:45.674725-04	2025-03-26 10:51:45.674725-04	\N	Chevrolet	30	32	78	159	-1	0	0	0	0	0	42	93	1
2355	2025-03-26 10:51:45.674725-04	2025-03-26 10:51:45.674725-04	\N	Chevrolet	19	33	31	153	-1	0	0	0	0	0	19	93	1
2356	2025-03-26 10:51:45.675726-04	2025-03-26 10:51:45.675726-04	\N	Chevrolet	23	34	3	105	-1	0	0	0	0	0	23	93	1
2357	2025-03-26 10:51:45.676723-04	2025-03-26 10:51:45.676723-04	\N	Ford	6	35	22	48	-1	21	0	0	0	0	35	93	1
2358	2025-03-26 10:51:45.677723-04	2025-03-26 10:51:45.677723-04	\N	Chevrolet	17	36	99	37	-1	0	0	0	0	0	13	93	1
2359	2025-03-26 13:27:30.741244-04	2025-03-26 13:27:30.741244-04	\N	Chevrolet	2	1	24	90	-1	66	0	0	0	0	1	97	1
2360	2025-03-26 13:27:30.743241-04	2025-03-26 13:27:30.743241-04	\N	Toyota	1	2	11	90	-1	3	0	0	0	0	24	97	1
2361	2025-03-26 13:27:30.744243-04	2025-03-26 13:27:30.744243-04	\N	Toyota	7	3	20	90	-1	0	0	0	0	0	31	97	1
2362	2025-03-26 13:27:30.745243-04	2025-03-26 13:27:30.745243-04	\N	Chevrolet	6	4	16	90	-1	2	0	0	0	0	41	97	1
2363	2025-03-26 13:27:30.746242-04	2025-03-26 13:27:30.746242-04	\N	Toyota	4	5	54	90	-1	0	0	0	0	0	16	97	1
2364	2025-03-26 13:27:30.747242-04	2025-03-26 13:27:30.747242-04	\N	Toyota	19	6	19	90	-1	0	0	0	0	0	38	97	1
2365	2025-03-26 13:27:30.748243-04	2025-03-26 13:27:30.748243-04	\N	Ford	13	7	17	90	-1	0	0	0	0	0	10	97	1
2366	2025-03-26 13:27:30.749243-04	2025-03-26 13:27:30.749243-04	\N	Toyota	8	8	45	90	-1	0	0	0	0	0	2	97	1
2367	2025-03-26 13:27:30.750242-04	2025-03-26 13:27:30.750242-04	\N	Ford	23	9	12	90	-1	0	0	0	0	0	7	97	1
2368	2025-03-26 13:27:30.750242-04	2025-03-26 13:27:30.750242-04	\N	Ford	11	10	22	90	-1	0	0	0	0	0	35	97	1
2369	2025-03-26 13:27:30.751242-04	2025-03-26 13:27:30.751242-04	\N	Ford	25	11	38	90	-1	0	0	0	0	0	27	97	1
2370	2025-03-26 13:27:30.752243-04	2025-03-26 13:27:30.752243-04	\N	Toyota	12	12	23	90	-1	0	0	0	0	0	29	97	1
2371	2025-03-26 13:27:30.752243-04	2025-03-26 13:27:30.752243-04	\N	Chevrolet	28	13	47	90	-1	0	0	0	0	0	18	97	1
2372	2025-03-26 13:27:30.753242-04	2025-03-26 13:27:30.753242-04	\N	Chevrolet	9	14	8	90	-1	2	0	0	0	0	34	97	1
2373	2025-03-26 13:27:30.753242-04	2025-03-26 13:27:30.753242-04	\N	Ford	24	15	6	90	-1	0	0	0	0	0	26	97	1
2374	2025-03-26 13:27:30.754243-04	2025-03-26 13:27:30.754243-04	\N	Ford	17	16	2	90	-1	0	0	0	0	0	8	97	1
2375	2025-03-26 13:27:30.755242-04	2025-03-26 13:27:30.755242-04	\N	Ford	30	17	41	90	-1	0	0	0	0	0	32	97	1
2376	2025-03-26 13:27:30.755242-04	2025-03-26 13:27:30.755242-04	\N	Chevrolet	22	18	1	90	-1	0	0	0	0	0	40	97	1
2377	2025-03-26 13:27:30.756242-04	2025-03-26 13:27:30.756242-04	\N	Chevrolet	21	19	42	90	-1	0	0	0	0	0	77	97	1
2378	2025-03-26 13:27:30.757243-04	2025-03-26 13:27:30.757243-04	\N	Chevrolet	10	20	7	90	-1	0	0	0	0	0	22	97	1
2379	2025-03-26 13:27:30.758242-04	2025-03-26 13:27:30.758242-04	\N	Ford	33	21	4	90	-1	0	0	0	0	0	57	97	1
2380	2025-03-26 13:27:30.758242-04	2025-03-26 13:27:30.758242-04	\N	Chevrolet	14	22	99	90	-1	0	0	0	0	0	13	97	1
2381	2025-03-26 13:27:30.759242-04	2025-03-26 13:27:30.759242-04	\N	Chevrolet	18	23	48	90	-1	0	0	0	0	0	6	97	1
2382	2025-03-26 13:27:30.759242-04	2025-03-26 13:27:30.759242-04	\N	Chevrolet	20	24	31	90	-1	0	0	0	0	0	19	97	1
2383	2025-03-26 13:27:30.760243-04	2025-03-26 13:27:30.760243-04	\N	Ford	29	25	15	90	-1	0	0	0	0	0	78	97	1
2384	2025-03-26 13:27:30.761243-04	2025-03-26 13:27:30.761243-04	\N	Chevrolet	5	26	5	90	-1	0	0	0	0	0	20	97	1
2385	2025-03-26 13:27:30.761243-04	2025-03-26 13:27:30.761243-04	\N	Chevrolet	35	27	78	90	-1	0	0	0	0	0	55	97	1
2386	2025-03-26 13:27:30.762242-04	2025-03-26 13:27:30.762242-04	\N	Ford	34	28	51	90	-1	0	0	0	0	0	21	97	1
2387	2025-03-26 13:27:30.763243-04	2025-03-26 13:27:30.763243-04	\N	Chevrolet	31	29	43	90	-1	0	0	0	0	0	12	97	1
2388	2025-03-26 13:27:30.763243-04	2025-03-26 13:27:30.763243-04	\N	Ford	27	30	10	90	-1	0	0	0	0	0	56	97	1
2389	2025-03-26 13:27:30.764243-04	2025-03-26 13:27:30.764243-04	\N	Chevrolet	16	31	3	90	-1	0	0	0	0	0	23	97	1
2390	2025-03-26 13:27:30.765242-04	2025-03-26 13:27:30.765242-04	\N	Chevrolet	15	32	9	89	-1	0	0	0	0	0	15	97	1
2391	2025-03-26 13:27:30.766247-04	2025-03-26 13:27:30.766247-04	\N	Ford	32	33	21	89	-1	0	0	0	0	0	44	97	1
2392	2025-03-26 13:27:30.766247-04	2025-03-26 13:27:30.766247-04	\N	Chevrolet	36	34	77	89	-1	0	0	0	0	0	14	97	1
2393	2025-03-26 13:27:30.767247-04	2025-03-26 13:27:30.767247-04	\N	Ford	26	35	14	83	-1	0	0	0	0	0	4	97	1
2394	2025-03-26 13:27:30.768247-04	2025-03-26 13:27:30.768247-04	\N	Ford	3	36	34	74	-1	17	0	0	0	0	11	97	1
2395	2025-03-26 13:29:59.69107-04	2025-03-26 13:29:59.69107-04	\N	Toyota	2	1	19	301	-1	254	0	0	0	0	38	92	1
2396	2025-03-26 13:29:59.693073-04	2025-03-26 13:29:59.693073-04	\N	Ford	4	2	22	301	-1	2	0	0	0	0	35	92	1
2397	2025-03-26 13:29:59.694071-04	2025-03-26 13:29:59.694071-04	\N	Chevrolet	15	3	5	301	-1	6	0	0	0	0	20	92	1
2398	2025-03-26 13:29:59.69507-04	2025-03-26 13:29:59.69507-04	\N	Ford	13	4	4	301	-1	10	0	0	0	0	57	92	1
2399	2025-03-26 13:29:59.69607-04	2025-03-26 13:29:59.69607-04	\N	Ford	9	5	6	301	-1	0	0	0	0	0	26	92	1
2400	2025-03-26 13:29:59.69607-04	2025-03-26 13:29:59.69607-04	\N	Toyota	6	6	45	301	-1	0	0	0	0	0	2	92	1
2401	2025-03-26 13:29:59.69707-04	2025-03-26 13:29:59.69707-04	\N	Toyota	20	7	11	301	-1	0	0	0	0	0	24	92	1
2402	2025-03-26 13:29:59.69807-04	2025-03-26 13:29:59.69807-04	\N	Toyota	8	8	23	301	-1	0	0	0	0	0	29	92	1
2403	2025-03-26 13:29:59.699072-04	2025-03-26 13:29:59.699072-04	\N	Chevrolet	11	9	3	301	-1	12	0	0	0	0	23	92	1
2404	2025-03-26 13:29:59.699072-04	2025-03-26 13:29:59.699072-04	\N	Ford	27	10	14	301	-1	0	0	0	0	0	4	92	1
2405	2025-03-26 13:29:59.700072-04	2025-03-26 13:29:59.700072-04	\N	Chevrolet	30	11	43	301	-1	0	0	0	0	0	12	92	1
2406	2025-03-26 13:29:59.701072-04	2025-03-26 13:29:59.701072-04	\N	Chevrolet	18	12	9	301	-1	0	0	0	0	0	15	92	1
2407	2025-03-26 13:29:59.702071-04	2025-03-26 13:29:59.702071-04	\N	Ford	17	13	34	301	-1	0	0	0	0	0	11	92	1
2408	2025-03-26 13:29:59.702071-04	2025-03-26 13:29:59.703069-04	\N	Chevrolet	25	14	48	301	-1	0	0	0	0	0	6	92	1
2409	2025-03-26 13:29:59.703069-04	2025-03-26 13:29:59.703069-04	\N	Ford	26	15	17	301	-1	0	0	0	0	0	10	92	1
2410	2025-03-26 13:29:59.704072-04	2025-03-26 13:29:59.704072-04	\N	Chevrolet	12	16	99	301	-1	0	0	0	0	0	13	92	1
2411	2025-03-26 13:29:59.705072-04	2025-03-26 13:29:59.705072-04	\N	Chevrolet	19	17	31	301	-1	0	0	0	0	0	19	92	1
2412	2025-03-26 13:29:59.706072-04	2025-03-26 13:29:59.706072-04	\N	Chevrolet	16	18	47	301	-1	3	0	0	0	0	18	92	1
2413	2025-03-26 13:29:59.707073-04	2025-03-26 13:29:59.707073-04	\N	Chevrolet	14	19	16	301	-1	0	0	0	0	0	41	92	1
2414	2025-03-26 13:29:59.707073-04	2025-03-26 13:29:59.707073-04	\N	Ford	28	20	21	301	-1	0	0	0	0	0	44	92	1
2415	2025-03-26 13:29:59.708073-04	2025-03-26 13:29:59.708073-04	\N	Ford	23	21	38	301	-1	0	0	0	0	0	27	92	1
2416	2025-03-26 13:29:59.709071-04	2025-03-26 13:29:59.709071-04	\N	Ford	5	22	12	301	-1	0	0	0	0	0	7	92	1
2417	2025-03-26 13:29:59.710071-04	2025-03-26 13:29:59.710071-04	\N	Chevrolet	31	23	1	301	-1	0	0	0	0	0	40	92	1
2418	2025-03-26 13:29:59.710071-04	2025-03-26 13:29:59.710071-04	\N	Chevrolet	7	24	24	301	-1	9	0	0	0	0	1	92	1
2419	2025-03-26 13:29:59.711072-04	2025-03-26 13:29:59.711072-04	\N	Ford	22	25	2	301	-1	0	0	0	0	0	8	92	1
2420	2025-03-26 13:29:59.711072-04	2025-03-26 13:29:59.712072-04	\N	Chevrolet	35	26	77	301	-1	0	0	0	0	0	14	92	1
2421	2025-03-26 13:29:59.712072-04	2025-03-26 13:29:59.712072-04	\N	Toyota	36	27	54	301	-1	0	0	0	0	0	16	92	1
2422	2025-03-26 13:29:59.713071-04	2025-03-26 13:29:59.713071-04	\N	Ford	21	28	41	300	-1	0	0	0	0	0	32	92	1
2423	2025-03-26 13:29:59.714072-04	2025-03-26 13:29:59.714072-04	\N	Toyota	1	29	20	299	-1	1	0	0	0	0	31	92	1
2424	2025-03-26 13:29:59.715071-04	2025-03-26 13:29:59.715071-04	\N	Ford	33	30	15	299	-1	0	0	0	0	0	59	92	1
2425	2025-03-26 13:29:59.715071-04	2025-03-26 13:29:59.715071-04	\N	Chevrolet	32	31	78	295	-1	0	0	0	0	0	42	92	1
2426	2025-03-26 13:29:59.716071-04	2025-03-26 13:29:59.716071-04	\N	Chevrolet	29	32	42	268	-1	0	0	0	0	0	28	92	1
2427	2025-03-26 13:29:59.717071-04	2025-03-26 13:29:59.717071-04	\N	Chevrolet	24	33	7	176	-1	0	0	0	0	0	22	92	1
2428	2025-03-26 13:29:59.717071-04	2025-03-26 13:29:59.717071-04	\N	Ford	3	34	10	168	-1	4	0	0	0	0	56	92	1
2429	2025-03-26 13:29:59.718074-04	2025-03-26 13:29:59.718074-04	\N	Ford	34	35	51	130	-1	0	0	0	0	0	21	92	1
2430	2025-03-26 13:29:59.719072-04	2025-03-26 13:29:59.719072-04	\N	Chevrolet	10	36	8	71	-1	0	0	0	0	0	34	92	1
2431	2025-03-26 13:36:30.6384-04	2025-03-26 13:36:30.6384-04	\N	Ford	4	1	34	82	-1	54	0	0	0	0	11	96	1
2432	2025-03-26 13:36:30.640402-04	2025-03-26 13:36:30.640402-04	\N	Chevrolet	3	2	9	82	-1	1	0	0	0	0	15	96	1
2433	2025-03-26 13:36:30.641402-04	2025-03-26 13:36:30.641402-04	\N	Chevrolet	1	3	99	82	-1	6	0	0	0	0	13	96	1
2434	2025-03-26 13:36:30.641402-04	2025-03-26 13:36:30.641402-04	\N	Toyota	2	4	45	82	-1	0	0	0	0	0	2	96	1
2435	2025-03-26 13:36:30.643402-04	2025-03-26 13:36:30.643402-04	\N	Chevrolet	9	5	48	82	-1	0	0	0	0	0	6	96	1
2436	2025-03-26 13:36:30.644402-04	2025-03-26 13:36:30.644402-04	\N	Ford	13	6	14	82	-1	0	0	0	0	0	4	96	1
2437	2025-03-26 13:36:30.645402-04	2025-03-26 13:36:30.645402-04	\N	Toyota	12	7	19	82	-1	0	0	0	0	0	38	96	1
2438	2025-03-26 13:36:30.645402-04	2025-03-26 13:36:30.645402-04	\N	Chevrolet	6	8	5	82	-1	0	0	0	0	0	20	96	1
2439	2025-03-26 13:36:30.646402-04	2025-03-26 13:36:30.646402-04	\N	Toyota	7	9	20	82	-1	11	0	0	0	0	31	96	1
2440	2025-03-26 13:36:30.647474-04	2025-03-26 13:36:30.647474-04	\N	Chevrolet	8	10	91	82	-1	1	0	0	0	0	33	96	1
2441	2025-03-26 13:36:30.648481-04	2025-03-26 13:36:30.648481-04	\N	Ford	17	11	17	82	-1	0	0	0	0	0	10	96	1
2442	2025-03-26 13:36:30.64948-04	2025-03-26 13:36:30.64948-04	\N	Toyota	10	12	54	82	-1	0	0	0	0	0	16	96	1
2443	2025-03-26 13:36:30.64948-04	2025-03-26 13:36:30.64948-04	\N	Ford	16	13	12	82	-1	0	0	0	0	0	7	96	1
2444	2025-03-26 13:36:30.65048-04	2025-03-26 13:36:30.65048-04	\N	Chevrolet	39	14	24	82	-1	0	0	0	0	0	1	96	1
2445	2025-03-26 13:36:30.65148-04	2025-03-26 13:36:30.65148-04	\N	Ford	20	15	2	82	-1	0	0	0	0	0	8	96	1
2446	2025-03-26 13:36:30.65148-04	2025-03-26 13:36:30.65148-04	\N	Chevrolet	27	16	3	82	-1	1	0	0	0	0	23	96	1
2447	2025-03-26 13:36:30.65248-04	2025-03-26 13:36:30.65248-04	\N	Chevrolet	21	17	1	82	-1	0	0	0	0	0	40	96	1
2448	2025-03-26 13:36:30.65248-04	2025-03-26 13:36:30.65248-04	\N	Toyota	19	18	23	82	-1	0	0	0	0	0	29	96	1
2449	2025-03-26 13:36:30.653479-04	2025-03-26 13:36:30.653479-04	\N	Toyota	25	19	11	82	-1	8	0	0	0	0	24	96	1
2450	2025-03-26 13:36:30.65448-04	2025-03-26 13:36:30.65448-04	\N	Ford	22	20	6	82	-1	0	0	0	0	0	26	96	1
2451	2025-03-26 13:36:30.65448-04	2025-03-26 13:36:30.65448-04	\N	Ford	24	21	21	82	-1	0	0	0	0	0	44	96	1
2452	2025-03-26 13:36:30.656482-04	2025-03-26 13:36:30.656482-04	\N	Chevrolet	11	22	33	82	-1	0	0	0	0	0	80	96	1
2453	2025-03-26 13:36:30.65748-04	2025-03-26 13:36:30.65748-04	\N	Ford	38	23	4	81	-1	0	0	0	0	0	57	96	1
2454	2025-03-26 13:36:30.65748-04	2025-03-26 13:36:30.65748-04	\N	Chevrolet	37	24	42	81	-1	0	0	0	0	0	77	96	1
2455	2025-03-26 13:36:30.65848-04	2025-03-26 13:36:30.65848-04	\N	Chevrolet	34	25	47	81	-1	0	0	0	0	0	18	96	1
2456	2025-03-26 13:36:30.65848-04	2025-03-26 13:36:30.65848-04	\N	Chevrolet	26	26	16	81	-1	0	0	0	0	0	41	96	1
2457	2025-03-26 13:36:30.659481-04	2025-03-26 13:36:30.659481-04	\N	Chevrolet	35	27	77	81	-1	0	0	0	0	0	14	96	1
2458	2025-03-26 13:36:30.66048-04	2025-03-26 13:36:30.66048-04	\N	Ford	31	28	15	81	-1	0	0	0	0	0	62	96	1
2459	2025-03-26 13:36:30.66148-04	2025-03-26 13:36:30.66148-04	\N	Chevrolet	14	29	7	81	-1	0	0	0	0	0	22	96	1
2460	2025-03-26 13:36:30.66248-04	2025-03-26 13:36:30.66248-04	\N	Ford	29	30	51	81	-1	0	0	0	0	0	78	96	1
2461	2025-03-26 13:36:30.66348-04	2025-03-26 13:36:30.66348-04	\N	Ford	30	31	41	81	-1	0	0	0	0	0	32	96	1
2462	2025-03-26 13:36:30.66348-04	2025-03-26 13:36:30.66348-04	\N	Chevrolet	32	32	78	81	-1	0	0	0	0	0	55	96	1
2463	2025-03-26 13:36:30.664479-04	2025-03-26 13:36:30.664479-04	\N	Toyota	28	33	67	81	-1	0	0	0	0	0	48	96	1
2464	2025-03-26 13:36:30.66548-04	2025-03-26 13:36:30.66548-04	\N	Ford	18	34	22	81	-1	0	0	0	0	0	35	96	1
2465	2025-03-26 13:36:30.66548-04	2025-03-26 13:36:30.66548-04	\N	Chevrolet	36	35	43	81	-1	0	0	0	0	0	12	96	1
2466	2025-03-26 13:36:30.66648-04	2025-03-26 13:36:30.66648-04	\N	Chevrolet	5	36	8	80	-1	0	0	0	0	0	34	96	1
2467	2025-03-26 13:36:30.66648-04	2025-03-26 13:36:30.66648-04	\N	Ford	23	37	38	80	-1	0	0	0	0	0	27	96	1
2468	2025-03-26 13:36:30.66748-04	2025-03-26 13:36:30.66748-04	\N	Chevrolet	15	38	31	80	-1	0	0	0	0	0	19	96	1
2469	2025-03-26 13:36:30.66848-04	2025-03-26 13:36:30.66848-04	\N	Ford	33	39	10	79	-1	0	0	0	0	0	56	96	1
2470	2025-03-26 13:37:56.642028-04	2025-03-26 13:37:56.642028-04	\N	Chevrolet	18	1	24	185	-1	20	0	0	0	0	1	91	1
2471	2025-03-26 13:37:56.644026-04	2025-03-26 13:37:56.644026-04	\N	Chevrolet	26	2	99	185	-1	0	0	0	0	0	13	91	1
2472	2025-03-26 13:37:56.645025-04	2025-03-26 13:37:56.645025-04	\N	Chevrolet	19	3	16	185	-1	6	0	0	0	0	41	91	1
2473	2025-03-26 13:37:56.646026-04	2025-03-26 13:37:56.646026-04	\N	Ford	20	4	34	185	-1	0	0	0	0	0	11	91	1
2474	2025-03-26 13:37:56.646026-04	2025-03-26 13:37:56.646026-04	\N	Chevrolet	22	5	8	185	-1	0	0	0	0	0	34	91	1
2475	2025-03-26 13:37:56.647024-04	2025-03-26 13:37:56.647024-04	\N	Ford	11	6	6	185	-1	19	0	0	0	0	26	91	1
2476	2025-03-26 13:37:56.648029-04	2025-03-26 13:37:56.648029-04	\N	Ford	24	7	15	185	-1	0	0	0	0	0	43	91	1
2477	2025-03-26 13:37:56.649028-04	2025-03-26 13:37:56.649028-04	\N	Chevrolet	17	8	31	185	-1	0	0	0	0	0	19	91	1
2478	2025-03-26 13:37:56.650029-04	2025-03-26 13:37:56.650029-04	\N	Ford	2	9	12	185	-1	20	0	0	0	0	7	91	1
2479	2025-03-26 13:37:56.651029-04	2025-03-26 13:37:56.651029-04	\N	Chevrolet	29	10	47	185	-1	0	0	0	0	0	18	91	1
2480	2025-03-26 13:37:56.651029-04	2025-03-26 13:37:56.651029-04	\N	Chevrolet	25	11	43	185	-1	0	0	0	0	0	12	91	1
2481	2025-03-26 13:37:56.652028-04	2025-03-26 13:37:56.652028-04	\N	Ford	10	12	2	185	-1	10	0	0	0	0	8	91	1
2482	2025-03-26 13:37:56.653029-04	2025-03-26 13:37:56.653029-04	\N	Chevrolet	23	13	9	185	-1	0	0	0	0	0	15	91	1
2483	2025-03-26 13:37:56.654028-04	2025-03-26 13:37:56.654028-04	\N	Toyota	14	14	11	185	-1	0	0	0	0	0	24	91	1
2484	2025-03-26 13:37:56.654028-04	2025-03-26 13:37:56.654028-04	\N	Ford	15	15	17	185	-1	39	0	0	0	0	10	91	1
2485	2025-03-26 13:37:56.655031-04	2025-03-26 13:37:56.655031-04	\N	Ford	9	16	38	185	-1	0	0	0	0	0	27	91	1
2486	2025-03-26 13:37:56.65603-04	2025-03-26 13:37:56.65603-04	\N	Ford	4	17	22	185	-1	11	0	0	0	0	35	91	1
2487	2025-03-26 13:37:56.65603-04	2025-03-26 13:37:56.65603-04	\N	Ford	1	18	10	185	-1	47	0	0	0	0	56	91	1
2488	2025-03-26 13:37:56.657034-04	2025-03-26 13:37:56.657034-04	\N	Chevrolet	27	19	77	185	-1	0	0	0	0	0	14	91	1
2489	2025-03-26 13:37:56.657034-04	2025-03-26 13:37:56.657034-04	\N	Chevrolet	35	20	78	185	-1	1	0	0	0	0	42	91	1
2490	2025-03-26 13:37:56.658031-04	2025-03-26 13:37:56.658031-04	\N	Chevrolet	33	21	3	185	-1	0	0	0	0	0	23	91	1
2491	2025-03-26 13:37:56.659033-04	2025-03-26 13:37:56.659033-04	\N	Ford	3	22	14	185	-1	0	0	0	0	0	4	91	1
2492	2025-03-26 13:37:56.659033-04	2025-03-26 13:37:56.659033-04	\N	Toyota	34	23	20	185	-1	0	0	0	0	0	31	91	1
2493	2025-03-26 13:37:56.660031-04	2025-03-26 13:37:56.660031-04	\N	Ford	13	24	41	185	-1	0	0	0	0	0	32	91	1
2494	2025-03-26 13:37:56.660031-04	2025-03-26 13:37:56.660031-04	\N	Toyota	37	25	23	185	-1	1	0	0	0	0	29	91	1
2495	2025-03-26 13:37:56.661045-04	2025-03-26 13:37:56.661045-04	\N	Chevrolet	36	26	48	185	-1	0	0	0	0	0	6	91	1
2496	2025-03-26 13:37:56.662043-04	2025-03-26 13:37:56.662043-04	\N	Toyota	12	27	45	185	-1	0	0	0	0	0	2	91	1
2497	2025-03-26 13:37:56.663045-04	2025-03-26 13:37:56.663045-04	\N	Ford	5	28	21	184	-1	0	0	0	0	0	44	91	1
2498	2025-03-26 13:37:56.663045-04	2025-03-26 13:37:56.663045-04	\N	Toyota	16	29	19	184	-1	1	0	0	0	0	38	91	1
2499	2025-03-26 13:37:56.664045-04	2025-03-26 13:37:56.664045-04	\N	Ford	6	30	4	181	-1	0	0	0	0	0	57	91	1
2500	2025-03-26 13:37:56.665042-04	2025-03-26 13:37:56.665042-04	\N	Chevrolet	28	31	7	179	-1	0	0	0	0	0	22	91	1
2501	2025-03-26 13:37:56.666043-04	2025-03-26 13:37:56.666043-04	\N	Ford	21	32	51	178	-1	0	0	0	0	0	21	91	1
2502	2025-03-26 13:37:56.666043-04	2025-03-26 13:37:56.666043-04	\N	Chevrolet	31	33	42	174	-1	0	0	0	0	0	28	91	1
2503	2025-03-26 13:37:56.667042-04	2025-03-26 13:37:56.667042-04	\N	Toyota	7	34	54	150	-1	0	0	0	0	0	16	91	1
2504	2025-03-26 13:37:56.668041-04	2025-03-26 13:37:56.668041-04	\N	Chevrolet	30	35	1	124	-1	0	0	0	0	0	40	91	1
2505	2025-03-26 13:37:56.668041-04	2025-03-26 13:37:56.668041-04	\N	Chevrolet	8	36	5	111	-1	1	0	0	0	0	20	91	1
2506	2025-03-26 13:37:56.66904-04	2025-03-26 13:37:56.66904-04	\N	Chevrolet	32	37	62	92	-1	0	0	0	0	0	70	91	1
2507	2025-03-26 13:41:24.086194-04	2025-03-26 13:41:24.086194-04	\N	Ford	4	1	17	200	-1	52	0	0	0	0	10	95	1
2508	2025-03-26 13:41:24.088194-04	2025-03-26 13:41:24.088194-04	\N	Toyota	5	2	19	200	-1	47	0	0	0	0	38	95	1
2509	2025-03-26 13:41:24.088194-04	2025-03-26 13:41:24.088194-04	\N	Toyota	13	3	11	200	-1	1	0	0	0	0	24	95	1
2510	2025-03-26 13:41:24.089195-04	2025-03-26 13:41:24.089195-04	\N	Ford	12	4	6	200	-1	15	0	0	0	0	26	95	1
2511	2025-03-26 13:41:24.090192-04	2025-03-26 13:41:24.090192-04	\N	Chevrolet	17	5	5	200	-1	2	0	0	0	0	20	95	1
2512	2025-03-26 13:41:24.091193-04	2025-03-26 13:41:24.091193-04	\N	Chevrolet	14	6	99	200	-1	12	0	0	0	0	13	95	1
2513	2025-03-26 13:41:24.091193-04	2025-03-26 13:41:24.091193-04	\N	Chevrolet	2	7	1	200	-1	16	0	0	0	0	40	95	1
2514	2025-03-26 13:41:24.093194-04	2025-03-26 13:41:24.093194-04	\N	Ford	22	8	4	200	-1	0	0	0	0	0	57	95	1
2515	2025-03-26 13:41:24.094196-04	2025-03-26 13:41:24.094196-04	\N	Ford	9	9	12	200	-1	1	0	0	0	0	7	95	1
2516	2025-03-26 13:41:24.095231-04	2025-03-26 13:41:24.095231-04	\N	Chevrolet	25	10	43	200	-1	0	0	0	0	0	12	95	1
2517	2025-03-26 13:41:24.095231-04	2025-03-26 13:41:24.095231-04	\N	Toyota	3	11	54	200	-1	1	0	0	0	0	16	95	1
2518	2025-03-26 13:41:24.096235-04	2025-03-26 13:41:24.096235-04	\N	Ford	21	12	2	200	-1	0	0	0	0	0	8	95	1
2519	2025-03-26 13:41:24.097235-04	2025-03-26 13:41:24.097235-04	\N	Toyota	1	13	20	200	-1	1	0	0	0	0	31	95	1
2520	2025-03-26 13:41:24.098235-04	2025-03-26 13:41:24.098235-04	\N	Ford	6	14	22	200	-1	0	0	0	0	0	35	95	1
2521	2025-03-26 13:41:24.098235-04	2025-03-26 13:41:24.098235-04	\N	Chevrolet	31	15	7	200	-1	0	0	0	0	0	22	95	1
2522	2025-03-26 13:41:24.099235-04	2025-03-26 13:41:24.099235-04	\N	Ford	18	16	10	200	-1	0	0	0	0	0	56	95	1
2523	2025-03-26 13:41:24.099235-04	2025-03-26 13:41:24.099235-04	\N	Ford	29	17	21	200	-1	0	0	0	0	0	44	95	1
2524	2025-03-26 13:41:24.100235-04	2025-03-26 13:41:24.100235-04	\N	Toyota	11	18	23	200	-1	21	0	0	0	0	29	95	1
2525	2025-03-26 13:41:24.101235-04	2025-03-26 13:41:24.101235-04	\N	Chevrolet	16	19	3	200	-1	2	0	0	0	0	23	95	1
2526	2025-03-26 13:41:24.101235-04	2025-03-26 13:41:24.101235-04	\N	Chevrolet	34	20	77	200	-1	2	0	0	0	0	14	95	1
2527	2025-03-26 13:41:24.102236-04	2025-03-26 13:41:24.102236-04	\N	Chevrolet	27	21	47	200	-1	0	0	0	0	0	18	95	1
2528	2025-03-26 13:41:24.103236-04	2025-03-26 13:41:24.103236-04	\N	Ford	28	22	41	199	-1	0	0	0	0	0	32	95	1
2529	2025-03-26 13:41:24.104236-04	2025-03-26 13:41:24.104236-04	\N	Chevrolet	26	23	31	199	-1	0	0	0	0	0	19	95	1
2530	2025-03-26 13:41:24.104236-04	2025-03-26 13:41:24.104236-04	\N	Ford	23	24	34	199	-1	0	0	0	0	0	11	95	1
2531	2025-03-26 13:41:24.105236-04	2025-03-26 13:41:24.105236-04	\N	Ford	33	25	51	199	-1	0	0	0	0	0	21	95	1
2532	2025-03-26 13:41:24.106236-04	2025-03-26 13:41:24.106236-04	\N	Chevrolet	24	26	16	199	-1	0	0	0	0	0	41	95	1
2533	2025-03-26 13:41:24.106236-04	2025-03-26 13:41:24.106236-04	\N	Ford	36	27	15	199	-1	0	0	0	0	0	43	95	1
2534	2025-03-26 13:41:24.107236-04	2025-03-26 13:41:24.107236-04	\N	Chevrolet	30	28	62	198	-1	0	0	0	0	0	70	95	1
2535	2025-03-26 13:41:24.108235-04	2025-03-26 13:41:24.108235-04	\N	Ford	32	29	38	197	-1	0	0	0	0	0	27	95	1
2536	2025-03-26 13:41:24.108235-04	2025-03-26 13:41:24.108235-04	\N	Toyota	15	30	45	197	-1	7	0	0	0	0	2	95	1
2537	2025-03-26 13:41:24.110749-04	2025-03-26 13:41:24.110749-04	\N	Ford	19	31	14	197	-1	0	0	0	0	0	4	95	1
2538	2025-03-26 13:41:24.111748-04	2025-03-26 13:41:24.111748-04	\N	Chevrolet	37	32	78	196	-1	1	0	0	0	0	55	95	1
2539	2025-03-26 13:41:24.111748-04	2025-03-26 13:41:24.111748-04	\N	Chevrolet	20	33	48	134	-1	19	0	0	0	0	6	95	1
2540	2025-03-26 13:41:24.112748-04	2025-03-26 13:41:24.112748-04	\N	Chevrolet	35	34	42	50	-1	0	0	0	0	0	37	95	1
2541	2025-03-26 13:41:24.113749-04	2025-03-26 13:41:24.113749-04	\N	Chevrolet	7	35	24	46	-1	0	0	0	0	0	1	95	1
2542	2025-03-26 13:41:24.114748-04	2025-03-26 13:41:24.114748-04	\N	Chevrolet	10	36	9	34	-1	0	0	0	0	0	15	95	1
2543	2025-03-26 13:41:24.114748-04	2025-03-26 13:41:24.114748-04	\N	Chevrolet	8	37	8	14	-1	0	0	0	0	0	34	95	1
2544	2025-03-26 13:43:30.919135-04	2025-03-26 13:43:30.919135-04	\N	Chevrolet	3	1	91	78	-1	9	0	0	0	0	33	90	1
2545	2025-03-26 13:43:30.921134-04	2025-03-26 13:43:30.921134-04	\N	Chevrolet	37	2	31	78	-1	23	0	0	0	0	19	90	1
2546	2025-03-26 13:43:30.922135-04	2025-03-26 13:43:30.922135-04	\N	Chevrolet	26	3	9	78	-1	0	0	0	0	0	15	90	1
2547	2025-03-26 13:43:30.923134-04	2025-03-26 13:43:30.923134-04	\N	Chevrolet	7	4	5	78	-1	0	0	0	0	0	20	90	1
2548	2025-03-26 13:43:30.923134-04	2025-03-26 13:43:30.923134-04	\N	Chevrolet	18	5	8	78	-1	0	0	0	0	0	34	90	1
2549	2025-03-26 13:43:30.924134-04	2025-03-26 13:43:30.924134-04	\N	Ford	31	6	2	78	-1	0	0	0	0	0	8	90	1
2550	2025-03-26 13:43:30.925134-04	2025-03-26 13:43:30.925134-04	\N	Ford	6	7	34	78	-1	0	0	0	0	0	11	90	1
2551	2025-03-26 13:43:30.925134-04	2025-03-26 13:43:30.925134-04	\N	Ford	9	8	22	78	-1	0	0	0	0	0	35	90	1
2552	2025-03-26 13:43:30.926133-04	2025-03-26 13:43:30.926133-04	\N	Toyota	12	9	54	78	-1	1	0	0	0	0	16	90	1
2553	2025-03-26 13:43:30.927133-04	2025-03-26 13:43:30.927133-04	\N	Ford	15	10	17	78	-1	0	0	0	0	0	10	90	1
2554	2025-03-26 13:43:30.927133-04	2025-03-26 13:43:30.927133-04	\N	Toyota	1	11	11	78	-1	0	0	0	0	0	24	90	1
2555	2025-03-26 13:43:30.928134-04	2025-03-26 13:43:30.928134-04	\N	Ford	24	12	10	78	-1	0	0	0	0	0	56	90	1
2556	2025-03-26 13:43:30.929133-04	2025-03-26 13:43:30.929133-04	\N	Chevrolet	22	13	24	78	-1	0	0	0	0	0	1	90	1
2557	2025-03-26 13:43:30.929133-04	2025-03-26 13:43:30.929133-04	\N	Chevrolet	19	14	7	78	-1	0	0	0	0	0	22	90	1
2558	2025-03-26 13:43:30.930132-04	2025-03-26 13:43:30.930132-04	\N	Ford	28	15	41	78	-1	0	0	0	0	0	32	90	1
2559	2025-03-26 13:43:30.931134-04	2025-03-26 13:43:30.931134-04	\N	Chevrolet	21	16	43	78	-1	0	0	0	0	0	12	90	1
2560	2025-03-26 13:43:30.931134-04	2025-03-26 13:43:30.931134-04	\N	Chevrolet	10	17	16	78	-1	0	0	0	0	0	41	90	1
2561	2025-03-26 13:43:30.932133-04	2025-03-26 13:43:30.932133-04	\N	Toyota	4	18	20	78	-1	37	0	0	0	0	31	90	1
2562	2025-03-26 13:43:30.933133-04	2025-03-26 13:43:30.933133-04	\N	Ford	25	19	38	78	-1	0	0	0	0	0	27	90	1
2563	2025-03-26 13:43:30.934135-04	2025-03-26 13:43:30.934135-04	\N	Ford	16	20	14	78	-1	0	0	0	0	0	4	90	1
2564	2025-03-26 13:43:30.934135-04	2025-03-26 13:43:30.934135-04	\N	Ford	8	21	15	78	-1	0	0	0	0	0	62	90	1
2565	2025-03-26 13:43:30.935132-04	2025-03-26 13:43:30.935132-04	\N	Chevrolet	34	22	1	78	-1	0	0	0	0	0	40	90	1
2566	2025-03-26 13:43:30.936134-04	2025-03-26 13:43:30.936134-04	\N	Chevrolet	27	23	78	78	-1	0	0	0	0	0	55	90	1
2567	2025-03-26 13:43:30.936134-04	2025-03-26 13:43:30.936134-04	\N	Ford	20	24	6	78	-1	0	0	0	0	0	26	90	1
2568	2025-03-26 13:43:30.937132-04	2025-03-26 13:43:30.937132-04	\N	Chevrolet	23	25	42	78	-1	0	0	0	0	0	28	90	1
2569	2025-03-26 13:43:30.937132-04	2025-03-26 13:43:30.937132-04	\N	Ford	30	26	51	78	-1	0	0	0	0	0	78	90	1
2570	2025-03-26 13:43:30.938134-04	2025-03-26 13:43:30.938134-04	\N	Chevrolet	5	27	99	78	-1	0	0	0	0	0	13	90	1
2571	2025-03-26 13:43:30.939131-04	2025-03-26 13:43:30.939131-04	\N	Toyota	2	28	45	78	-1	8	0	0	0	0	2	90	1
2572	2025-03-26 13:43:30.939131-04	2025-03-26 13:43:30.939131-04	\N	Ford	35	29	4	78	-1	0	0	0	0	0	57	90	1
2573	2025-03-26 13:43:30.940133-04	2025-03-26 13:43:30.940133-04	\N	Ford	32	30	21	78	-1	0	0	0	0	0	44	90	1
2574	2025-03-26 13:43:30.940133-04	2025-03-26 13:43:30.940133-04	\N	Toyota	14	31	23	78	-1	0	0	0	0	0	29	90	1
2575	2025-03-26 13:43:30.941135-04	2025-03-26 13:43:30.941135-04	\N	Toyota	11	32	19	77	-1	0	0	0	0	0	38	90	1
2576	2025-03-26 13:43:30.942131-04	2025-03-26 13:43:30.942131-04	\N	Ford	17	33	12	77	-1	0	0	0	0	0	7	90	1
2577	2025-03-26 13:43:30.942131-04	2025-03-26 13:43:30.942131-04	\N	Chevrolet	36	34	47	77	-1	0	0	0	0	0	18	90	1
2578	2025-03-26 13:43:30.943133-04	2025-03-26 13:43:30.943133-04	\N	Chevrolet	33	35	77	67	-1	0	0	0	0	0	14	90	1
2579	2025-03-26 13:43:30.943133-04	2025-03-26 13:43:30.943133-04	\N	Chevrolet	29	36	3	62	-1	0	0	0	0	0	23	90	1
2580	2025-03-26 13:43:30.944135-04	2025-03-26 13:43:30.944135-04	\N	Chevrolet	13	37	48	40	-1	0	0	0	0	0	6	90	1
2581	2025-03-26 13:46:01.961477-04	2025-03-26 13:46:01.961477-04	\N	Chevrolet	1	1	1	300	-1	99	0	0	0	0	40	89	1
2582	2025-03-26 13:46:01.963475-04	2025-03-26 13:46:01.963475-04	\N	Toyota	6	2	19	300	-1	50	0	0	0	0	38	89	1
2583	2025-03-26 13:46:01.963475-04	2025-03-26 13:46:01.963475-04	\N	Toyota	8	3	11	300	-1	81	0	0	0	0	24	89	1
2584	2025-03-26 13:46:01.964476-04	2025-03-26 13:46:01.964476-04	\N	Chevrolet	14	4	9	300	-1	1	0	0	0	0	15	89	1
2585	2025-03-26 13:46:01.965476-04	2025-03-26 13:46:01.965476-04	\N	Chevrolet	7	5	5	300	-1	0	0	0	0	0	20	89	1
2586	2025-03-26 13:46:01.966475-04	2025-03-26 13:46:01.966475-04	\N	Chevrolet	5	6	24	300	-1	5	0	0	0	0	1	89	1
2587	2025-03-26 13:46:01.967476-04	2025-03-26 13:46:01.967476-04	\N	Toyota	22	7	20	300	-1	3	0	0	0	0	31	89	1
2588	2025-03-26 13:46:01.967476-04	2025-03-26 13:46:01.967476-04	\N	Chevrolet	23	8	43	300	-1	0	0	0	0	0	12	89	1
2589	2025-03-26 13:46:01.96848-04	2025-03-26 13:46:01.96848-04	\N	Chevrolet	11	9	8	300	-1	12	0	0	0	0	34	89	1
2590	2025-03-26 13:46:01.969481-04	2025-03-26 13:46:01.969481-04	\N	Chevrolet	19	10	16	300	-1	0	0	0	0	0	41	89	1
2591	2025-03-26 13:46:01.97048-04	2025-03-26 13:46:01.97048-04	\N	Ford	20	11	6	300	-1	2	0	0	0	0	26	89	1
2592	2025-03-26 13:46:01.97048-04	2025-03-26 13:46:01.97048-04	\N	Chevrolet	10	12	99	300	-1	1	0	0	0	0	13	89	1
2593	2025-03-26 13:46:01.97148-04	2025-03-26 13:46:01.97148-04	\N	Chevrolet	26	13	3	300	-1	0	0	0	0	0	23	89	1
2594	2025-03-26 13:46:01.97148-04	2025-03-26 13:46:01.97148-04	\N	Toyota	16	14	54	300	-1	0	0	0	0	0	16	89	1
2595	2025-03-26 13:46:01.97248-04	2025-03-26 13:46:01.97248-04	\N	Toyota	9	15	23	300	-1	0	0	0	0	0	29	89	1
2596	2025-03-26 13:46:01.97348-04	2025-03-26 13:46:01.97348-04	\N	Ford	25	16	41	300	-1	0	0	0	0	0	32	89	1
2597	2025-03-26 13:46:01.97348-04	2025-03-26 13:46:01.97348-04	\N	Chevrolet	15	17	48	300	-1	9	0	0	0	0	6	89	1
2598	2025-03-26 13:46:01.97448-04	2025-03-26 13:46:01.97448-04	\N	Ford	12	18	17	300	-1	0	0	0	0	0	10	89	1
2599	2025-03-26 13:46:01.97548-04	2025-03-26 13:46:01.97548-04	\N	Ford	4	19	22	300	-1	0	0	0	0	0	35	89	1
2600	2025-03-26 13:46:01.97648-04	2025-03-26 13:46:01.97648-04	\N	Chevrolet	36	20	7	300	-1	0	0	0	0	0	22	89	1
2601	2025-03-26 13:46:01.97748-04	2025-03-26 13:46:01.97748-04	\N	Ford	31	21	21	300	-1	0	0	0	0	0	44	89	1
2602	2025-03-26 13:46:01.97748-04	2025-03-26 13:46:01.97748-04	\N	Chevrolet	28	22	47	299	-1	0	0	0	0	0	18	89	1
2603	2025-03-26 13:46:01.97848-04	2025-03-26 13:46:01.97848-04	\N	Chevrolet	3	23	31	299	-1	0	0	0	0	0	19	89	1
2604	2025-03-26 13:46:01.97948-04	2025-03-26 13:46:01.97948-04	\N	Ford	17	24	4	299	-1	0	0	0	0	0	57	89	1
2605	2025-03-26 13:46:01.97948-04	2025-03-26 13:46:01.97948-04	\N	Ford	21	25	10	299	-1	0	0	0	0	0	56	89	1
2606	2025-03-26 13:46:01.980481-04	2025-03-26 13:46:01.980481-04	\N	Chevrolet	30	26	42	299	-1	0	0	0	0	0	28	89	1
2607	2025-03-26 13:46:01.98148-04	2025-03-26 13:46:01.98148-04	\N	Ford	24	27	2	299	-1	0	0	0	0	0	8	89	1
2608	2025-03-26 13:46:01.98248-04	2025-03-26 13:46:01.98248-04	\N	Ford	33	28	34	299	-1	0	0	0	0	0	11	89	1
2609	2025-03-26 13:46:01.98248-04	2025-03-26 13:46:01.98248-04	\N	Ford	29	29	51	298	-1	0	0	0	0	0	43	89	1
2610	2025-03-26 13:46:01.983568-04	2025-03-26 13:46:01.983568-04	\N	Toyota	2	30	45	298	-1	33	0	0	0	0	2	89	1
2611	2025-03-26 13:46:01.983568-04	2025-03-26 13:46:01.983568-04	\N	Ford	18	31	14	298	-1	0	0	0	0	0	4	89	1
2612	2025-03-26 13:46:01.985069-04	2025-03-26 13:46:01.985069-04	\N	Chevrolet	34	32	77	298	-1	4	0	0	0	0	14	89	1
2613	2025-03-26 13:46:01.985069-04	2025-03-26 13:46:01.985069-04	\N	Ford	32	33	15	297	-1	0	0	0	0	0	76	89	1
2614	2025-03-26 13:46:01.986483-04	2025-03-26 13:46:01.986483-04	\N	Chevrolet	35	34	78	297	-1	0	0	0	0	0	55	89	1
2615	2025-03-26 13:46:01.987941-04	2025-03-26 13:46:01.987941-04	\N	Ford	27	35	38	296	-1	0	0	0	0	0	27	89	1
2616	2025-03-26 13:46:01.987941-04	2025-03-26 13:46:01.987941-04	\N	Ford	13	36	12	146	-1	0	0	0	0	0	7	89	1
2617	2025-03-26 13:47:45.620392-04	2025-03-26 13:47:45.620392-04	\N	Toyota	8	1	19	110	-1	51	0	0	0	0	38	88	1
2618	2025-03-26 13:47:45.623389-04	2025-03-26 13:47:45.623389-04	\N	Chevrolet	12	2	8	110	-1	17	0	0	0	0	34	88	1
2619	2025-03-26 13:47:45.62439-04	2025-03-26 13:47:45.62439-04	\N	Ford	17	3	22	110	-1	0	0	0	0	0	35	88	1
2620	2025-03-26 13:47:45.62439-04	2025-03-26 13:47:45.62439-04	\N	Ford	7	4	17	110	-1	0	0	0	0	0	10	88	1
2621	2025-03-26 13:47:45.62539-04	2025-03-26 13:47:45.62539-04	\N	Chevrolet	10	5	9	110	-1	7	0	0	0	0	15	88	1
2622	2025-03-26 13:47:45.626389-04	2025-03-26 13:47:45.626389-04	\N	Chevrolet	5	6	16	110	-1	0	0	0	0	0	41	88	1
2623	2025-03-26 13:47:45.627389-04	2025-03-26 13:47:45.627389-04	\N	Ford	3	7	34	110	-1	1	0	0	0	0	11	88	1
2624	2025-03-26 13:47:45.627389-04	2025-03-26 13:47:45.627389-04	\N	Chevrolet	16	8	5	110	-1	0	0	0	0	0	20	88	1
2625	2025-03-26 13:47:45.628389-04	2025-03-26 13:47:45.628389-04	\N	Toyota	4	9	20	110	-1	0	0	0	0	0	31	88	1
2626	2025-03-26 13:47:45.629389-04	2025-03-26 13:47:45.629389-04	\N	Chevrolet	15	10	1	110	-1	1	0	0	0	0	40	88	1
2627	2025-03-26 13:47:45.629389-04	2025-03-26 13:47:45.629389-04	\N	Ford	21	11	4	110	-1	0	0	0	0	0	57	88	1
2628	2025-03-26 13:47:45.630393-04	2025-03-26 13:47:45.630393-04	\N	Chevrolet	13	12	47	110	-1	0	0	0	0	0	18	88	1
2629	2025-03-26 13:47:45.631393-04	2025-03-26 13:47:45.631393-04	\N	Ford	22	13	41	110	-1	0	0	0	0	0	32	88	1
2630	2025-03-26 13:47:45.632393-04	2025-03-26 13:47:45.632393-04	\N	Chevrolet	26	14	24	110	-1	0	0	0	0	0	1	88	1
2631	2025-03-26 13:47:45.633395-04	2025-03-26 13:47:45.633395-04	\N	Chevrolet	14	15	48	110	-1	0	0	0	0	0	6	88	1
2632	2025-03-26 13:47:45.633395-04	2025-03-26 13:47:45.633395-04	\N	Ford	25	16	6	110	-1	0	0	0	0	0	26	88	1
2633	2025-03-26 13:47:45.634394-04	2025-03-26 13:47:45.634394-04	\N	Toyota	18	17	23	110	-1	0	0	0	0	0	29	88	1
2634	2025-03-26 13:47:45.635394-04	2025-03-26 13:47:45.635394-04	\N	Toyota	6	18	54	110	-1	0	0	0	0	0	16	88	1
2635	2025-03-26 13:47:45.636393-04	2025-03-26 13:47:45.636393-04	\N	Chevrolet	11	19	3	110	-1	0	0	0	0	0	23	88	1
2636	2025-03-26 13:47:45.636393-04	2025-03-26 13:47:45.636393-04	\N	Chevrolet	19	20	7	110	-1	0	0	0	0	0	22	88	1
2637	2025-03-26 13:47:45.637393-04	2025-03-26 13:47:45.637393-04	\N	Chevrolet	23	21	31	110	-1	0	0	0	0	0	19	88	1
2638	2025-03-26 13:47:45.638394-04	2025-03-26 13:47:45.638394-04	\N	Chevrolet	9	22	99	110	-1	0	0	0	0	0	13	88	1
2639	2025-03-26 13:47:45.639394-04	2025-03-26 13:47:45.639394-04	\N	Chevrolet	27	23	77	110	-1	0	0	0	0	0	14	88	1
2640	2025-03-26 13:47:45.639394-04	2025-03-26 13:47:45.639394-04	\N	Ford	32	24	51	110	-1	0	0	0	0	0	27	88	1
2641	2025-03-26 13:47:45.640394-04	2025-03-26 13:47:45.640394-04	\N	Ford	34	25	2	110	-1	0	0	0	0	0	8	88	1
2642	2025-03-26 13:47:45.641393-04	2025-03-26 13:47:45.641393-04	\N	Chevrolet	35	26	42	110	-1	0	0	0	0	0	81	88	1
2643	2025-03-26 13:47:45.642393-04	2025-03-26 13:47:45.642393-04	\N	Ford	36	27	21	110	-1	0	0	0	0	0	44	88	1
2644	2025-03-26 13:47:45.643394-04	2025-03-26 13:47:45.643394-04	\N	Ford	20	28	10	110	-1	0	0	0	0	0	56	88	1
2645	2025-03-26 13:47:45.643394-04	2025-03-26 13:47:45.643394-04	\N	Ford	24	29	14	110	-1	0	0	0	0	0	4	88	1
2646	2025-03-26 13:47:45.643394-04	2025-03-26 13:47:45.643394-04	\N	Chevrolet	29	30	78	110	-1	0	0	0	0	0	55	88	1
2647	2025-03-26 13:47:45.644898-04	2025-03-26 13:47:45.644898-04	\N	Ford	31	31	12	110	-1	0	0	0	0	0	7	88	1
2648	2025-03-26 13:47:45.645903-04	2025-03-26 13:47:45.645903-04	\N	Chevrolet	28	32	43	109	-1	0	0	0	0	0	12	88	1
2649	2025-03-26 13:47:45.645903-04	2025-03-26 13:47:45.645903-04	\N	Toyota	2	33	45	109	-1	0	0	0	0	0	2	88	1
2650	2025-03-26 13:47:45.646903-04	2025-03-26 13:47:45.646903-04	\N	Ford	30	34	38	109	-1	0	0	0	0	0	36	88	1
2651	2025-03-26 13:47:45.647906-04	2025-03-26 13:47:45.647906-04	\N	Ford	33	35	15	109	-1	0	0	0	0	0	78	88	1
2652	2025-03-26 13:47:45.648902-04	2025-03-26 13:47:45.648902-04	\N	Toyota	1	36	11	92	-1	33	0	0	0	0	24	88	1
2653	2025-03-26 13:55:07.808241-04	2025-03-26 13:55:07.808241-04	\N	Chevrolet	1	1	8	243	-1	121	0	0	0	0	34	87	1
2654	2025-03-26 13:55:07.810241-04	2025-03-26 13:55:07.810241-04	\N	Toyota	3	2	11	243	-1	0	0	0	0	0	24	87	1
2655	2025-03-26 13:55:07.811243-04	2025-03-26 13:55:07.811243-04	\N	Ford	6	3	22	243	-1	0	0	0	0	0	35	87	1
2656	2025-03-26 13:55:07.812241-04	2025-03-26 13:55:07.812241-04	\N	Chevrolet	22	4	5	243	-1	5	0	0	0	0	20	87	1
2657	2025-03-26 13:55:07.812241-04	2025-03-26 13:55:07.812241-04	\N	Toyota	5	5	19	243	-1	0	0	0	0	0	38	87	1
2658	2025-03-26 13:55:07.813242-04	2025-03-26 13:55:07.813242-04	\N	Ford	2	6	12	243	-1	83	0	0	0	0	7	87	1
2659	2025-03-26 13:55:07.814244-04	2025-03-26 13:55:07.814244-04	\N	Chevrolet	13	7	99	243	-1	0	0	0	0	0	13	87	1
2660	2025-03-26 13:55:07.815241-04	2025-03-26 13:55:07.815241-04	\N	Chevrolet	7	8	24	243	-1	30	0	0	0	0	1	87	1
2661	2025-03-26 13:55:07.815241-04	2025-03-26 13:55:07.815241-04	\N	Ford	21	9	34	243	-1	0	0	0	0	0	11	87	1
2662	2025-03-26 13:55:07.816243-04	2025-03-26 13:55:07.816243-04	\N	Ford	4	10	4	243	-1	0	0	0	0	0	57	87	1
2663	2025-03-26 13:55:07.817245-04	2025-03-26 13:55:07.817245-04	\N	Toyota	17	11	20	243	-1	0	0	0	0	0	31	87	1
2664	2025-03-26 13:55:07.817245-04	2025-03-26 13:55:07.817245-04	\N	Ford	27	12	17	243	-1	0	0	0	0	0	10	87	1
2665	2025-03-26 13:55:07.818241-04	2025-03-26 13:55:07.818241-04	\N	Ford	10	13	2	243	-1	0	0	0	0	0	8	87	1
2666	2025-03-26 13:55:07.819244-04	2025-03-26 13:55:07.819244-04	\N	Chevrolet	11	14	16	243	-1	0	0	0	0	0	41	87	1
2667	2025-03-26 13:55:07.820241-04	2025-03-26 13:55:07.820241-04	\N	Ford	28	15	38	243	-1	0	0	0	0	0	27	87	1
2668	2025-03-26 13:55:07.820241-04	2025-03-26 13:55:07.820241-04	\N	Chevrolet	23	16	31	243	-1	0	0	0	0	0	19	87	1
2669	2025-03-26 13:55:07.821242-04	2025-03-26 13:55:07.821242-04	\N	Ford	29	17	41	243	-1	0	0	0	0	0	32	87	1
2670	2025-03-26 13:55:07.822242-04	2025-03-26 13:55:07.822242-04	\N	Chevrolet	31	18	43	243	-1	0	0	0	0	0	12	87	1
2671	2025-03-26 13:55:07.82325-04	2025-03-26 13:55:07.82325-04	\N	Ford	24	19	10	243	-1	0	0	0	0	0	56	87	1
2672	2025-03-26 13:55:07.824246-04	2025-03-26 13:55:07.824246-04	\N	Toyota	15	20	54	243	-1	0	0	0	0	0	16	87	1
2673	2025-03-26 13:55:07.824246-04	2025-03-26 13:55:07.824246-04	\N	Chevrolet	30	21	9	243	-1	0	0	0	0	0	22	87	1
2674	2025-03-26 13:55:07.825246-04	2025-03-26 13:55:07.825246-04	\N	Chevrolet	8	22	1	243	-1	0	0	0	0	0	40	87	1
2675	2025-03-26 13:55:07.826249-04	2025-03-26 13:55:07.826249-04	\N	Ford	14	23	21	243	-1	0	0	0	0	0	44	87	1
2676	2025-03-26 13:55:07.827246-04	2025-03-26 13:55:07.827246-04	\N	Ford	36	24	51	243	-1	0	0	0	0	0	43	87	1
2677	2025-03-26 13:55:07.827246-04	2025-03-26 13:55:07.827246-04	\N	Chevrolet	33	25	77	243	-1	0	0	0	0	0	14	87	1
2678	2025-03-26 13:55:07.828249-04	2025-03-26 13:55:07.828249-04	\N	Chevrolet	18	26	48	243	-1	0	0	0	0	0	6	87	1
2679	2025-03-26 13:55:07.829247-04	2025-03-26 13:55:07.829247-04	\N	Chevrolet	34	27	78	243	-1	0	0	0	0	0	42	87	1
2680	2025-03-26 13:55:07.829247-04	2025-03-26 13:55:07.829247-04	\N	Ford	19	28	6	243	-1	0	0	0	0	0	26	87	1
2681	2025-03-26 13:55:07.831247-04	2025-03-26 13:55:07.831247-04	\N	Ford	35	29	15	242	-1	0	0	0	0	0	82	87	1
2682	2025-03-26 13:55:07.831247-04	2025-03-26 13:55:07.831247-04	\N	Toyota	20	30	23	236	-1	0	0	0	0	0	29	87	1
2683	2025-03-26 13:55:07.832245-04	2025-03-26 13:55:07.832245-04	\N	Chevrolet	16	31	3	223	-1	0	0	0	0	0	23	87	1
2684	2025-03-26 13:55:07.833246-04	2025-03-26 13:55:07.833246-04	\N	Chevrolet	12	32	47	219	-1	0	0	0	0	0	18	87	1
2685	2025-03-26 13:55:07.833246-04	2025-03-26 13:55:07.833246-04	\N	Chevrolet	32	33	42	197	-1	0	0	0	0	0	28	87	1
2686	2025-03-26 13:55:07.834248-04	2025-03-26 13:55:07.834248-04	\N	Ford	25	34	14	193	-1	0	0	0	0	0	4	87	1
2687	2025-03-26 13:55:07.835247-04	2025-03-26 13:55:07.835247-04	\N	Toyota	9	35	45	174	-1	4	0	0	0	0	2	87	1
2688	2025-03-26 13:55:07.835247-04	2025-03-26 13:55:07.835247-04	\N	Chevrolet	26	36	7	91	-1	0	0	0	0	0	30	87	1
2689	2025-03-26 13:57:06.738992-04	2025-03-26 13:57:06.738992-04	\N	Ford	8	1	12	400	-1	163	0	0	0	0	7	86	1
2690	2025-03-26 13:57:06.74099-04	2025-03-26 13:57:06.74099-04	\N	Chevrolet	1	2	24	400	-1	91	0	0	0	0	1	86	1
2691	2025-03-26 13:57:06.74099-04	2025-03-26 13:57:06.74099-04	\N	Toyota	18	3	19	400	-1	0	0	0	0	0	38	86	1
2692	2025-03-26 13:57:06.74199-04	2025-03-26 13:57:06.74199-04	\N	Toyota	7	4	23	400	-1	0	0	0	0	0	29	86	1
2693	2025-03-26 13:57:06.742989-04	2025-03-26 13:57:06.742989-04	\N	Toyota	15	5	45	400	-1	28	0	0	0	0	2	86	1
2694	2025-03-26 13:57:06.743991-04	2025-03-26 13:57:06.743991-04	\N	Chevrolet	5	6	8	400	-1	1	0	0	0	0	34	86	1
2695	2025-03-26 13:57:06.744991-04	2025-03-26 13:57:06.744991-04	\N	Chevrolet	10	7	47	400	-1	4	0	0	0	0	18	86	1
2696	2025-03-26 13:57:06.744991-04	2025-03-26 13:57:06.744991-04	\N	Ford	11	8	17	400	-1	12	0	0	0	0	10	86	1
2697	2025-03-26 13:57:06.745991-04	2025-03-26 13:57:06.745991-04	\N	Chevrolet	33	9	3	400	-1	0	0	0	0	0	23	86	1
2698	2025-03-26 13:57:06.746991-04	2025-03-26 13:57:06.746991-04	\N	Ford	29	10	38	400	-1	3	0	0	0	0	36	86	1
2699	2025-03-26 13:57:06.746991-04	2025-03-26 13:57:06.746991-04	\N	Ford	2	11	4	400	-1	19	0	0	0	0	57	86	1
2700	2025-03-26 13:57:06.747992-04	2025-03-26 13:57:06.747992-04	\N	Chevrolet	31	12	48	400	-1	0	0	0	0	0	6	86	1
2701	2025-03-26 13:57:06.748992-04	2025-03-26 13:57:06.748992-04	\N	Ford	22	13	41	400	-1	0	0	0	0	0	32	86	1
2702	2025-03-26 13:57:06.748992-04	2025-03-26 13:57:06.748992-04	\N	Chevrolet	27	14	16	400	-1	0	0	0	0	0	41	86	1
2703	2025-03-26 13:57:06.749992-04	2025-03-26 13:57:06.749992-04	\N	Chevrolet	16	15	31	400	-1	0	0	0	0	0	19	86	1
2704	2025-03-26 13:57:06.750992-04	2025-03-26 13:57:06.750992-04	\N	Ford	36	16	15	400	-1	0	0	0	0	0	43	86	1
2705	2025-03-26 13:57:06.750992-04	2025-03-26 13:57:06.750992-04	\N	Chevrolet	25	17	7	400	-1	0	0	0	0	0	22	86	1
2706	2025-03-26 13:57:06.751992-04	2025-03-26 13:57:06.751992-04	\N	Ford	13	18	21	400	-1	0	0	0	0	0	44	86	1
2707	2025-03-26 13:57:06.752991-04	2025-03-26 13:57:06.752991-04	\N	Ford	3	19	6	400	-1	0	0	0	0	0	26	86	1
2708	2025-03-26 13:57:06.752991-04	2025-03-26 13:57:06.752991-04	\N	Ford	20	20	14	400	-1	0	0	0	0	0	4	86	1
2709	2025-03-26 13:57:06.753992-04	2025-03-26 13:57:06.753992-04	\N	Ford	17	21	22	400	-1	0	0	0	0	0	35	86	1
2710	2025-03-26 13:57:06.754992-04	2025-03-26 13:57:06.754992-04	\N	Chevrolet	14	22	1	400	-1	0	0	0	0	0	40	86	1
2711	2025-03-26 13:57:06.754992-04	2025-03-26 13:57:06.754992-04	\N	Chevrolet	24	23	99	400	-1	0	0	0	0	0	13	86	1
2712	2025-03-26 13:57:06.755992-04	2025-03-26 13:57:06.755992-04	\N	Toyota	9	24	20	400	-1	48	0	0	0	0	31	86	1
2713	2025-03-26 13:57:06.756992-04	2025-03-26 13:57:06.756992-04	\N	Ford	23	25	10	400	-1	0	0	0	0	0	56	86	1
2714	2025-03-26 13:57:06.756992-04	2025-03-26 13:57:06.756992-04	\N	Toyota	19	26	54	398	-1	0	0	0	0	0	16	86	1
2715	2025-03-26 13:57:06.757992-04	2025-03-26 13:57:06.757992-04	\N	Chevrolet	32	27	77	397	-1	0	0	0	0	0	14	86	1
2716	2025-03-26 13:57:06.758991-04	2025-03-26 13:57:06.758991-04	\N	Ford	30	28	34	396	-1	4	0	0	0	0	11	86	1
2717	2025-03-26 13:57:06.758991-04	2025-03-26 13:57:06.758991-04	\N	Chevrolet	34	29	78	392	-1	0	0	0	0	0	42	86	1
2718	2025-03-26 13:57:06.759991-04	2025-03-26 13:57:06.759991-04	\N	Chevrolet	12	30	5	377	-1	1	0	0	0	0	20	86	1
2719	2025-03-26 13:57:06.760992-04	2025-03-26 13:57:06.760992-04	\N	Ford	21	31	2	369	-1	0	0	0	0	0	8	86	1
2720	2025-03-26 13:57:06.760992-04	2025-03-26 13:57:06.760992-04	\N	Chevrolet	26	32	43	341	-1	0	0	0	0	0	12	86	1
2721	2025-03-26 13:57:06.761992-04	2025-03-26 13:57:06.761992-04	\N	Ford	35	33	51	265	-1	0	0	0	0	0	27	86	1
2722	2025-03-26 13:57:06.762992-04	2025-03-26 13:57:06.762992-04	\N	Chevrolet	6	34	9	185	-1	6	0	0	0	0	15	86	1
2723	2025-03-26 13:57:06.763991-04	2025-03-26 13:57:06.763991-04	\N	Toyota	4	35	11	185	-1	20	0	0	0	0	24	86	1
2724	2025-03-26 13:57:06.763991-04	2025-03-26 13:57:06.763991-04	\N	Chevrolet	28	36	42	117	-1	0	0	0	0	0	28	86	1
2725	2025-03-26 13:57:06.764991-04	2025-03-26 13:57:06.764991-04	\N	Chevrolet	37	37	84	115	-1	0	0	0	0	0	3	86	1
2726	2025-03-26 13:58:58.74623-04	2025-03-26 13:58:58.74623-04	\N	Chevrolet	4	1	24	295	-1	7	0	0	0	0	1	84	1
2727	2025-03-26 13:58:58.74823-04	2025-03-26 13:58:58.74823-04	\N	Ford	20	2	4	295	-1	5	0	0	0	0	57	84	1
2728	2025-03-26 13:58:58.749233-04	2025-03-26 13:58:58.749233-04	\N	Chevrolet	21	3	9	295	-1	0	0	0	0	0	15	84	1
2729	2025-03-26 13:58:58.750233-04	2025-03-26 13:58:58.750233-04	\N	Ford	10	4	6	295	-1	0	0	0	0	0	26	84	1
2730	2025-03-26 13:58:58.751233-04	2025-03-26 13:58:58.751233-04	\N	Toyota	2	5	23	295	-1	3	0	0	0	0	29	84	1
2731	2025-03-26 13:58:58.752233-04	2025-03-26 13:58:58.752233-04	\N	Ford	14	6	21	295	-1	0	0	0	0	0	44	84	1
2732	2025-03-26 13:58:58.753232-04	2025-03-26 13:58:58.753232-04	\N	Chevrolet	12	7	8	295	-1	0	0	0	0	0	34	84	1
2733	2025-03-26 13:58:58.753232-04	2025-03-26 13:58:58.753232-04	\N	Chevrolet	22	8	31	295	-1	0	0	0	0	0	19	84	1
2734	2025-03-26 13:58:58.754232-04	2025-03-26 13:58:58.754232-04	\N	Ford	11	9	12	295	-1	4	0	0	0	0	7	84	1
2735	2025-03-26 13:58:58.755232-04	2025-03-26 13:58:58.755232-04	\N	Ford	27	10	17	295	-1	0	0	0	0	0	10	84	1
2736	2025-03-26 13:58:58.755232-04	2025-03-26 13:58:58.755232-04	\N	Ford	24	11	38	295	-1	0	0	0	0	0	27	84	1
2737	2025-03-26 13:58:58.756232-04	2025-03-26 13:58:58.756232-04	\N	Toyota	8	12	11	295	-1	9	0	0	0	0	24	84	1
2738	2025-03-26 13:58:58.757232-04	2025-03-26 13:58:58.757232-04	\N	Chevrolet	3	13	47	295	-1	0	0	0	0	0	18	84	1
2739	2025-03-26 13:58:58.757232-04	2025-03-26 13:58:58.757232-04	\N	Toyota	16	14	20	295	-1	0	0	0	0	0	31	84	1
2740	2025-03-26 13:58:58.758232-04	2025-03-26 13:58:58.758232-04	\N	Ford	32	15	41	295	-1	0	0	0	0	0	32	84	1
2741	2025-03-26 13:58:58.758232-04	2025-03-26 13:58:58.758232-04	\N	Toyota	13	16	54	295	-1	0	0	0	0	0	16	84	1
2742	2025-03-26 13:58:58.759232-04	2025-03-26 13:58:58.759232-04	\N	Ford	31	17	14	295	-1	0	0	0	0	0	4	84	1
2743	2025-03-26 13:58:58.760233-04	2025-03-26 13:58:58.760233-04	\N	Ford	15	18	22	295	-1	0	0	0	0	0	35	84	1
2744	2025-03-26 13:58:58.761232-04	2025-03-26 13:58:58.761232-04	\N	Ford	25	19	2	295	-1	0	0	0	0	0	8	84	1
2745	2025-03-26 13:58:58.761232-04	2025-03-26 13:58:58.761232-04	\N	Chevrolet	7	20	5	295	-1	29	0	0	0	0	20	84	1
2746	2025-03-26 13:58:58.762233-04	2025-03-26 13:58:58.762233-04	\N	Ford	17	21	10	295	-1	0	0	0	0	0	56	84	1
2747	2025-03-26 13:58:58.763232-04	2025-03-26 13:58:58.763232-04	\N	Toyota	9	22	45	295	-1	0	0	0	0	0	2	84	1
2748	2025-03-26 13:58:58.763232-04	2025-03-26 13:58:58.763232-04	\N	Chevrolet	30	23	16	294	-1	0	0	0	0	0	41	84	1
2749	2025-03-26 13:58:58.764232-04	2025-03-26 13:58:58.764232-04	\N	Chevrolet	34	24	7	293	-1	0	0	0	0	0	22	84	1
2750	2025-03-26 13:58:58.764232-04	2025-03-26 13:58:58.764232-04	\N	Chevrolet	28	25	43	293	-1	0	0	0	0	0	12	84	1
2751	2025-03-26 13:58:58.765232-04	2025-03-26 13:58:58.765232-04	\N	Chevrolet	29	26	42	293	-1	0	0	0	0	0	28	84	1
2752	2025-03-26 13:58:58.766233-04	2025-03-26 13:58:58.766233-04	\N	Chevrolet	33	27	77	293	-1	0	0	0	0	0	14	84	1
2753	2025-03-26 13:58:58.767232-04	2025-03-26 13:58:58.767232-04	\N	Ford	26	28	51	291	-1	0	0	0	0	0	59	84	1
2754	2025-03-26 13:58:58.767232-04	2025-03-26 13:58:58.767232-04	\N	Chevrolet	5	29	1	287	-1	93	0	0	0	0	40	84	1
2755	2025-03-26 13:58:58.768232-04	2025-03-26 13:58:58.768232-04	\N	Chevrolet	23	30	48	286	-1	0	0	0	0	0	37	84	1
2756	2025-03-26 13:58:58.769232-04	2025-03-26 13:58:58.769232-04	\N	Toyota	1	31	19	280	-1	145	0	0	0	0	38	84	1
2757	2025-03-26 13:58:58.769232-04	2025-03-26 13:58:58.769232-04	\N	Chevrolet	35	32	78	226	-1	0	0	0	0	0	42	84	1
2758	2025-03-26 13:58:58.770232-04	2025-03-26 13:58:58.770232-04	\N	Ford	19	33	34	200	-1	0	0	0	0	0	11	84	1
2759	2025-03-26 13:58:58.770232-04	2025-03-26 13:58:58.770232-04	\N	Chevrolet	6	34	99	199	-1	0	0	0	0	0	13	84	1
2760	2025-03-26 13:58:58.771232-04	2025-03-26 13:58:58.771232-04	\N	Chevrolet	18	35	3	196	-1	0	0	0	0	0	23	84	1
2761	2025-03-26 13:58:58.772232-04	2025-03-26 13:58:58.772232-04	\N	Ford	36	36	15	39	-1	0	0	0	0	0	76	84	1
2762	2025-03-26 14:07:51.133415-04	2025-03-26 14:07:51.133415-04	\N	Toyota	8	1	11	267	-1	34	0	0	0	0	24	83	1
2763	2025-03-26 14:07:51.135417-04	2025-03-26 14:07:51.135417-04	\N	Chevrolet	2	2	5	267	-1	85	0	0	0	0	20	83	1
2764	2025-03-26 14:07:51.136414-04	2025-03-26 14:07:51.136414-04	\N	Chevrolet	1	3	24	267	-1	10	0	0	0	0	1	83	1
2765	2025-03-26 14:07:51.137416-04	2025-03-26 14:07:51.137416-04	\N	Toyota	17	4	23	267	-1	9	0	0	0	0	29	83	1
2766	2025-03-26 14:07:51.138414-04	2025-03-26 14:07:51.138414-04	\N	Chevrolet	3	5	1	267	-1	3	0	0	0	0	40	83	1
2767	2025-03-26 14:07:51.139415-04	2025-03-26 14:07:51.139415-04	\N	Ford	6	6	22	267	-1	8	0	0	0	0	35	83	1
2768	2025-03-26 14:07:51.139415-04	2025-03-26 14:07:51.139415-04	\N	Chevrolet	21	7	9	267	-1	5	0	0	0	0	15	83	1
2769	2025-03-26 14:07:51.140417-04	2025-03-26 14:07:51.140417-04	\N	Toyota	4	8	19	267	-1	79	0	0	0	0	38	83	1
2770	2025-03-26 14:07:51.141414-04	2025-03-26 14:07:51.141414-04	\N	Toyota	5	9	45	267	-1	23	0	0	0	0	2	83	1
2771	2025-03-26 14:07:51.141414-04	2025-03-26 14:07:51.141414-04	\N	Chevrolet	11	10	3	267	-1	0	0	0	0	0	23	83	1
2772	2025-03-26 14:07:51.142418-04	2025-03-26 14:07:51.142418-04	\N	Ford	13	11	4	267	-1	0	0	0	0	0	57	83	1
2773	2025-03-26 14:07:51.143416-04	2025-03-26 14:07:51.143416-04	\N	Chevrolet	33	12	47	267	-1	0	0	0	0	0	18	83	1
2774	2025-03-26 14:07:51.143416-04	2025-03-26 14:07:51.143416-04	\N	Ford	18	13	10	267	-1	0	0	0	0	0	56	83	1
2775	2025-03-26 14:07:51.144418-04	2025-03-26 14:07:51.144418-04	\N	Chevrolet	27	14	16	267	-1	0	0	0	0	0	41	83	1
2776	2025-03-26 14:07:51.145411-04	2025-03-26 14:07:51.145411-04	\N	Chevrolet	9	15	99	267	-1	0	0	0	0	0	13	83	1
2777	2025-03-26 14:07:51.145411-04	2025-03-26 14:07:51.145411-04	\N	Ford	10	16	12	267	-1	0	0	0	0	0	7	83	1
2778	2025-03-26 14:07:51.146412-04	2025-03-26 14:07:51.146412-04	\N	Ford	14	17	17	267	-1	0	0	0	0	0	10	83	1
2779	2025-03-26 14:07:51.147411-04	2025-03-26 14:07:51.147411-04	\N	Chevrolet	30	18	31	267	-1	0	0	0	0	0	19	83	1
2780	2025-03-26 14:07:51.148412-04	2025-03-26 14:07:51.148412-04	\N	Ford	20	19	6	267	-1	0	0	0	0	0	26	83	1
2781	2025-03-26 14:07:51.149412-04	2025-03-26 14:07:51.149412-04	\N	Chevrolet	24	20	7	267	-1	7	0	0	0	0	22	83	1
2782	2025-03-26 14:07:51.149412-04	2025-03-26 14:07:51.149412-04	\N	Chevrolet	19	21	43	267	-1	0	0	0	0	0	12	83	1
2783	2025-03-26 14:07:51.150411-04	2025-03-26 14:07:51.150411-04	\N	Chevrolet	26	22	77	267	-1	0	0	0	0	0	14	83	1
2784	2025-03-26 14:07:51.151411-04	2025-03-26 14:07:51.151411-04	\N	Ford	35	23	51	266	-1	0	0	0	0	0	43	83	1
2785	2025-03-26 14:07:51.152412-04	2025-03-26 14:07:51.152412-04	\N	Ford	32	24	38	266	-1	0	0	0	0	0	27	83	1
2786	2025-03-26 14:07:51.152412-04	2025-03-26 14:07:51.152412-04	\N	Chevrolet	29	25	48	266	-1	0	0	0	0	0	37	83	1
2787	2025-03-26 14:07:51.153412-04	2025-03-26 14:07:51.153412-04	\N	Ford	23	26	34	266	-1	1	0	0	0	0	11	83	1
2788	2025-03-26 14:07:51.15441-04	2025-03-26 14:07:51.15441-04	\N	Ford	28	27	41	266	-1	0	0	0	0	0	32	83	1
2789	2025-03-26 14:07:51.15441-04	2025-03-26 14:07:51.15441-04	\N	Ford	34	28	15	264	-1	0	0	0	0	0	76	83	1
2790	2025-03-26 14:07:51.15541-04	2025-03-26 14:07:51.15541-04	\N	Chevrolet	22	29	42	262	-1	0	0	0	0	0	28	83	1
2791	2025-03-26 14:07:51.156411-04	2025-03-26 14:07:51.156411-04	\N	Ford	25	30	21	261	-1	0	0	0	0	0	44	83	1
2792	2025-03-26 14:07:51.156411-04	2025-03-26 14:07:51.156411-04	\N	Ford	15	31	2	260	-1	0	0	0	0	0	8	83	1
2793	2025-03-26 14:07:51.15741-04	2025-03-26 14:07:51.15741-04	\N	Ford	31	32	14	260	-1	0	0	0	0	0	4	83	1
2794	2025-03-26 14:07:51.15741-04	2025-03-26 14:07:51.15741-04	\N	Chevrolet	36	33	78	260	-1	0	0	0	0	0	55	83	1
2795	2025-03-26 14:07:51.158411-04	2025-03-26 14:07:51.158411-04	\N	Toyota	7	34	54	176	-1	0	0	0	0	0	16	83	1
2796	2025-03-26 14:07:51.159411-04	2025-03-26 14:07:51.159411-04	\N	Chevrolet	16	35	8	162	-1	0	0	0	0	0	34	83	1
2797	2025-03-26 14:07:51.159411-04	2025-03-26 14:07:51.159411-04	\N	Toyota	12	36	20	157	-1	3	0	0	0	0	31	83	1
2798	2025-03-26 14:09:52.110092-04	2025-03-26 14:09:52.110092-04	\N	Toyota	17	1	19	400	-1	68	0	0	0	0	38	82	1
2799	2025-03-26 14:09:52.112092-04	2025-03-26 14:09:52.112092-04	\N	Chevrolet	14	2	1	400	-1	98	0	0	0	0	40	82	1
2800	2025-03-26 14:09:52.113095-04	2025-03-26 14:09:52.113095-04	\N	Ford	3	3	12	400	-1	0	0	0	0	0	7	82	1
2801	2025-03-26 14:09:52.114091-04	2025-03-26 14:09:52.114091-04	\N	Chevrolet	8	4	24	400	-1	193	0	0	0	0	1	82	1
2802	2025-03-26 14:09:52.114091-04	2025-03-26 14:09:52.114091-04	\N	Toyota	13	5	11	400	-1	4	0	0	0	0	24	82	1
2803	2025-03-26 14:09:52.115094-04	2025-03-26 14:09:52.115094-04	\N	Toyota	2	6	20	400	-1	1	0	0	0	0	31	82	1
2804	2025-03-26 14:09:52.116092-04	2025-03-26 14:09:52.116092-04	\N	Toyota	7	7	45	400	-1	0	0	0	0	0	2	82	1
2805	2025-03-26 14:09:52.117093-04	2025-03-26 14:09:52.117093-04	\N	Ford	4	8	6	400	-1	8	0	0	0	0	26	82	1
2806	2025-03-26 14:09:52.117093-04	2025-03-26 14:09:52.117093-04	\N	Ford	5	9	17	400	-1	0	0	0	0	0	10	82	1
2807	2025-03-26 14:09:52.119095-04	2025-03-26 14:09:52.119095-04	\N	Chevrolet	23	10	48	400	-1	3	0	0	0	0	37	82	1
2808	2025-03-26 14:09:52.120093-04	2025-03-26 14:09:52.120093-04	\N	Chevrolet	10	11	9	400	-1	0	0	0	0	0	15	82	1
2809	2025-03-26 14:09:52.120093-04	2025-03-26 14:09:52.120093-04	\N	Toyota	28	12	23	400	-1	0	0	0	0	0	29	82	1
2810	2025-03-26 14:09:52.121093-04	2025-03-26 14:09:52.121093-04	\N	Toyota	24	13	54	399	-1	0	0	0	0	0	16	82	1
2811	2025-03-26 14:09:52.122092-04	2025-03-26 14:09:52.122092-04	\N	Chevrolet	27	14	7	399	-1	0	0	0	0	0	22	82	1
2812	2025-03-26 14:09:52.123092-04	2025-03-26 14:09:52.123092-04	\N	Chevrolet	9	15	47	399	-1	0	0	0	0	0	18	82	1
2813	2025-03-26 14:09:52.124093-04	2025-03-26 14:09:52.124093-04	\N	Chevrolet	11	16	43	399	-1	0	0	0	0	0	12	82	1
2814	2025-03-26 14:09:52.124093-04	2025-03-26 14:09:52.124093-04	\N	Ford	30	17	41	399	-1	0	0	0	0	0	32	82	1
2815	2025-03-26 14:09:52.125093-04	2025-03-26 14:09:52.125093-04	\N	Chevrolet	29	18	16	399	-1	0	0	0	0	0	41	82	1
2816	2025-03-26 14:09:52.126093-04	2025-03-26 14:09:52.126093-04	\N	Ford	12	19	4	399	-1	0	0	0	0	0	57	82	1
2817	2025-03-26 14:09:52.126093-04	2025-03-26 14:09:52.126093-04	\N	Ford	31	20	21	398	-1	0	0	0	0	0	44	82	1
2818	2025-03-26 14:09:52.127093-04	2025-03-26 14:09:52.127093-04	\N	Chevrolet	1	21	8	397	-1	25	0	0	0	0	34	82	1
2819	2025-03-26 14:09:52.128093-04	2025-03-26 14:09:52.128093-04	\N	Ford	32	22	34	397	-1	0	0	0	0	0	11	82	1
2820	2025-03-26 14:09:52.128093-04	2025-03-26 14:09:52.128093-04	\N	Chevrolet	25	23	31	397	-1	0	0	0	0	0	19	82	1
2821	2025-03-26 14:09:52.129092-04	2025-03-26 14:09:52.129092-04	\N	Ford	19	24	10	397	-1	0	0	0	0	0	56	82	1
2822	2025-03-26 14:09:52.129092-04	2025-03-26 14:09:52.129092-04	\N	Ford	35	25	38	396	-1	0	0	0	0	0	27	82	1
2823	2025-03-26 14:09:52.130092-04	2025-03-26 14:09:52.130092-04	\N	Ford	20	26	2	396	-1	0	0	0	0	0	8	82	1
2824	2025-03-26 14:09:52.131092-04	2025-03-26 14:09:52.131092-04	\N	Chevrolet	36	27	3	395	-1	0	0	0	0	0	23	82	1
2825	2025-03-26 14:09:52.131092-04	2025-03-26 14:09:52.131092-04	\N	Ford	21	28	51	393	-1	0	0	0	0	0	43	82	1
2826	2025-03-26 14:09:52.132093-04	2025-03-26 14:09:52.132093-04	\N	Chevrolet	22	29	78	381	-1	0	0	0	0	0	42	82	1
2827	2025-03-26 14:09:52.133092-04	2025-03-26 14:09:52.133092-04	\N	Ford	6	30	14	378	-1	0	0	0	0	0	4	82	1
2828	2025-03-26 14:09:52.133092-04	2025-03-26 14:09:52.133092-04	\N	Ford	26	31	22	375	-1	0	0	0	0	0	35	82	1
2829	2025-03-26 14:09:52.134093-04	2025-03-26 14:09:52.134093-04	\N	Chevrolet	18	32	5	359	-1	0	0	0	0	0	20	82	1
2830	2025-03-26 14:09:52.135092-04	2025-03-26 14:09:52.135092-04	\N	Ford	34	33	15	79	-1	0	0	0	0	0	76	82	1
2831	2025-03-26 14:09:52.136093-04	2025-03-26 14:09:52.136093-04	\N	Chevrolet	33	34	42	43	-1	0	0	0	0	0	28	82	1
2832	2025-03-26 14:09:52.137093-04	2025-03-26 14:09:52.137093-04	\N	Chevrolet	15	35	99	35	-1	0	0	0	0	0	13	82	1
2833	2025-03-26 14:09:52.138093-04	2025-03-26 14:09:52.138093-04	\N	Chevrolet	16	36	77	34	-1	0	0	0	0	0	14	82	1
2834	2025-03-26 14:13:07.305416-04	2025-03-26 14:13:07.305416-04	\N	Chevrolet	17	1	8	196	-1	3	0	0	0	0	34	81	1
2835	2025-03-26 14:13:07.306933-04	2025-03-26 14:13:07.306933-04	\N	Ford	5	2	12	196	-1	47	0	0	0	0	7	81	1
2836	2025-03-26 14:13:07.307946-04	2025-03-26 14:13:07.307946-04	\N	Ford	10	3	17	196	-1	0	0	0	0	0	10	81	1
2837	2025-03-26 14:13:07.308944-04	2025-03-26 14:13:07.308944-04	\N	Ford	4	4	14	196	-1	1	0	0	0	0	4	81	1
2838	2025-03-26 14:13:07.309948-04	2025-03-26 14:13:07.309948-04	\N	Ford	20	5	6	196	-1	2	0	0	0	0	26	81	1
2839	2025-03-26 14:13:07.309948-04	2025-03-26 14:13:07.309948-04	\N	Chevrolet	24	6	43	196	-1	3	0	0	0	0	12	81	1
2840	2025-03-26 14:13:07.310945-04	2025-03-26 14:13:07.310945-04	\N	Chevrolet	18	7	24	196	-1	1	0	0	0	0	1	81	1
2841	2025-03-26 14:13:07.310945-04	2025-03-26 14:13:07.310945-04	\N	Toyota	6	8	20	196	-1	0	0	0	0	0	31	81	1
2842	2025-03-26 14:13:07.311947-04	2025-03-26 14:13:07.311947-04	\N	Chevrolet	22	9	99	196	-1	5	0	0	0	0	13	81	1
2843	2025-03-26 14:13:07.312945-04	2025-03-26 14:13:07.312945-04	\N	Ford	28	10	36	196	-1	0	0	0	0	0	27	81	1
2844	2025-03-26 14:13:07.313943-04	2025-03-26 14:13:07.313943-04	\N	Ford	38	11	51	196	-1	0	0	0	0	0	43	81	1
2845	2025-03-26 14:13:07.314944-04	2025-03-26 14:13:07.314944-04	\N	Chevrolet	29	12	9	196	-1	18	0	0	0	0	15	81	1
2846	2025-03-26 14:13:07.314944-04	2025-03-26 14:13:07.314944-04	\N	Chevrolet	27	13	48	196	-1	8	0	0	0	0	6	81	1
2847	2025-03-26 14:13:07.315944-04	2025-03-26 14:13:07.315944-04	\N	Chevrolet	32	14	77	196	-1	0	0	0	0	0	14	81	1
2848	2025-03-26 14:13:07.316943-04	2025-03-26 14:13:07.316943-04	\N	Chevrolet	33	15	47	196	-1	0	0	0	0	0	18	81	1
2849	2025-03-26 14:13:07.317951-04	2025-03-26 14:13:07.317951-04	\N	Toyota	13	16	45	196	-1	0	0	0	0	0	2	81	1
2850	2025-03-26 14:13:07.318947-04	2025-03-26 14:13:07.318947-04	\N	Toyota	1	17	11	196	-1	7	0	0	0	0	24	81	1
2851	2025-03-26 14:13:07.318947-04	2025-03-26 14:13:07.318947-04	\N	Chevrolet	37	18	78	196	-1	1	0	0	0	0	42	81	1
2852	2025-03-26 14:13:07.319946-04	2025-03-26 14:13:07.319946-04	\N	Chevrolet	26	19	31	196	-1	0	0	0	0	0	19	81	1
2853	2025-03-26 14:13:07.320943-04	2025-03-26 14:13:07.320943-04	\N	Ford	36	20	15	196	-1	0	0	0	0	0	17	81	1
2854	2025-03-26 14:13:07.321943-04	2025-03-26 14:13:07.321943-04	\N	Ford	11	21	4	196	-1	11	0	0	0	0	57	81	1
2855	2025-03-26 14:13:07.322943-04	2025-03-26 14:13:07.322943-04	\N	Ford	2	22	10	196	-1	11	0	0	0	0	56	81	1
2856	2025-03-26 14:13:07.323943-04	2025-03-26 14:13:07.323943-04	\N	Chevrolet	23	23	1	196	-1	3	0	0	0	0	40	81	1
2857	2025-03-26 14:13:07.323943-04	2025-03-26 14:13:07.323943-04	\N	Chevrolet	31	24	62	196	-1	0	0	0	0	0	70	81	1
2858	2025-03-26 14:13:07.324943-04	2025-03-26 14:13:07.324943-04	\N	Chevrolet	34	25	7	196	-1	0	0	0	0	0	22	81	1
2859	2025-03-26 14:13:07.325942-04	2025-03-26 14:13:07.325942-04	\N	Ford	15	26	2	196	-1	0	0	0	0	0	8	81	1
2860	2025-03-26 14:13:07.326946-04	2025-03-26 14:13:07.326946-04	\N	Toyota	7	27	19	196	-1	19	0	0	0	0	38	81	1
2861	2025-03-26 14:13:07.326946-04	2025-03-26 14:13:07.326946-04	\N	Toyota	12	28	23	195	-1	35	0	0	0	0	29	81	1
2862	2025-03-26 14:13:07.327945-04	2025-03-26 14:13:07.327945-04	\N	Chevrolet	19	29	16	195	-1	0	0	0	0	0	41	81	1
2863	2025-03-26 14:13:07.32894-04	2025-03-26 14:13:07.32894-04	\N	Ford	8	30	22	195	-1	3	0	0	0	0	35	81	1
2864	2025-03-26 14:13:07.329942-04	2025-03-26 14:13:07.329942-04	\N	Toyota	3	31	54	194	-1	4	0	0	0	0	16	81	1
2865	2025-03-26 14:13:07.329942-04	2025-03-26 14:13:07.329942-04	\N	Chevrolet	30	32	42	189	-1	1	0	0	0	0	28	81	1
2866	2025-03-26 14:13:07.330943-04	2025-03-26 14:13:07.330943-04	\N	Chevrolet	9	33	5	189	-1	0	0	0	0	0	20	81	1
2867	2025-03-26 14:13:07.331941-04	2025-03-26 14:13:07.331941-04	\N	Ford	16	34	41	189	-1	2	0	0	0	0	32	81	1
2868	2025-03-26 14:13:07.331941-04	2025-03-26 14:13:07.331941-04	\N	Ford	21	35	34	189	-1	0	0	0	0	0	11	81	1
2869	2025-03-26 14:13:07.332941-04	2025-03-26 14:13:07.332941-04	\N	Ford	25	36	21	183	-1	11	0	0	0	0	44	81	1
2870	2025-03-26 14:13:07.333943-04	2025-03-26 14:13:07.333943-04	\N	Ford	35	37	38	141	-1	0	0	0	0	0	36	81	1
2871	2025-03-26 14:13:07.333943-04	2025-03-26 14:13:07.333943-04	\N	Chevrolet	14	38	3	141	-1	0	0	0	0	0	23	81	1
2872	2025-03-26 14:14:54.492385-04	2025-03-26 14:14:54.492385-04	\N	Toyota	4	1	20	250	-1	100	0	0	0	0	31	80	1
2873	2025-03-26 14:14:54.493923-04	2025-03-26 14:14:54.494441-04	\N	Toyota	6	2	45	250	-1	69	0	0	0	0	2	80	1
2874	2025-03-26 14:14:54.494955-04	2025-03-26 14:14:54.494955-04	\N	Chevrolet	2	3	3	250	-1	0	0	0	0	0	23	80	1
2875	2025-03-26 14:14:54.495982-04	2025-03-26 14:14:54.495982-04	\N	Chevrolet	22	4	47	250	-1	0	0	0	0	0	18	80	1
2876	2025-03-26 14:14:54.496598-04	2025-03-26 14:14:54.496598-04	\N	Ford	14	5	14	250	-1	0	0	0	0	0	4	80	1
2877	2025-03-26 14:14:54.497623-04	2025-03-26 14:14:54.497623-04	\N	Chevrolet	25	6	31	250	-1	0	0	0	0	0	19	80	1
2878	2025-03-26 14:14:54.498647-04	2025-03-26 14:14:54.498647-04	\N	Toyota	27	7	19	250	-1	0	0	0	0	0	38	80	1
2879	2025-03-26 14:14:54.499671-04	2025-03-26 14:14:54.499671-04	\N	Ford	15	8	38	250	-1	0	0	0	0	0	27	80	1
2880	2025-03-26 14:14:54.500182-04	2025-03-26 14:14:54.500182-04	\N	Ford	26	9	4	250	-1	0	0	0	0	0	57	80	1
2881	2025-03-26 14:14:54.501206-04	2025-03-26 14:14:54.501206-04	\N	Toyota	23	10	54	250	-1	0	0	0	0	0	16	80	1
2882	2025-03-26 14:14:54.502252-04	2025-03-26 14:14:54.502252-04	\N	Ford	13	11	34	250	-1	0	0	0	0	0	11	80	1
2883	2025-03-26 14:14:54.502765-04	2025-03-26 14:14:54.502765-04	\N	Toyota	11	12	23	250	-1	0	0	0	0	0	29	80	1
2884	2025-03-26 14:14:54.503788-04	2025-03-26 14:14:54.503788-04	\N	Chevrolet	10	13	24	250	-1	0	0	0	0	0	1	80	1
2885	2025-03-26 14:14:54.504298-04	2025-03-26 14:14:54.504298-04	\N	Chevrolet	18	14	43	250	-1	0	0	0	0	0	12	80	1
2886	2025-03-26 14:14:54.505322-04	2025-03-26 14:14:54.505322-04	\N	Ford	20	15	21	250	-1	0	0	0	0	0	44	80	1
2887	2025-03-26 14:14:54.505858-04	2025-03-26 14:14:54.505858-04	\N	Chevrolet	29	16	16	250	-1	0	0	0	0	0	41	80	1
2888	2025-03-26 14:14:54.506879-04	2025-03-26 14:14:54.506879-04	\N	Ford	33	17	6	250	-1	0	0	0	0	0	26	80	1
2889	2025-03-26 14:14:54.507389-04	2025-03-26 14:14:54.507389-04	\N	Ford	28	18	17	250	-1	0	0	0	0	0	10	80	1
2890	2025-03-26 14:14:54.507899-04	2025-03-26 14:14:54.507899-04	\N	Ford	7	19	2	250	-1	0	0	0	0	0	8	80	1
2891	2025-03-26 14:14:54.508917-04	2025-03-26 14:14:54.508917-04	\N	Ford	3	20	15	250	-1	0	0	0	0	0	43	80	1
2892	2025-03-26 14:14:54.509426-04	2025-03-26 14:14:54.509426-04	\N	Chevrolet	32	21	77	250	-1	0	0	0	0	0	14	80	1
2893	2025-03-26 14:14:54.510445-04	2025-03-26 14:14:54.510445-04	\N	Toyota	30	22	11	250	-1	0	0	0	0	0	24	80	1
2894	2025-03-26 14:14:54.510954-04	2025-03-26 14:14:54.510954-04	\N	Ford	9	23	12	250	-1	0	0	0	0	0	7	80	1
2895	2025-03-26 14:14:54.511464-04	2025-03-26 14:14:54.511464-04	\N	Ford	8	24	41	250	-1	0	0	0	0	0	32	80	1
2896	2025-03-26 14:14:54.512589-04	2025-03-26 14:14:54.512589-04	\N	Chevrolet	34	25	99	250	-1	0	0	0	0	0	13	80	1
2897	2025-03-26 14:14:54.513106-04	2025-03-26 14:14:54.513106-04	\N	Chevrolet	37	26	78	250	-1	0	0	0	0	0	42	80	1
2898	2025-03-26 14:14:54.514135-04	2025-03-26 14:14:54.514135-04	\N	Chevrolet	31	27	9	250	-1	0	0	0	0	0	37	80	1
2899	2025-03-26 14:14:54.514648-04	2025-03-26 14:14:54.514648-04	\N	Chevrolet	16	28	1	249	-1	0	0	0	0	0	40	80	1
2900	2025-03-26 14:14:54.515161-04	2025-03-26 14:14:54.515161-04	\N	Chevrolet	17	29	48	248	-1	0	0	0	0	0	6	80	1
2901	2025-03-26 14:14:54.516201-04	2025-03-26 14:14:54.516201-04	\N	Chevrolet	35	30	7	247	-1	0	0	0	0	0	22	80	1
2902	2025-03-26 14:14:54.516717-04	2025-03-26 14:14:54.516717-04	\N	Ford	19	31	10	240	-1	0	0	0	0	0	56	80	1
2903	2025-03-26 14:14:54.517747-04	2025-03-26 14:14:54.517747-04	\N	Chevrolet	5	32	8	236	-1	6	0	0	0	0	34	80	1
2904	2025-03-26 14:14:54.518778-04	2025-03-26 14:14:54.518778-04	\N	Chevrolet	36	33	42	205	-1	0	0	0	0	0	28	80	1
2905	2025-03-26 14:14:54.520326-04	2025-03-26 14:14:54.520326-04	\N	Ford	24	34	51	185	-1	0	0	0	0	0	83	80	1
2906	2025-03-26 14:14:54.521352-04	2025-03-26 14:14:54.521352-04	\N	Chevrolet	1	35	5	177	-1	75	0	0	0	0	20	80	1
2907	2025-03-26 14:14:54.522395-04	2025-03-26 14:14:54.522395-04	\N	Chevrolet	21	36	13	176	-1	0	0	0	0	0	84	80	1
2908	2025-03-26 14:14:54.523426-04	2025-03-26 14:14:54.523426-04	\N	Ford	12	37	22	96	-1	0	0	0	0	0	35	80	1
2909	2025-03-26 14:16:57.179381-04	2025-03-26 14:16:57.179381-04	\N	Ford	1	1	22	260	-1	140	0	0	0	0	35	77	1
2910	2025-03-26 14:16:57.181438-04	2025-03-26 14:16:57.181438-04	\N	Ford	4	2	6	260	-1	47	0	0	0	0	26	77	1
2911	2025-03-26 14:16:57.182473-04	2025-03-26 14:16:57.182473-04	\N	Toyota	10	3	20	260	-1	6	0	0	0	0	31	77	1
2912	2025-03-26 14:16:57.182989-04	2025-03-26 14:16:57.182989-04	\N	Chevrolet	31	4	7	260	-1	0	0	0	0	0	22	77	1
2913	2025-03-26 14:16:57.184021-04	2025-03-26 14:16:57.184021-04	\N	Toyota	16	5	45	260	-1	0	0	0	0	0	2	77	1
2914	2025-03-26 14:16:57.184538-04	2025-03-26 14:16:57.184538-04	\N	Toyota	14	6	11	260	-1	14	0	0	0	0	24	77	1
2915	2025-03-26 14:16:57.18557-04	2025-03-26 14:16:57.18557-04	\N	Ford	3	7	12	260	-1	5	0	0	0	0	7	77	1
2916	2025-03-26 14:16:57.186086-04	2025-03-26 14:16:57.186086-04	\N	Chevrolet	28	8	43	260	-1	0	0	0	0	0	12	77	1
2917	2025-03-26 14:16:57.18712-04	2025-03-26 14:16:57.18712-04	\N	Toyota	35	9	54	260	-1	0	0	0	0	0	16	77	1
2918	2025-03-26 14:16:57.187636-04	2025-03-26 14:16:57.187636-04	\N	Chevrolet	17	10	8	260	-1	7	0	0	0	0	34	77	1
2919	2025-03-26 14:16:57.188666-04	2025-03-26 14:16:57.188666-04	\N	Ford	2	11	2	260	-1	5	0	0	0	0	8	77	1
2920	2025-03-26 14:16:57.189182-04	2025-03-26 14:16:57.189182-04	\N	Chevrolet	22	12	42	260	-1	0	0	0	0	0	28	77	1
2921	2025-03-26 14:16:57.190211-04	2025-03-26 14:16:57.190211-04	\N	Chevrolet	18	13	1	260	-1	5	0	0	0	0	40	77	1
2922	2025-03-26 14:16:57.190726-04	2025-03-26 14:16:57.190726-04	\N	Chevrolet	15	14	48	260	-1	0	0	0	0	0	6	77	1
2923	2025-03-26 14:16:57.191769-04	2025-03-26 14:16:57.191769-04	\N	Ford	23	15	38	260	-1	0	0	0	0	0	27	77	1
2924	2025-03-26 14:16:57.192942-04	2025-03-26 14:16:57.192942-04	\N	Chevrolet	30	16	16	260	-1	0	0	0	0	0	41	77	1
2925	2025-03-26 14:16:57.193457-04	2025-03-26 14:16:57.193457-04	\N	Chevrolet	27	17	47	260	-1	7	0	0	0	0	18	77	1
2926	2025-03-26 14:16:57.194512-04	2025-03-26 14:16:57.194512-04	\N	Chevrolet	21	18	9	260	-1	0	0	0	0	0	37	77	1
2927	2025-03-26 14:16:57.195574-04	2025-03-26 14:16:57.195574-04	\N	Toyota	29	19	19	260	-1	0	0	0	0	0	38	77	1
2928	2025-03-26 14:16:57.196089-04	2025-03-26 14:16:57.196089-04	\N	Chevrolet	13	20	3	260	-1	0	0	0	0	0	23	77	1
2929	2025-03-26 14:16:57.1966-04	2025-03-26 14:16:57.1966-04	\N	Ford	12	21	34	260	-1	0	0	0	0	0	11	77	1
2930	2025-03-26 14:16:57.197623-04	2025-03-26 14:16:57.197623-04	\N	Chevrolet	20	22	31	260	-1	0	0	0	0	0	19	77	1
2931	2025-03-26 14:16:57.198134-04	2025-03-26 14:16:57.198134-04	\N	Chevrolet	26	23	77	260	-1	0	0	0	0	0	14	77	1
2932	2025-03-26 14:16:57.198645-04	2025-03-26 14:16:57.198645-04	\N	Ford	8	24	14	259	-1	0	0	0	0	0	4	77	1
2933	2025-03-26 14:16:57.199667-04	2025-03-26 14:16:57.199667-04	\N	Ford	32	25	51	258	-1	1	0	0	0	0	25	77	1
2934	2025-03-26 14:16:57.200184-04	2025-03-26 14:16:57.200184-04	\N	Ford	34	26	15	258	-1	0	0	0	0	0	43	77	1
2935	2025-03-26 14:16:57.200698-04	2025-03-26 14:16:57.200698-04	\N	Toyota	19	27	23	255	-1	0	0	0	0	0	29	77	1
2936	2025-03-26 14:16:57.201729-04	2025-03-26 14:16:57.201729-04	\N	Ford	24	28	41	244	-1	0	0	0	0	0	32	77	1
2937	2025-03-26 14:16:57.201729-04	2025-03-26 14:16:57.201729-04	\N	Chevrolet	25	29	99	213	-1	0	0	0	0	0	13	77	1
2938	2025-03-26 14:16:57.202734-04	2025-03-26 14:16:57.202734-04	\N	Ford	5	30	10	208	-1	17	0	0	0	0	56	77	1
2939	2025-03-26 14:16:57.203641-04	2025-03-26 14:16:57.203641-04	\N	Chevrolet	9	31	5	208	-1	0	0	0	0	0	20	77	1
2940	2025-03-26 14:16:57.203641-04	2025-03-26 14:16:57.203641-04	\N	Chevrolet	11	32	24	192	-1	0	0	0	0	0	1	77	1
2941	2025-03-26 14:16:57.204646-04	2025-03-26 14:16:57.204646-04	\N	Ford	6	33	4	190	-1	1	0	0	0	0	57	77	1
2942	2025-03-26 14:16:57.205646-04	2025-03-26 14:16:57.205646-04	\N	Ford	33	34	21	190	-1	0	0	0	0	0	44	77	1
2943	2025-03-26 14:16:57.205646-04	2025-03-26 14:16:57.205646-04	\N	Ford	7	35	17	189	-1	5	0	0	0	0	10	77	1
2944	2025-03-26 14:16:57.206646-04	2025-03-26 14:16:57.206646-04	\N	Chevrolet	36	36	78	189	-1	0	0	0	0	0	42	77	1
2945	2025-03-26 14:18:42.622971-04	2025-03-26 14:18:42.622971-04	\N	Chevrolet	2	1	24	271	-1	176	0	0	0	0	1	75	1
2946	2025-03-26 14:18:42.62497-04	2025-03-26 14:18:42.62497-04	\N	Chevrolet	6	2	5	271	-1	63	0	0	0	0	20	75	1
2947	2025-03-26 14:18:42.62597-04	2025-03-26 14:18:42.62597-04	\N	Chevrolet	11	3	48	271	-1	2	0	0	0	0	6	75	1
2948	2025-03-26 14:18:42.62697-04	2025-03-26 14:18:42.62697-04	\N	Toyota	13	4	23	271	-1	0	0	0	0	0	29	75	1
2949	2025-03-26 14:18:42.62797-04	2025-03-26 14:18:42.62797-04	\N	Toyota	10	5	20	271	-1	0	0	0	0	0	31	75	1
2950	2025-03-26 14:18:42.62797-04	2025-03-26 14:18:42.62797-04	\N	Ford	9	6	2	271	-1	0	0	0	0	0	8	75	1
2951	2025-03-26 14:18:42.62897-04	2025-03-26 14:18:42.62897-04	\N	Toyota	15	7	19	271	-1	3	0	0	0	0	38	75	1
2952	2025-03-26 14:18:42.62997-04	2025-03-26 14:18:42.62997-04	\N	Chevrolet	27	8	31	271	-1	0	0	0	0	0	19	75	1
2953	2025-03-26 14:18:42.62997-04	2025-03-26 14:18:42.62997-04	\N	Ford	14	9	4	271	-1	0	0	0	0	0	57	75	1
2954	2025-03-26 14:18:42.63097-04	2025-03-26 14:18:42.63097-04	\N	Chevrolet	24	10	99	271	-1	0	0	0	0	0	13	75	1
2955	2025-03-26 14:18:42.63197-04	2025-03-26 14:18:42.63197-04	\N	Toyota	12	11	11	271	-1	10	0	0	0	0	24	75	1
2956	2025-03-26 14:18:42.63197-04	2025-03-26 14:18:42.63197-04	\N	Chevrolet	8	12	1	271	-1	0	0	0	0	0	40	75	1
2957	2025-03-26 14:18:42.63297-04	2025-03-26 14:18:42.63297-04	\N	Ford	3	13	12	271	-1	0	0	0	0	0	7	75	1
2958	2025-03-26 14:18:42.633971-04	2025-03-26 14:18:42.633971-04	\N	Chevrolet	5	14	8	271	-1	0	0	0	0	0	34	75	1
2959	2025-03-26 14:18:42.634971-04	2025-03-26 14:18:42.634971-04	\N	Toyota	34	15	45	271	-1	3	0	0	0	0	2	75	1
2960	2025-03-26 14:18:42.63597-04	2025-03-26 14:18:42.63597-04	\N	Ford	21	16	10	271	-1	0	0	0	0	0	56	75	1
2961	2025-03-26 14:18:42.636972-04	2025-03-26 14:18:42.636972-04	\N	Ford	7	17	6	271	-1	5	0	0	0	0	26	75	1
2962	2025-03-26 14:18:42.636972-04	2025-03-26 14:18:42.636972-04	\N	Chevrolet	23	18	16	271	-1	0	0	0	0	0	41	75	1
2963	2025-03-26 14:18:42.637971-04	2025-03-26 14:18:42.637971-04	\N	Chevrolet	22	19	43	270	-1	0	0	0	0	0	12	75	1
2964	2025-03-26 14:18:42.637971-04	2025-03-26 14:18:42.637971-04	\N	Chevrolet	19	20	7	270	-1	0	0	0	0	0	22	75	1
2965	2025-03-26 14:18:42.63897-04	2025-03-26 14:18:42.63897-04	\N	Ford	18	21	17	270	-1	0	0	0	0	0	10	75	1
2966	2025-03-26 14:18:42.63997-04	2025-03-26 14:18:42.63997-04	\N	Toyota	4	22	54	270	-1	0	0	0	0	0	16	75	1
2967	2025-03-26 14:18:42.63997-04	2025-03-26 14:18:42.63997-04	\N	Ford	31	23	41	270	-1	0	0	0	0	0	32	75	1
2968	2025-03-26 14:18:42.640969-04	2025-03-26 14:18:42.640969-04	\N	Chevrolet	16	24	47	270	-1	0	0	0	0	0	18	75	1
2969	2025-03-26 14:18:42.640969-04	2025-03-26 14:18:42.640969-04	\N	Ford	17	25	34	270	-1	0	0	0	0	0	11	75	1
2970	2025-03-26 14:18:42.64197-04	2025-03-26 14:18:42.64197-04	\N	Ford	35	26	21	269	-1	0	0	0	0	0	44	75	1
2971	2025-03-26 14:18:42.64297-04	2025-03-26 14:18:42.64297-04	\N	Chevrolet	26	27	3	269	-1	0	0	0	0	0	23	75	1
2972	2025-03-26 14:18:42.64297-04	2025-03-26 14:18:42.64297-04	\N	Ford	20	28	14	269	-1	0	0	0	0	0	4	75	1
2973	2025-03-26 14:18:42.64397-04	2025-03-26 14:18:42.64397-04	\N	Chevrolet	32	29	9	269	-1	0	0	0	0	0	37	75	1
2974	2025-03-26 14:18:42.64397-04	2025-03-26 14:18:42.64397-04	\N	Chevrolet	25	30	42	269	-1	0	0	0	0	0	28	75	1
2975	2025-03-26 14:18:42.644971-04	2025-03-26 14:18:42.644971-04	\N	Ford	28	31	38	268	-1	0	0	0	0	0	27	75	1
2976	2025-03-26 14:18:42.64597-04	2025-03-26 14:18:42.64597-04	\N	Chevrolet	36	32	78	266	-1	0	0	0	0	0	42	75	1
2977	2025-03-26 14:18:42.64697-04	2025-03-26 14:18:42.64697-04	\N	Ford	29	33	15	265	-1	0	0	0	0	0	43	75	1
2978	2025-03-26 14:18:42.64697-04	2025-03-26 14:18:42.64697-04	\N	Chevrolet	33	34	77	265	-1	0	0	0	0	0	14	75	1
2979	2025-03-26 14:18:42.647971-04	2025-03-26 14:18:42.647971-04	\N	Ford	30	35	51	259	-1	0	0	0	0	0	25	75	1
2980	2025-03-26 14:18:42.64897-04	2025-03-26 14:18:42.64897-04	\N	Ford	1	36	22	183	-1	9	0	0	0	0	35	75	1
2981	2025-03-26 14:20:10.360017-04	2025-03-26 14:20:10.360017-04	\N	Chevrolet	3	1	24	317	-1	64	0	0	0	0	1	76	1
2982	2025-03-26 14:20:10.362167-04	2025-03-26 14:20:10.362167-04	\N	Ford	8	2	12	317	-1	0	0	0	0	0	7	76	1
2983	2025-03-26 14:20:10.363173-04	2025-03-26 14:20:10.363173-04	\N	Toyota	12	3	45	317	-1	0	0	0	0	0	2	76	1
2984	2025-03-26 14:20:10.364173-04	2025-03-26 14:20:10.364173-04	\N	Chevrolet	1	4	5	317	-1	201	0	0	0	0	20	76	1
2985	2025-03-26 14:20:10.364173-04	2025-03-26 14:20:10.364173-04	\N	Ford	15	5	4	317	-1	36	0	0	0	0	57	76	1
2986	2025-03-26 14:20:10.365172-04	2025-03-26 14:20:10.365172-04	\N	Toyota	5	6	20	317	-1	0	0	0	0	0	31	76	1
2987	2025-03-26 14:20:10.366173-04	2025-03-26 14:20:10.366173-04	\N	Ford	24	7	14	317	-1	0	0	0	0	0	4	76	1
2988	2025-03-26 14:20:10.367173-04	2025-03-26 14:20:10.367173-04	\N	Chevrolet	9	8	8	317	-1	0	0	0	0	0	34	76	1
2989	2025-03-26 14:20:10.367173-04	2025-03-26 14:20:10.367173-04	\N	Chevrolet	18	9	48	317	-1	0	0	0	0	0	6	76	1
2990	2025-03-26 14:20:10.368174-04	2025-03-26 14:20:10.368174-04	\N	Chevrolet	17	10	9	317	-1	0	0	0	0	0	37	76	1
2991	2025-03-26 14:20:10.369174-04	2025-03-26 14:20:10.369174-04	\N	Ford	16	11	22	317	-1	0	0	0	0	0	35	76	1
2992	2025-03-26 14:20:10.370173-04	2025-03-26 14:20:10.370173-04	\N	Ford	25	12	41	317	-1	0	0	0	0	0	32	76	1
2993	2025-03-26 14:20:10.371174-04	2025-03-26 14:20:10.371174-04	\N	Ford	7	13	34	317	-1	0	0	0	0	0	11	76	1
2994	2025-03-26 14:20:10.372173-04	2025-03-26 14:20:10.372173-04	\N	Toyota	19	14	23	317	-1	0	0	0	0	0	29	76	1
2995	2025-03-26 14:20:10.372173-04	2025-03-26 14:20:10.372173-04	\N	Ford	21	15	17	317	-1	0	0	0	0	0	10	76	1
2996	2025-03-26 14:20:10.373172-04	2025-03-26 14:20:10.373172-04	\N	Chevrolet	30	16	3	317	-1	0	0	0	0	0	23	76	1
2997	2025-03-26 14:20:10.374173-04	2025-03-26 14:20:10.374173-04	\N	Toyota	13	17	19	317	-1	0	0	0	0	0	38	76	1
2998	2025-03-26 14:20:10.374173-04	2025-03-26 14:20:10.374173-04	\N	Ford	4	18	6	317	-1	1	0	0	0	0	26	76	1
2999	2025-03-26 14:20:10.375172-04	2025-03-26 14:20:10.375172-04	\N	Chevrolet	23	19	47	317	-1	0	0	0	0	0	18	76	1
3000	2025-03-26 14:20:10.376173-04	2025-03-26 14:20:10.376173-04	\N	Chevrolet	22	20	16	317	-1	0	0	0	0	0	41	76	1
3001	2025-03-26 14:20:10.377215-04	2025-03-26 14:20:10.377215-04	\N	Chevrolet	10	21	43	317	-1	14	0	0	0	0	12	76	1
3002	2025-03-26 14:20:10.37822-04	2025-03-26 14:20:10.37822-04	\N	Chevrolet	11	22	99	317	-1	0	0	0	0	0	13	76	1
3003	2025-03-26 14:20:10.37822-04	2025-03-26 14:20:10.37822-04	\N	Toyota	2	23	11	317	-1	0	0	0	0	0	24	76	1
3004	2025-03-26 14:20:10.379219-04	2025-03-26 14:20:10.379219-04	\N	Chevrolet	6	24	1	317	-1	1	0	0	0	0	40	76	1
3005	2025-03-26 14:20:10.38022-04	2025-03-26 14:20:10.38022-04	\N	Ford	20	25	2	316	-1	0	0	0	0	0	8	76	1
3006	2025-03-26 14:20:10.381219-04	2025-03-26 14:20:10.381219-04	\N	Chevrolet	28	26	7	316	-1	0	0	0	0	0	22	76	1
3007	2025-03-26 14:20:10.38222-04	2025-03-26 14:20:10.38222-04	\N	Chevrolet	26	27	31	316	-1	0	0	0	0	0	19	76	1
3008	2025-03-26 14:20:10.38322-04	2025-03-26 14:20:10.38322-04	\N	Toyota	14	28	54	316	-1	0	0	0	0	0	16	76	1
3009	2025-03-26 14:20:10.38422-04	2025-03-26 14:20:10.38422-04	\N	Chevrolet	32	29	42	316	-1	0	0	0	0	0	28	76	1
3010	2025-03-26 14:20:10.38422-04	2025-03-26 14:20:10.38422-04	\N	Chevrolet	35	30	77	315	-1	0	0	0	0	0	14	76	1
3011	2025-03-26 14:20:10.385219-04	2025-03-26 14:20:10.385219-04	\N	Ford	34	31	38	315	-1	0	0	0	0	0	36	76	1
3012	2025-03-26 14:20:10.386462-04	2025-03-26 14:20:10.386462-04	\N	Ford	29	32	15	314	-1	0	0	0	0	0	27	76	1
3013	2025-03-26 14:20:10.387466-04	2025-03-26 14:20:10.387466-04	\N	Ford	31	33	10	313	-1	0	0	0	0	0	56	76	1
3014	2025-03-26 14:20:10.388467-04	2025-03-26 14:20:10.388467-04	\N	Ford	36	34	51	311	-1	0	0	0	0	0	25	76	1
3015	2025-03-26 14:20:10.389466-04	2025-03-26 14:20:10.389466-04	\N	Ford	27	35	21	310	-1	0	0	0	0	0	44	76	1
3016	2025-03-26 14:20:10.389466-04	2025-03-26 14:20:10.389466-04	\N	Chevrolet	33	36	78	50	-1	0	0	0	0	0	42	76	1
3017	2025-03-26 14:21:41.967631-04	2025-03-26 14:21:41.967631-04	\N	Chevrolet	21	1	8	200	-1	27	0	0	0	0	34	74	1
3018	2025-03-26 14:21:41.969631-04	2025-03-26 14:21:41.969631-04	\N	Chevrolet	33	2	9	200	-1	1	0	0	0	0	15	74	1
3019	2025-03-26 14:21:41.970718-04	2025-03-26 14:21:41.970718-04	\N	Chevrolet	8	3	1	200	-1	91	0	0	0	0	40	74	1
3020	2025-03-26 14:21:41.970718-04	2025-03-26 14:21:41.970718-04	\N	Chevrolet	7	4	99	200	-1	0	0	0	0	0	13	74	1
3021	2025-03-26 14:21:41.971723-04	2025-03-26 14:21:41.971723-04	\N	Ford	10	5	4	200	-1	5	0	0	0	0	57	74	1
3022	2025-03-26 14:21:41.972723-04	2025-03-26 14:21:41.972723-04	\N	Toyota	13	6	11	200	-1	11	0	0	0	0	24	74	1
3023	2025-03-26 14:21:41.973722-04	2025-03-26 14:21:41.973722-04	\N	Ford	16	7	6	200	-1	2	0	0	0	0	26	74	1
3024	2025-03-26 14:21:41.974722-04	2025-03-26 14:21:41.974722-04	\N	Chevrolet	4	8	48	200	-1	17	0	0	0	0	6	74	1
3025	2025-03-26 14:21:41.974722-04	2025-03-26 14:21:41.974722-04	\N	Chevrolet	28	9	3	200	-1	3	0	0	0	0	23	74	1
3026	2025-03-26 14:21:41.975723-04	2025-03-26 14:21:41.975723-04	\N	Ford	3	10	22	200	-1	19	0	0	0	0	35	74	1
3027	2025-03-26 14:21:41.976723-04	2025-03-26 14:21:41.976723-04	\N	Toyota	14	11	19	200	-1	0	0	0	0	0	38	74	1
3028	2025-03-26 14:21:41.977722-04	2025-03-26 14:21:41.977722-04	\N	Chevrolet	2	12	47	200	-1	0	0	0	0	0	18	74	1
3029	2025-03-26 14:21:41.977722-04	2025-03-26 14:21:41.977722-04	\N	Ford	5	13	17	200	-1	0	0	0	0	0	10	74	1
3030	2025-03-26 14:21:41.978722-04	2025-03-26 14:21:41.978722-04	\N	Chevrolet	12	14	7	200	-1	0	0	0	0	0	22	74	1
3031	2025-03-26 14:21:41.978722-04	2025-03-26 14:21:41.978722-04	\N	Ford	24	15	21	200	-1	0	0	0	0	0	44	74	1
3032	2025-03-26 14:21:41.979723-04	2025-03-26 14:21:41.979723-04	\N	Toyota	23	16	54	200	-1	0	0	0	0	0	16	74	1
3033	2025-03-26 14:21:41.980723-04	2025-03-26 14:21:41.980723-04	\N	Ford	25	17	38	200	-1	0	0	0	0	0	27	74	1
3034	2025-03-26 14:21:41.980723-04	2025-03-26 14:21:41.980723-04	\N	Ford	26	18	34	200	-1	6	0	0	0	0	11	74	1
3035	2025-03-26 14:21:41.981722-04	2025-03-26 14:21:41.981722-04	\N	Chevrolet	34	19	43	200	-1	0	0	0	0	0	12	74	1
3036	2025-03-26 14:21:41.982723-04	2025-03-26 14:21:41.982723-04	\N	Ford	31	20	14	200	-1	0	0	0	0	0	4	74	1
3037	2025-03-26 14:21:41.982723-04	2025-03-26 14:21:41.982723-04	\N	Chevrolet	29	21	31	199	-1	0	0	0	0	0	19	74	1
3038	2025-03-26 14:21:41.983723-04	2025-03-26 14:21:41.983723-04	\N	Chevrolet	20	22	42	199	-1	1	0	0	0	0	28	74	1
3039	2025-03-26 14:21:41.983723-04	2025-03-26 14:21:41.983723-04	\N	Ford	22	23	15	199	-1	0	0	0	0	0	43	74	1
3040	2025-03-26 14:21:41.984723-04	2025-03-26 14:21:41.984723-04	\N	Chevrolet	30	24	78	199	-1	0	0	0	0	0	42	74	1
3041	2025-03-26 14:21:41.985723-04	2025-03-26 14:21:41.985723-04	\N	Chevrolet	32	25	24	198	-1	0	0	0	0	0	1	74	1
3042	2025-03-26 14:21:41.986723-04	2025-03-26 14:21:41.986723-04	\N	Ford	9	26	12	196	-1	16	0	0	0	0	7	74	1
3043	2025-03-26 14:21:41.986723-04	2025-03-26 14:21:41.986723-04	\N	Ford	11	27	51	195	-1	0	0	0	0	0	25	74	1
3044	2025-03-26 14:21:41.987723-04	2025-03-26 14:21:41.987723-04	\N	Ford	19	28	2	194	-1	0	0	0	0	0	8	74	1
3045	2025-03-26 14:21:41.988722-04	2025-03-26 14:21:41.988722-04	\N	Chevrolet	15	29	5	185	-1	0	0	0	0	0	20	74	1
3046	2025-03-26 14:21:41.988722-04	2025-03-26 14:21:41.988722-04	\N	Toyota	18	30	23	172	-1	0	0	0	0	0	29	74	1
3047	2025-03-26 14:21:41.989723-04	2025-03-26 14:21:41.989723-04	\N	Chevrolet	36	31	77	140	-1	0	0	0	0	0	14	74	1
3048	2025-03-26 14:21:41.990721-04	2025-03-26 14:21:41.990721-04	\N	Toyota	1	32	20	88	-1	1	0	0	0	0	31	74	1
3049	2025-03-26 14:21:41.991723-04	2025-03-26 14:21:41.991723-04	\N	Ford	27	33	41	87	-1	0	0	0	0	0	32	74	1
3050	2025-03-26 14:21:41.991723-04	2025-03-26 14:21:41.991723-04	\N	Toyota	35	34	45	87	-1	0	0	0	0	0	2	74	1
3051	2025-03-26 14:21:41.992725-04	2025-03-26 14:21:41.992725-04	\N	Ford	17	35	10	86	-1	0	0	0	0	0	56	74	1
3052	2025-03-26 14:21:41.993721-04	2025-03-26 14:21:41.993721-04	\N	Chevrolet	6	36	16	75	-1	0	0	0	0	0	41	74	1
3053	2025-03-26 14:22:55.772549-04	2025-03-26 14:22:55.772549-04	\N	Chevrolet	31	1	47	212	-1	10	0	0	0	0	18	73	1
3054	2025-03-26 14:22:55.77455-04	2025-03-26 14:22:55.77455-04	\N	Ford	3	2	22	212	-1	12	0	0	0	0	35	73	1
3055	2025-03-26 14:22:55.775551-04	2025-03-26 14:22:55.775551-04	\N	Toyota	5	3	20	212	-1	20	0	0	0	0	31	73	1
3056	2025-03-26 14:22:55.775551-04	2025-03-26 14:22:55.775551-04	\N	Ford	9	4	17	212	-1	32	0	0	0	0	10	73	1
3057	2025-03-26 14:22:55.77755-04	2025-03-26 14:22:55.77755-04	\N	Chevrolet	1	5	48	212	-1	12	0	0	0	0	6	73	1
3058	2025-03-26 14:22:55.77755-04	2025-03-26 14:22:55.77755-04	\N	Chevrolet	29	6	16	212	-1	1	0	0	0	0	41	73	1
3059	2025-03-26 14:22:55.77855-04	2025-03-26 14:22:55.77855-04	\N	Chevrolet	24	7	99	212	-1	3	0	0	0	0	13	73	1
3060	2025-03-26 14:22:55.779551-04	2025-03-26 14:22:55.779551-04	\N	Ford	7	8	12	212	-1	1	0	0	0	0	7	73	1
3061	2025-03-26 14:22:55.780551-04	2025-03-26 14:22:55.780551-04	\N	Chevrolet	23	9	1	212	-1	6	0	0	0	0	40	73	1
3062	2025-03-26 14:22:55.781551-04	2025-03-26 14:22:55.781551-04	\N	Ford	38	10	15	212	-1	0	0	0	0	0	17	73	1
3063	2025-03-26 14:22:55.782551-04	2025-03-26 14:22:55.782551-04	\N	Toyota	40	11	67	212	-1	2	0	0	0	0	85	73	1
3064	2025-03-26 14:22:55.78355-04	2025-03-26 14:22:55.78355-04	\N	Ford	13	12	4	212	-1	1	0	0	0	0	57	73	1
3065	2025-03-26 14:22:55.78455-04	2025-03-26 14:22:55.78455-04	\N	Ford	17	13	36	212	-1	0	0	0	0	0	36	73	1
3066	2025-03-26 14:22:55.78455-04	2025-03-26 14:22:55.78455-04	\N	Ford	35	14	51	212	-1	0	0	0	0	0	25	73	1
3067	2025-03-26 14:22:55.785551-04	2025-03-26 14:22:55.785551-04	\N	Toyota	16	15	19	212	-1	13	0	0	0	0	38	73	1
3068	2025-03-26 14:22:55.78655-04	2025-03-26 14:22:55.78655-04	\N	Chevrolet	12	16	7	212	-1	0	0	0	0	0	22	73	1
3069	2025-03-26 14:22:55.78655-04	2025-03-26 14:22:55.78655-04	\N	Toyota	18	17	11	212	-1	6	0	0	0	0	24	73	1
3070	2025-03-26 14:22:55.78755-04	2025-03-26 14:22:55.78755-04	\N	Chevrolet	2	18	5	211	-1	6	0	0	0	0	20	73	1
3071	2025-03-26 14:22:55.788551-04	2025-03-26 14:22:55.788551-04	\N	Chevrolet	36	19	8	211	-1	6	0	0	0	0	34	73	1
3072	2025-03-26 14:22:55.788551-04	2025-03-26 14:22:55.788551-04	\N	Toyota	15	20	23	211	-1	5	0	0	0	0	29	73	1
3073	2025-03-26 14:22:55.78955-04	2025-03-26 14:22:55.78955-04	\N	Ford	4	21	10	211	-1	16	0	0	0	0	56	73	1
3074	2025-03-26 14:22:55.790551-04	2025-03-26 14:22:55.790551-04	\N	Ford	10	22	6	211	-1	42	0	0	0	0	26	73	1
3075	2025-03-26 14:22:55.790551-04	2025-03-26 14:22:55.790551-04	\N	Ford	6	23	2	210	-1	0	0	0	0	0	8	73	1
3076	2025-03-26 14:22:55.79155-04	2025-03-26 14:22:55.79155-04	\N	Chevrolet	22	24	42	210	-1	0	0	0	0	0	28	73	1
3077	2025-03-26 14:22:55.79155-04	2025-03-26 14:22:55.79155-04	\N	Toyota	33	25	54	210	-1	0	0	0	0	0	16	73	1
3078	2025-03-26 14:22:55.792551-04	2025-03-26 14:22:55.792551-04	\N	Ford	19	26	21	210	-1	9	0	0	0	0	44	73	1
3079	2025-03-26 14:22:55.79355-04	2025-03-26 14:22:55.79355-04	\N	Ford	14	27	38	208	-1	0	0	0	0	0	27	73	1
3080	2025-03-26 14:22:55.79455-04	2025-03-26 14:22:55.79455-04	\N	Ford	11	28	34	208	-1	0	0	0	0	0	11	73	1
3081	2025-03-26 14:22:55.79555-04	2025-03-26 14:22:55.79555-04	\N	Chevrolet	34	29	50	206	-1	0	0	0	0	0	65	73	1
3082	2025-03-26 14:22:55.79655-04	2025-03-26 14:22:55.79655-04	\N	Chevrolet	32	30	78	204	-1	0	0	0	0	0	42	73	1
3083	2025-03-26 14:22:55.79655-04	2025-03-26 14:22:55.79655-04	\N	Chevrolet	39	31	84	203	-1	0	0	0	0	0	3	73	1
3084	2025-03-26 14:22:55.79755-04	2025-03-26 14:22:55.79755-04	\N	Chevrolet	28	32	31	203	-1	0	0	0	0	0	19	73	1
3085	2025-03-26 14:22:55.798552-04	2025-03-26 14:22:55.798552-04	\N	Chevrolet	27	33	3	202	-1	0	0	0	0	0	23	73	1
3086	2025-03-26 14:22:55.798552-04	2025-03-26 14:22:55.798552-04	\N	Chevrolet	21	34	24	202	-1	0	0	0	0	0	1	73	1
3087	2025-03-26 14:22:55.799551-04	2025-03-26 14:22:55.799551-04	\N	Ford	30	35	14	182	-1	5	0	0	0	0	4	73	1
3088	2025-03-26 14:22:55.80055-04	2025-03-26 14:22:55.80055-04	\N	Ford	20	36	41	181	-1	4	0	0	0	0	32	73	1
3089	2025-03-26 14:22:55.801552-04	2025-03-26 14:22:55.801552-04	\N	Chevrolet	25	37	43	118	-1	0	0	0	0	0	12	73	1
3090	2025-03-26 14:22:55.801552-04	2025-03-26 14:22:55.801552-04	\N	Chevrolet	8	38	9	118	-1	0	0	0	0	0	15	73	1
3091	2025-03-26 14:22:55.802549-04	2025-03-26 14:22:55.802549-04	\N	Toyota	26	39	45	117	-1	0	0	0	0	0	2	73	1
3092	2025-03-26 14:22:55.802549-04	2025-03-26 14:22:55.803551-04	\N	Chevrolet	37	40	77	26	-1	0	0	0	0	0	14	73	1
3093	2025-03-30 19:38:13.091387-04	2025-03-30 19:38:13.091387-04	\N	Toyota	5	1	11	400	-1	274	0	0	0	0	24	10	1
3094	2025-03-30 19:38:13.093292-04	2025-03-30 19:38:13.093292-04	\N	Toyota	1	2	20	400	-1	25	0	0	0	0	31	10	1
3095	2025-03-30 19:38:13.094297-04	2025-03-30 19:38:13.094297-04	\N	Toyota	8	3	23	400	-1	0	0	0	0	0	29	10	1
3096	2025-03-30 19:38:13.095295-04	2025-03-30 19:38:13.095295-04	\N	Chevrolet	2	4	9	400	-1	42	0	0	0	0	15	10	1
3097	2025-03-30 19:38:13.096296-04	2025-03-30 19:38:13.096296-04	\N	Chevrolet	4	5	5	400	-1	0	0	0	0	0	20	10	1
3098	2025-03-30 19:38:13.097296-04	2025-03-30 19:38:13.097296-04	\N	Chevrolet	17	6	1	400	-1	0	0	0	0	0	40	10	1
3099	2025-03-30 19:38:13.097296-04	2025-03-30 19:38:13.098297-04	\N	Ford	21	7	60	400	-1	0	0	0	0	0	32	10	1
3100	2025-03-30 19:38:13.098297-04	2025-03-30 19:38:13.098297-04	\N	Ford	7	8	22	400	-1	13	0	0	0	0	35	10	1
3101	2025-03-30 19:38:13.099296-04	2025-03-30 19:38:13.099296-04	\N	Toyota	11	9	19	400	-1	0	0	0	0	0	4	10	1
3102	2025-03-30 19:38:13.100296-04	2025-03-30 19:38:13.100296-04	\N	Ford	25	10	34	400	-1	0	0	0	0	0	27	10	1
3103	2025-03-30 19:38:13.101296-04	2025-03-30 19:38:13.101296-04	\N	Ford	32	11	12	400	-1	0	0	0	0	0	7	10	1
3104	2025-03-30 19:38:13.102296-04	2025-03-30 19:38:13.102296-04	\N	Chevrolet	15	12	71	400	-1	0	0	0	0	0	11	10	1
3105	2025-03-30 19:38:13.103746-04	2025-03-30 19:38:13.103746-04	\N	Toyota	13	13	54	400	-1	0	0	0	0	0	16	10	1
3106	2025-03-30 19:38:13.105091-04	2025-03-30 19:38:13.105091-04	\N	Toyota	9	14	45	400	-1	0	0	0	0	0	2	10	1
3107	2025-03-30 19:38:13.106095-04	2025-03-30 19:38:13.106095-04	\N	Chevrolet	28	15	10	400	-1	0	0	0	0	0	14	10	1
3108	2025-03-30 19:38:13.107096-04	2025-03-30 19:38:13.107096-04	\N	Ford	19	16	38	400	-1	0	0	0	0	0	36	10	1
3109	2025-03-30 19:38:13.107096-04	2025-03-30 19:38:13.107096-04	\N	Chevrolet	12	17	8	400	-1	0	0	0	0	0	34	10	1
3110	2025-03-30 19:38:13.108097-04	2025-03-30 19:38:13.108097-04	\N	Chevrolet	18	18	3	400	-1	0	0	0	0	0	23	10	1
3111	2025-03-30 19:38:13.109095-04	2025-03-30 19:38:13.109095-04	\N	Chevrolet	29	19	77	400	-1	0	0	0	0	0	30	10	1
3112	2025-03-30 19:38:13.109963-04	2025-03-30 19:38:13.109963-04	\N	Chevrolet	34	20	47	400	-1	0	0	0	0	0	18	10	1
3113	2025-03-30 19:38:13.110626-04	2025-03-30 19:38:13.110626-04	\N	Chevrolet	26	21	99	400	-1	0	0	0	0	0	13	10	1
3114	2025-03-30 19:38:13.11128-04	2025-03-30 19:38:13.11128-04	\N	Chevrolet	10	22	24	400	-1	0	0	0	0	0	1	10	1
3115	2025-03-30 19:38:13.111936-04	2025-03-30 19:38:13.111936-04	\N	Chevrolet	23	23	16	399	-1	0	0	0	0	0	41	10	1
3116	2025-03-30 19:38:13.11294-04	2025-03-30 19:38:13.11294-04	\N	Toyota	31	24	43	399	-1	0	0	0	0	0	12	10	1
3117	2025-03-30 19:38:13.11294-04	2025-03-30 19:38:13.11394-04	\N	Ford	6	25	17	399	-1	0	0	0	0	0	10	10	1
3118	2025-03-30 19:38:13.11394-04	2025-03-30 19:38:13.11394-04	\N	Toyota	16	26	42	399	-1	0	0	0	0	0	5	10	1
3119	2025-03-30 19:38:13.114941-04	2025-03-30 19:38:13.114941-04	\N	Ford	27	27	6	399	-1	0	0	0	0	0	26	10	1
3120	2025-03-30 19:38:13.115941-04	2025-03-30 19:38:13.115941-04	\N	Chevrolet	3	28	48	399	-1	6	0	0	0	0	6	10	1
3121	2025-03-30 19:38:13.11694-04	2025-03-30 19:38:13.11694-04	\N	Chevrolet	30	29	7	398	-1	0	0	0	0	0	19	10	1
3122	2025-03-30 19:38:13.11794-04	2025-03-30 19:38:13.11794-04	\N	Ford	24	30	4	397	-1	0	0	0	0	0	28	10	1
3123	2025-03-30 19:38:13.11894-04	2025-03-30 19:38:13.11894-04	\N	Ford	36	31	51	396	-1	0	0	0	0	0	25	10	1
3124	2025-03-30 19:38:13.11894-04	2025-03-30 19:38:13.11894-04	\N	Toyota	35	32	35	396	-1	0	0	0	0	0	17	10	1
3125	2025-03-30 19:38:13.119941-04	2025-03-30 19:38:13.119941-04	\N	Ford	14	33	21	396	-1	40	0	0	0	0	37	10	1
3126	2025-03-30 19:38:13.12094-04	2025-03-30 19:38:13.12094-04	\N	Ford	22	34	41	394	-1	0	0	0	0	0	21	10	1
3127	2025-03-30 19:38:13.12194-04	2025-03-30 19:38:13.12194-04	\N	Chevrolet	33	35	88	394	-1	0	0	0	0	0	33	10	1
3128	2025-03-30 19:38:13.122941-04	2025-03-30 19:38:13.12394-04	\N	Ford	37	36	66	389	-1	0	0	0	0	0	86	10	1
3129	2025-03-30 19:38:13.12494-04	2025-03-30 19:38:13.12494-04	\N	Chevrolet	38	37	50	388	-1	0	0	0	0	0	87	10	1
3130	2025-03-30 19:38:13.12594-04	2025-03-30 19:38:13.12594-04	\N	Ford	20	38	2	363	-1	0	0	0	0	0	8	10	1
3131	2025-04-06 19:06:51.778518-04	2025-04-06 19:06:51.778518-04	\N	Toyota	3	1	11	298	-1	0	0	0	0	0	24	108	1
3132	2025-04-06 19:06:51.781517-04	2025-04-06 19:06:51.781517-04	\N	Chevrolet	1	2	24	298	-1	0	0	0	0	0	1	108	1
3133	2025-04-06 19:06:51.783517-04	2025-04-06 19:06:51.783517-04	\N	Toyota	17	3	20	298	-1	0	0	0	0	0	31	108	1
3134	2025-04-06 19:06:51.783902-04	2025-04-06 19:06:51.783902-04	\N	Toyota	7	4	45	298	-1	0	0	0	0	0	2	108	1
3135	2025-04-06 19:06:51.784809-04	2025-04-06 19:06:51.784809-04	\N	Ford	9	5	12	298	-1	0	0	0	0	0	7	108	1
3136	2025-04-06 19:06:51.785613-04	2025-04-06 19:06:51.785613-04	\N	Ford	14	6	17	298	-1	0	0	0	0	0	10	108	1
3137	2025-04-06 19:06:51.78641-04	2025-04-06 19:06:51.78641-04	\N	Chevrolet	25	7	1	298	-1	0	0	0	0	0	40	108	1
3138	2025-04-06 19:06:51.787521-04	2025-04-06 19:06:51.787521-04	\N	Chevrolet	15	8	9	298	-1	0	0	0	0	0	15	108	1
3139	2025-04-06 19:06:51.788527-04	2025-04-06 19:06:51.788527-04	\N	Toyota	11	9	54	298	-1	0	0	0	0	0	16	108	1
3140	2025-04-06 19:06:51.789527-04	2025-04-06 19:06:51.789527-04	\N	Chevrolet	8	10	8	298	-1	0	0	0	0	0	34	108	1
3141	2025-04-06 19:06:51.789527-04	2025-04-06 19:06:51.789527-04	\N	Ford	6	11	2	298	-1	0	0	0	0	0	8	108	1
3142	2025-04-06 19:06:51.790527-04	2025-04-06 19:06:51.790527-04	\N	Ford	16	12	38	298	-1	0	0	0	0	0	36	108	1
3143	2025-04-06 19:06:51.791526-04	2025-04-06 19:06:51.791526-04	\N	Ford	18	13	22	298	-1	0	0	0	0	0	35	108	1
3144	2025-04-06 19:06:51.791526-04	2025-04-06 19:06:51.791526-04	\N	Ford	12	14	34	298	-1	0	0	0	0	0	27	108	1
3145	2025-04-06 19:06:51.792526-04	2025-04-06 19:06:51.792526-04	\N	Chevrolet	30	15	99	298	-1	0	0	0	0	0	13	108	1
3146	2025-04-06 19:06:51.793526-04	2025-04-06 19:06:51.793526-04	\N	Chevrolet	29	16	10	298	-1	0	0	0	0	0	14	108	1
3147	2025-04-06 19:06:51.794526-04	2025-04-06 19:06:51.794526-04	\N	Toyota	34	17	43	298	-1	0	0	0	0	0	12	108	1
3148	2025-04-06 19:06:51.794526-04	2025-04-06 19:06:51.794526-04	\N	Chevrolet	22	18	16	298	-1	0	0	0	0	0	41	108	1
3149	2025-04-06 19:06:51.795526-04	2025-04-06 19:06:51.795526-04	\N	Ford	26	19	4	298	-1	0	0	0	0	0	28	108	1
3150	2025-04-06 19:06:51.796527-04	2025-04-06 19:06:51.796527-04	\N	Chevrolet	36	20	88	298	-1	0	0	0	0	0	33	108	1
3151	2025-04-06 19:06:51.797526-04	2025-04-06 19:06:51.797526-04	\N	Toyota	5	21	23	298	-1	0	0	0	0	0	29	108	1
3152	2025-04-06 19:06:51.798527-04	2025-04-06 19:06:51.798527-04	\N	Ford	31	22	41	298	-1	0	0	0	0	0	21	108	1
3153	2025-04-06 19:06:51.798527-04	2025-04-06 19:06:51.798527-04	\N	Chevrolet	23	23	3	298	-1	0	0	0	0	0	23	108	1
3154	2025-04-06 19:06:51.799527-04	2025-04-06 19:06:51.799527-04	\N	Chevrolet	21	24	7	298	-1	0	0	0	0	0	19	108	1
3155	2025-04-06 19:06:51.800526-04	2025-04-06 19:06:51.800526-04	\N	Chevrolet	28	25	47	298	-1	0	0	0	0	0	18	108	1
3156	2025-04-06 19:06:51.801528-04	2025-04-06 19:06:51.801528-04	\N	Ford	2	26	60	298	-1	0	0	0	0	0	32	108	1
3157	2025-04-06 19:06:51.802527-04	2025-04-06 19:06:51.802527-04	\N	Ford	35	27	51	298	-1	0	0	0	0	0	25	108	1
3158	2025-04-06 19:06:51.803127-04	2025-04-06 19:06:51.803127-04	\N	Toyota	4	28	19	298	-1	0	0	0	0	0	4	108	1
3159	2025-04-06 19:06:51.803842-04	2025-04-06 19:06:51.803842-04	\N	Chevrolet	10	29	71	298	-1	0	0	0	0	0	11	108	1
3160	2025-04-06 19:06:51.804846-04	2025-04-06 19:06:51.804846-04	\N	Toyota	27	30	42	298	-1	0	0	0	0	0	5	108	1
3161	2025-04-06 19:06:51.805847-04	2025-04-06 19:06:51.805847-04	\N	Chevrolet	37	31	33	298	-1	0	0	0	0	0	70	108	1
3162	2025-04-06 19:06:51.806963-04	2025-04-06 19:06:51.806963-04	\N	Chevrolet	13	32	77	298	-1	0	0	0	0	0	30	108	1
3163	2025-04-06 19:06:51.807968-04	2025-04-06 19:06:51.807968-04	\N	Ford	20	33	6	298	-1	0	0	0	0	0	26	108	1
3164	2025-04-06 19:06:51.808967-04	2025-04-06 19:06:51.808967-04	\N	Toyota	32	34	35	298	-1	0	0	0	0	0	17	108	1
3165	2025-04-06 19:06:51.808967-04	2025-04-06 19:06:51.808967-04	\N	Chevrolet	33	35	48	298	-1	0	0	0	0	0	6	108	1
3166	2025-04-06 19:06:51.809967-04	2025-04-06 19:06:51.809967-04	\N	Ford	24	36	21	298	-1	0	0	0	0	0	37	108	1
3167	2025-04-06 19:06:51.810969-04	2025-04-06 19:06:51.810969-04	\N	Chevrolet	19	37	5	298	-1	0	0	0	0	0	20	108	1
3168	2025-04-06 19:06:51.811968-04	2025-04-06 19:06:51.811968-04	\N	Chevrolet	38	38	44	298	-1	0	0	0	0	0	43	108	1
\.


--
-- TOC entry 5132 (class 0 OID 17544)
-- Dependencies: 244
-- Data for Name: commissioner_racesettings; Type: TABLE DATA; Schema: public; Owner: bob
--

COPY public.commissioner_racesettings (id, "createdAt", "updatedAt", src_dir, contents, user_id) FROM stdin;
\.


--
-- TOC entry 5147 (class 0 OID 21999)
-- Dependencies: 259
-- Data for Name: commissioner_racingseries; Type: TABLE DATA; Schema: public; Owner: bob
--

COPY public.commissioner_racingseries (id, "createdAt", "updatedAt", name, user_id) FROM stdin;
1	2025-03-31 19:06:11.12627-04	2025-03-31 19:06:11.12627-04	NASCAR	1
2	2025-03-31 19:06:26.843912-04	2025-03-31 19:06:26.843912-04	Xfinity	1
3	2025-04-01 09:39:59.0427-04	2025-04-01 09:40:16.338774-04	IndyCar Racing League	1
\.


--
-- TOC entry 5141 (class 0 OID 21892)
-- Dependencies: 253
-- Data for Name: commissioner_scoreboard; Type: TABLE DATA; Schema: public; Owner: bob
--

COPY public.commissioner_scoreboard (id, "createdAt", "updatedAt", user_id, race_id, looser_id, winner_id) FROM stdin;
1	2025-02-28 16:11:08.013852-05	2025-02-28 16:11:08.013852-05	1	1	2	1
2	2025-02-28 16:11:41.130404-05	2025-03-01 10:56:44.681204-05	1	2	4	3
\.


--
-- TOC entry 5134 (class 0 OID 17550)
-- Dependencies: 246
-- Data for Name: commissioner_state; Type: TABLE DATA; Schema: public; Owner: bob
--

COPY public.commissioner_state (id, "createdAt", "updatedAt", name, user_id, country) FROM stdin;
1	2025-02-24 10:48:49.911-05	2025-02-24 10:48:49.911-05	Florida	1	USA
2	2025-02-24 10:49:26.351-05	2025-02-24 10:49:26.351-05	Georgia	1	USA
3	2025-02-24 12:19:30.144-05	2025-02-24 12:19:30.144-05	Texas	1	USA
4	2025-02-24 12:25:06.598-05	2025-02-24 12:25:06.598-05	Arizona	1	USA
5	2025-02-24 12:27:13.005-05	2025-02-24 12:27:13.005-05	Nevada	1	USA
6	2025-02-24 12:35:04.064-05	2025-02-24 12:35:04.064-05	Virginia	1	USA
7	2025-02-27 09:00:59.482931-05	2025-02-27 09:00:59.482931-05	South Carolina	1	USA
8	2025-02-27 09:03:05.638452-05	2025-02-27 09:03:05.638452-05	Tennessee	1	USA
9	2025-02-27 09:03:47.125631-05	2025-02-27 09:03:47.125631-05	Alabama	1	USA
12	2025-02-27 09:10:20.591582-05	2025-02-27 09:10:42.78508-05	North Carolina	1	USA
13	2025-02-27 09:28:21.056356-05	2025-02-27 09:28:21.056356-05	Michigan	1	USA
14	2025-02-27 10:03:05.416867-05	2025-02-27 10:06:28.931175-05	Mexico	1	Mexico
11	2025-02-27 09:08:52.1253-05	2025-02-27 10:06:35.572476-05	Kansas	1	USA
15	2025-03-05 09:40:55.762924-05	2025-03-05 09:40:55.762924-05	Pennsylvania	1	USA
16	2025-03-05 09:46:32.388739-05	2025-03-05 09:46:32.388739-05	Illinois	1	USA
17	2025-03-05 09:55:15.954351-05	2025-03-05 09:55:15.954351-05	California	1	USA
18	2025-03-05 09:58:20.604252-05	2025-03-05 09:58:20.604252-05	Delaware	1	USA
19	2025-03-05 09:59:38.687462-05	2025-03-05 09:59:38.687462-05	Indiana	1	USA
20	2025-03-05 10:01:01.205877-05	2025-03-05 10:01:01.205877-05	Iowa	1	USA
22	2025-03-05 10:03:33.430548-05	2025-03-05 10:03:33.430548-05	New Hampshire	1	USA
23	2025-03-05 10:06:56.634108-05	2025-03-05 10:06:56.634108-05	New York	1	USA
\.


--
-- TOC entry 5136 (class 0 OID 17556)
-- Dependencies: 248
-- Data for Name: commissioner_team; Type: TABLE DATA; Schema: public; Owner: bob
--

COPY public.commissioner_team (id, "createdAt", "updatedAt", name, user_id, website) FROM stdin;
1	2025-02-25 19:09:10.903556-05	2025-02-26 08:23:44.970833-05	Penske	1	https://www.teampenske.com/
2	2025-02-26 08:28:51.297418-05	2025-02-26 08:28:51.297418-05	Kaulig Racing	1	https://www.kauligracing.com/
3	2025-02-26 08:31:38.547565-05	2025-02-26 08:31:38.547565-05	Hendrick Motorsports	1	https://www.hendrickmotorsports.com/
4	2025-02-26 08:34:06.915265-05	2025-02-26 08:34:06.915265-05	Richard Childress Racing	1	http://www.peoriaspeedway.com/
5	2025-02-26 08:37:16.474841-05	2025-02-26 08:37:16.474841-05	Live Fast Motorsports	1	https://teamlivefast.com/
6	2025-02-26 08:40:16.267268-05	2025-02-26 08:40:16.267268-05	RFK Racing	1	https://www.rfkracing.com/
7	2025-02-26 08:42:31.038431-05	2025-02-26 08:42:31.038431-05	23XI Racing	1	https://www.23xiracing.com/
8	2025-02-26 08:44:38.200885-05	2025-02-26 08:44:38.200885-05	Spire Motorsports	1	https://www.spire-motorsports.com/
9	2025-02-26 08:46:49.038241-05	2025-02-26 08:46:49.038241-05	Joe Gibbs Racing	1	https://www.joegibbsracing.com/
10	2025-02-26 08:51:06.670854-05	2025-02-26 08:51:06.670854-05	Rick Ware Racing	1	https://www.dalecoyneracing.com/rickwareracing
11	2025-02-26 08:55:36.92945-05	2025-02-26 08:55:36.92945-05	Haas Factory Team	1	https://www.haasfactoryteam.com/
12	2025-02-26 08:57:46.459783-05	2025-02-26 08:57:46.459783-05	McAnally-Hilgemann Racing	1	https://bmrnaparacing.com/
13	2025-02-26 08:59:17.973616-05	2025-02-26 08:59:17.973616-05	Trackhouse Racing	1	https://www.trackhouse.com/
14	2025-02-26 09:01:53.421335-05	2025-02-26 09:01:53.421335-05	Legacy Motor Club	1	https://legacymotorclub.com/
15	2025-02-26 09:03:49.101693-05	2025-02-26 09:03:49.101693-05	AM Racing	1	https://www.amracingteam.com/
16	2025-02-26 09:05:54.681085-05	2025-02-26 09:05:54.681085-05	NY Racing Team	1	http://nyracingteam.com/
17	2025-02-26 09:10:01.002295-05	2025-02-26 09:10:01.002295-05	Wood Brothers Racing	1	https://www.woodbrothersracing.com/
18	2025-02-26 09:18:08.254896-05	2025-02-26 09:18:08.254896-05	JR Motorsports	1	https://www.jrmracing.com/
19	2025-02-26 09:20:21.628295-05	2025-02-26 09:20:21.628295-05	Front Row Motorsports	1	https://www.teamfrm.com/
20	2025-02-26 09:25:06.616029-05	2025-02-26 09:25:06.616029-05	Hyak Motorsports	1	https://hyakmotorsports.com/
21	2025-03-31 19:40:05.045078-04	2025-03-31 19:41:27.446141-04	Team AmeriVet	1	https://en.wikipedia.org/wiki/Team_AmeriVet
22	2025-04-01 09:42:26.614946-04	2025-04-01 09:42:26.614946-04	Dragon Racing	1	https://en.wikipedia.org/wiki/DS_Penske
\.


--
-- TOC entry 5138 (class 0 OID 17564)
-- Dependencies: 250
-- Data for Name: commissioner_track; Type: TABLE DATA; Schema: public; Owner: bob
--

COPY public.commissioner_track (id, "createdAt", "updatedAt", name, website, city, length, phone_number, state_id, user_id, short_name, track_type_id) FROM stdin;
14	2025-02-27 09:12:25.382102-05	2025-03-27 09:21:17.895288-04	Charlotte Motor Speedway Oval	https://www.charlottemotorspeedway.com/	Concord	1.5000		12	1	Charlotte	1
30	2025-03-27 09:22:34.158307-04	2025-03-27 09:25:17.908711-04	Charlotte Motor Speedway Road Course	\N	Concord	2.2800		12	1	N/A	4
3	2025-02-24 12:19:56.44-05	2025-03-27 09:26:40.917742-04	Circuit of The Americas	https://circuitoftheamericas.com/	Austin	2.3260		3	1	COTA	4
21	2025-03-05 09:58:24.018831-05	2025-03-27 09:30:51.816269-04	Dover Motor Speedway	https://www.dovermotorspeedway.com/	Dover	1.0000		18	1	Dover	6
20	2025-03-05 09:55:31.226472-05	2025-03-27 09:48:54.433734-04	Sonoma Raceway	https://www.sonomaraceway.com/	Sonoma	1.9900		17	1	Sonoma	4
10	2025-02-27 09:05:14.704345-05	2025-03-27 09:49:37.269849-04	Talladega Superspeedway	https://www.talladegasuperspeedway.com/	Talladega	2.6600		9	1	Talladega	2
24	2025-03-05 10:07:17.059766-05	2025-03-27 09:50:01.92654-04	Watkins Glen International	\N	Watkins Glen	2.4500		23	1	Watkins Glen	4
26	2025-03-05 19:29:22.638635-05	2025-03-27 09:50:29.598587-04	World Wide Technology Raceway	https://wwtraceway.com/	Madison	1.2500		16	1	World Wide Techn	8
27	2025-03-05 19:33:05.691329-05	2025-03-27 09:53:06.387581-04	New Hampshire Motor Speedway	https://www.nhms.com/	Loudon	1.0580		22	1	New Hampshire	7
16	2025-02-27 09:28:39.44222-05	2025-03-27 09:53:34.83557-04	Michigan International Speedway	https://www.mispeedway.com/	Brooklyn	2.0000		13	1	Michigan	10
4	2025-02-24 12:25:33.823-05	2025-03-28 08:49:04.566916-04	Phoenix Raceway	https://www.phoenixraceway.com/	Phoenix	1.0000		4	1	Phoenix	13
7	2025-02-24 12:35:18.537-05	2025-03-28 08:50:36.011503-04	Martinsville Speedway	https://www.martinsvillespeedway.com/	Martinsville	0.5260		6	1	Martinsville	7
2	2025-02-24 10:49:29.519-05	2025-03-28 08:51:05.280994-04	Atlanta Motor Speedway	https://www.atlantamotorspeedway.com/	Atlanta	1.5400		2	1	Atlanta	1
17	2025-02-27 10:03:27.245787-05	2025-03-28 08:52:51.40096-04	Autodromo Hermanos Rodriguez	https://en.wikipedia.org/wiki/Aut%C3%B3dromo_Hermanos_Rodr%C3%ADguez	Mexico City	2.5200		14	1	N/A	4
28	2025-03-25 10:13:14.788399-04	2025-03-28 08:56:07.649051-04	Auto Club Speedway	https://en.wikipedia.org/wiki/Auto_Club_Speedway	Fontana	0.0000		17	1	Auto Club Speedw	10
9	2025-02-27 09:03:09.624741-05	2025-03-28 08:58:40.207667-04	Bristol Motor Speedway	https://www.bristolmotorspeedway.com/	Bristol	0.5300		8	1	Bristol	6
19	2025-03-05 09:46:55.349124-05	2025-03-28 08:59:29.887139-04	Chicago Street Race	https://www.nascarchicago.com/	Chicago	0.0000		16	1	Chicago	5
8	2025-02-27 09:01:48.214679-05	2025-03-28 08:59:52.836004-04	Darlington Raceway	https://www.darlingtonraceway.com/	Darlington	1.3660		7	1	Darlington	8
1	2025-02-24 10:48:57.659-05	2025-03-28 09:00:35.059208-04	Daytona International Speedway	https://www.daytonainternationalspeedway.com/	Daytona	2.5000		1	1	Daytona	2
6	2025-02-24 12:33:29.001-05	2025-03-28 09:00:58.764019-04	Homestead-Miami Speedway	https://www.homesteadmiamispeedway.com/	Homestead	1.5000		1	1	Homestead	9
22	2025-03-05 09:59:50.263463-05	2025-03-28 09:03:05.174749-04	Indianapolis Motor Speedway	https://www.indianapolismotorspeedway.com/	Speedway	2.5000		19	1	Indianapolis	14
25	2025-03-05 10:08:29.343743-05	2025-03-28 09:05:08.001871-04	Iowa Speedway	https://en.wikipedia.org/wiki/Iowa_Speedway	Newton	0.8750		20	1	Iowa	15
12	2025-02-27 09:09:06.666863-05	2025-03-28 09:06:05.160326-04	Kansas Speedway	https://www.kansasspeedway.com/	Kansas City	1.5000		11	1	Kansas	16
5	2025-02-24 12:27:15.364-05	2025-03-28 09:06:33.123224-04	Las Vegas Motor Speedway	https://www.lvms.com/	Las Vegas	1.5000		5	1	Las Vegas	16
13	2025-02-27 09:11:12.943128-05	2025-03-28 09:11:02.521151-04	North Wilkesboro Speedway	https://www.northwilkesborospeedway.com/	North Wilkesboro	0.6500		12	1	North Wilkesboro	15
18	2025-03-05 09:41:11.479342-05	2025-03-28 09:12:07.309734-04	Pocono Raceway	https://www.poconoraceway.com/	Long Pond	2.5000		15	1	Pocono	11
23	2025-03-05 10:06:06.921861-05	2025-03-28 09:13:07.053909-04	Richmond Raceway	https://www.richmondraceway.com/	Richmond	0.7500		6	1	Richmond	17
11	2025-02-27 09:07:16.842734-05	2025-03-28 09:14:39.87041-04	Texas Motor Speedway	https://www.texasmotorspeedway.com/	Fort Worth	0.0000		3	1	Texas	1
15	2025-02-27 09:15:37.533498-05	2025-03-28 09:15:34.216235-04	Nashville Superspeedway	\N	Nashville	1.3330		8	1	Nashville	12
\.


--
-- TOC entry 5143 (class 0 OID 21942)
-- Dependencies: 255
-- Data for Name: commissioner_tracktype; Type: TABLE DATA; Schema: public; Owner: bob
--

COPY public.commissioner_tracktype (id, "createdAt", "updatedAt", name, user_id, track_type) FROM stdin;
3	2025-03-27 08:48:50.992793-04	2025-03-27 08:48:50.992793-04	Tri Oval	1	
13	2025-03-28 08:42:19.710575-04	2025-03-28 08:47:56.591534-04	Paved Dogleg Oval	1	Intermediate
7	2025-03-27 09:27:30.548814-04	2025-03-28 08:50:30.254019-04	Paperclip Oval	1	Short Track
1	2025-03-27 08:47:18.689541-04	2025-03-28 08:51:02.164213-04	Paved Quad Oval	1	Intermediate
4	2025-03-27 08:49:00.09591-04	2025-03-28 08:52:48.29653-04	Paved Road Course	1	Road Course
10	2025-03-27 09:51:11.596803-04	2025-03-28 08:56:02.594434-04	Paved D Shaped Oval	1	Intermediate
6	2025-03-27 09:18:49.203349-04	2025-03-28 08:57:57.505256-04	Concrete Oval	1	Short Track
5	2025-03-27 08:49:11.229469-04	2025-03-28 08:59:25.767452-04	Street Course	1	Road Course
8	2025-03-27 09:29:36.839665-04	2025-03-28 08:59:48.943227-04	Paved Egg-Shaped Oval	1	Intermediate
2	2025-03-27 08:48:39.864303-04	2025-03-28 09:00:28.563811-04	Paved Tri Oval	1	Superspeedway
9	2025-03-27 09:32:08.267695-04	2025-03-28 09:00:55.85345-04	Paved Oval	1	Intermediate
14	2025-03-28 09:03:00.009564-04	2025-03-28 09:03:00.009564-04	Paved Oval	1	Speedway
15	2025-03-28 09:05:03.807778-04	2025-03-28 09:05:03.807778-04	Paved Oval	1	Short Track
16	2025-03-28 09:05:58.392227-04	2025-03-28 09:05:58.392227-04	Paved TriOval	1	Intermediate
11	2025-03-27 09:52:06.261249-04	2025-03-28 09:12:04.187646-04	Paved Triangular Oval	1	Superspeedway
17	2025-03-28 09:13:03.826548-04	2025-03-28 09:13:03.826548-04	Paved D Shaped Oval	1	Short Track
12	2025-03-27 09:56:33.601842-04	2025-03-28 09:15:30.202957-04	Concrete Tri Oval	1	Intermediate
\.


--
-- TOC entry 5120 (class 0 OID 17479)
-- Dependencies: 232
-- Data for Name: django_admin_log; Type: TABLE DATA; Schema: public; Owner: bob
--

COPY public.django_admin_log (id, action_time, object_id, object_repr, action_flag, change_message, content_type_id, user_id) FROM stdin;
1	2025-02-25 19:09:10.904556-05	1	Team object (1)	1	[{"added": {}}]	8	1
2	2025-02-25 19:10:09.801988-05	8	Austin Cindric	2	[{"changed": {"fields": ["Team"]}}]	1	1
3	2025-02-25 19:10:31.313515-05	7	Ryan Blaney	2	[{"changed": {"fields": ["Team"]}}]	1	1
4	2025-02-26 08:23:44.972835-05	1	Penske	2	[{"changed": {"fields": ["Website"]}}]	8	1
5	2025-02-26 08:24:15.537857-05	35	Joey Logano	2	[{"changed": {"fields": ["Team"]}}]	1	1
6	2025-02-26 08:24:30.675476-05	7	Ryan Blaney	2	[]	1	1
7	2025-02-26 08:28:51.297418-05	2	Kaulig Racing	1	[{"added": {}}]	8	1
8	2025-02-26 08:28:55.221744-05	41	AJ Allmendinger	2	[{"changed": {"fields": ["Website", "Team"]}}]	1	1
9	2025-02-26 08:31:38.562582-05	3	Hendrick Motorsports	1	[{"added": {}}]	8	1
10	2025-02-26 08:31:41.315367-05	6	Alex Bowman	2	[{"changed": {"fields": ["Website", "Team"]}}]	1	1
11	2025-02-26 08:32:11.292815-05	1	William Byron	2	[{"changed": {"fields": ["Team"]}}]	1	1
12	2025-02-26 08:34:06.915265-05	4	Richard Childress Racing	1	[{"added": {}}]	8	1
13	2025-02-26 08:34:12.105374-05	23	Austin Dillon	2	[{"changed": {"fields": ["Team"]}}]	1	1
14	2025-02-26 08:37:16.474841-05	5	Live Fast Motorsports	1	[{"added": {}}]	8	1
15	2025-02-26 08:37:19.640372-05	42	B.J. McLeod	2	[{"changed": {"fields": ["Team"]}}]	1	1
16	2025-02-26 08:40:16.268267-05	6	RFK Racing	1	[{"added": {}}]	8	1
17	2025-02-26 08:40:18.366297-05	26	Brad Keselowski	2	[{"changed": {"fields": ["Website", "Team"]}}]	1	1
18	2025-02-26 08:42:31.038431-05	7	23XI Racing	1	[{"added": {}}]	8	1
19	2025-02-26 08:42:33.858357-05	29	Bubba Wallace	2	[{"changed": {"fields": ["Website", "Team"]}}]	1	1
20	2025-02-26 08:44:38.201916-05	8	Spire Motorsports	1	[{"added": {}}]	8	1
21	2025-02-26 08:44:41.849899-05	30	Carson Hocevar	2	[{"changed": {"fields": ["Team"]}}]	1	1
22	2025-02-26 08:46:49.039241-05	9	Joe Gibbs Racing	1	[{"added": {}}]	8	1
23	2025-02-26 08:46:53.590323-05	4	Chase Briscoe	2	[{"changed": {"fields": ["Website", "Team"]}}]	1	1
24	2025-02-26 08:47:20.043962-05	15	Chase Elliott	2	[{"changed": {"fields": ["Team"]}}]	1	1
25	2025-02-26 08:48:25.122946-05	10	Chris Buescher	2	[{"changed": {"fields": ["Website", "Team"]}}]	1	1
26	2025-02-26 08:49:30.291028-05	31	Christopher Bell	2	[{"changed": {"fields": ["Team"]}}]	1	1
27	2025-02-26 08:51:06.671371-05	10	Rick Ware Racing	1	[{"added": {}}]	8	1
28	2025-02-26 08:51:09.457365-05	25	Cody Ware	2	[{"changed": {"fields": ["Team"]}}]	1	1
29	2025-02-26 08:54:15.857326-05	25	Cody Ware	2	[{"changed": {"fields": ["Website"]}}]	1	1
30	2025-02-26 08:55:36.93045-05	11	Haas Factory Team	1	[{"added": {}}]	8	1
31	2025-02-26 08:56:10.601639-05	21	Cole Custer	2	[{"changed": {"fields": ["Team"]}}]	1	1
32	2025-02-26 08:56:44.081654-05	22	Corey LaJoie	2	[{"changed": {"fields": ["Team"]}}]	1	1
33	2025-02-26 08:57:46.459783-05	12	McAnally-Hilgemann Racing	1	[{"added": {}}]	8	1
34	2025-02-26 08:57:49.025357-05	46	Daniel Hemric	2	[{"changed": {"fields": ["Team"]}}]	1	1
35	2025-02-26 08:59:17.974616-05	13	Trackhouse Racing	1	[{"added": {}}]	8	1
36	2025-02-26 08:59:22.48647-05	13	Daniel Suarez	2	[{"changed": {"fields": ["Team"]}}]	1	1
37	2025-02-26 08:59:59.374648-05	24	Denny Hamlin	2	[{"changed": {"fields": ["Team"]}}]	1	1
38	2025-02-26 09:01:53.421335-05	14	Legacy Motor Club	1	[{"added": {}}]	8	1
39	2025-02-26 09:01:56.534438-05	12	Erik Jones	2	[{"changed": {"fields": ["Team"]}}]	1	1
40	2025-02-26 09:03:49.101693-05	15	AM Racing	1	[{"added": {}}]	8	1
41	2025-02-26 09:03:53.282503-05	44	Harrison Burton	2	[{"changed": {"fields": ["Team"]}}]	1	1
42	2025-02-26 09:05:54.682084-05	16	NY Racing Team	1	[{"added": {}}]	8	1
43	2025-02-26 09:05:58.453253-05	43	J.J. Yeley	2	[{"changed": {"fields": ["Team"]}}]	1	1
44	2025-02-26 09:07:24.696211-05	3	Jimmie Johnson	2	[{"changed": {"fields": ["Website", "Team"]}}]	1	1
45	2025-02-26 09:08:21.548933-05	5	John Hunter Nemechek	2	[{"changed": {"fields": ["Website", "Team"]}}]	1	1
46	2025-02-26 09:10:01.002802-05	17	Wood Brothers Racing	1	[{"added": {}}]	8	1
47	2025-02-26 09:10:03.971989-05	37	Josh Berry	2	[{"changed": {"fields": ["Website", "Team"]}}]	1	1
48	2025-02-26 09:11:23.285578-05	47	Josh Williams	2	[{"changed": {"fields": ["Website", "Team"]}}]	1	1
49	2025-02-26 09:18:08.254896-05	18	JR Motorsports	1	[{"added": {}}]	8	1
50	2025-02-26 09:18:26.346027-05	9	Justin Allgaier	2	[{"changed": {"fields": ["Website", "Team"]}}]	1	1
51	2025-02-26 09:19:22.514644-05	19	Justin Haley	2	[{"changed": {"fields": ["Team"]}}]	1	1
52	2025-02-26 09:20:21.628295-05	19	Front Row Motorsports	1	[{"added": {}}]	8	1
53	2025-02-26 09:20:24.960345-05	45	Kaz Grala	2	[{"changed": {"fields": ["Team"]}}]	1	1
54	2025-02-26 09:22:03.384305-05	34	Kyle Busch	2	[{"changed": {"fields": ["Website", "Team"]}}]	1	1
55	2025-02-26 09:22:17.641294-05	20	Kyle Larson	2	[{"changed": {"fields": ["Team"]}}]	1	1
56	2025-02-26 09:23:04.410398-05	11	Michael McDowell	2	[{"changed": {"fields": ["Website", "Team"]}}]	1	1
57	2025-02-26 09:23:54.630218-05	28	Noah Gragson	2	[{"changed": {"fields": ["Website", "Team"]}}]	1	1
58	2025-02-26 09:25:06.616029-05	20	Hyak Motorsports	1	[{"added": {}}]	8	1
59	2025-02-26 09:25:11.235238-05	18	Ricky Stenhouse Jr.	2	[{"changed": {"fields": ["Team"]}}]	1	1
60	2025-02-26 09:26:05.580446-05	17	Riley Herbst	2	[{"changed": {"fields": ["Website", "Team"]}}]	1	1
61	2025-02-26 09:27:02.942733-05	40	Ross Chastain	2	[{"changed": {"fields": ["Website", "Team"]}}]	1	1
62	2025-02-26 09:27:33.882212-05	32	Ryan Preece	2	[{"changed": {"fields": ["Website", "Team"]}}]	1	1
63	2025-02-26 09:28:07.681651-05	33	Shane van Gisbergen	2	[{"changed": {"fields": ["Website", "Team"]}}]	1	1
64	2025-02-26 09:28:54.000439-05	27	Todd Gilliland	2	[{"changed": {"fields": ["Website", "Team"]}}]	1	1
65	2025-02-26 09:29:30.137813-05	14	Ty Dillon	2	[{"changed": {"fields": ["Website", "Team"]}}]	1	1
66	2025-02-26 09:29:59.722575-05	16	Ty Gibbs	2	[{"changed": {"fields": ["Website", "Team"]}}]	1	1
67	2025-02-26 09:30:34.42107-05	2	Tyler Reddick	2	[{"changed": {"fields": ["Website", "Team"]}}]	1	1
68	2025-02-26 09:31:41.878109-05	36	Zane Smith	2	[{"changed": {"fields": ["Website", "Team"]}}]	1	1
69	2025-02-26 15:40:00.84995-05	3	Ambetter Health 400 2024-02-24	2	[{"changed": {"fields": ["Race date"]}}]	3	1
70	2025-02-27 09:00:59.483933-05	7	South Carolina	1	[{"added": {}}]	7	1
71	2025-02-27 09:01:48.21568-05	8	Darlington Raceway, Darlington South Carolina	1	[{"added": {}}]	9	1
72	2025-02-27 09:03:05.638452-05	8	Tennessee	1	[{"added": {}}]	7	1
73	2025-02-27 09:03:09.624741-05	9	Bristol Motor Speedway, Bristol Tennessee	1	[{"added": {}}]	9	1
74	2025-02-27 09:03:47.125631-05	9	Alabama	1	[{"added": {}}]	7	1
75	2025-02-27 09:05:14.704345-05	10	Talladega Superspeedway, Talladega Alabama	1	[{"added": {}}]	9	1
76	2025-02-27 09:06:33.703642-05	10	Texas	1	[{"added": {}}]	7	1
77	2025-02-27 09:07:16.843732-05	11	Texas Motor Speedway, Fort Worth Texas	1	[{"added": {}}]	9	1
78	2025-02-27 09:08:52.126293-05	11	Kansas	1	[{"added": {}}]	7	1
79	2025-02-27 09:09:06.667862-05	12	Kansas Speedway, Kansas City Kansas	1	[{"added": {}}]	9	1
80	2025-02-27 09:10:20.591582-05	12	North	1	[{"added": {}}]	7	1
81	2025-02-27 09:10:42.78508-05	12	North Carolina	2	[{"changed": {"fields": ["Name"]}}]	7	1
82	2025-02-27 09:11:12.944128-05	13	North Wilkesboro Speedway, North Wilkesboro North Carolina	1	[{"added": {}}]	9	1
83	2025-02-27 09:12:25.383102-05	14	Charlotte Motor Speedway, Concord North Carolina	1	[{"added": {}}]	9	1
84	2025-02-27 09:14:30.922625-05	4	Coca-Cola 600 2025-05-25	1	[{"added": {}}]	3	1
85	2025-02-27 09:15:37.533498-05	15	Nashville Superspeedway, Nashville Tennessee	1	[{"added": {}}]	9	1
86	2025-02-27 09:16:28.104687-05	5	NASCAR Cup Series Race at Nashville 2025-06-01	1	[{"added": {}}]	3	1
87	2025-02-27 09:17:45.095072-05	6	EchoPark Automotive Grand Prix 2025-03-02	1	[{"added": {}}]	3	1
88	2025-02-27 09:20:37.881302-05	7	Shriners Children's 500 2025-03-09	1	[{"added": {}}]	3	1
89	2025-02-27 09:22:02.262152-05	8	Pennzoil 400 2025-03-16	1	[{"added": {}}]	3	1
90	2025-02-27 09:22:49.775234-05	9	Straight Talk Wireless 400 2025-03-23	1	[{"added": {}}]	3	1
91	2025-02-27 09:23:39.343025-05	10	Cook Out 400 2025-03-30	1	[{"added": {}}]	3	1
92	2025-02-27 09:25:29.368609-05	6	EchoPark Automotive Grand Prix 2025-03-02	2	[{"changed": {"fields": ["Laps"]}}]	3	1
93	2025-02-27 09:25:48.621856-05	7	Shriners Children's 500 2025-03-09	2	[{"changed": {"fields": ["Laps"]}}]	3	1
94	2025-02-27 09:26:25.112777-05	5	NASCAR Cup Series Race at Nashville 2025-06-01	2	[{"changed": {"fields": ["Laps"]}}]	3	1
95	2025-02-27 09:26:36.443689-05	4	Coca-Cola 600 2025-05-25	2	[{"changed": {"fields": ["Laps"]}}]	3	1
96	2025-02-27 09:28:21.056356-05	13	Michigan	1	[{"added": {}}]	7	1
97	2025-02-27 09:28:39.443221-05	16	Michigan International Speedway, Brooklyn Michigan	1	[{"added": {}}]	9	1
98	2025-02-27 09:29:11.704538-05	11	Firekeepers Casino 400 2025-06-08	1	[{"added": {}}]	3	1
99	2025-02-27 10:03:05.417867-05	14	Mexico	1	[{"added": {}}]	7	1
100	2025-02-27 10:03:27.245787-05	17	Autodromo Hermanos Rodriguez, Mexico City Mexico	1	[{"added": {}}]	9	1
101	2025-02-27 10:04:14.600352-05	12	NASCAR Cup Series Race at Mexico City 2025-06-15	1	[{"added": {}}]	3	1
102	2025-02-27 10:06:28.932174-05	14	Mexico	2	[{"changed": {"fields": ["Country"]}}]	7	1
103	2025-02-27 10:06:35.573495-05	11	Kansas	2	[]	7	1
104	2025-02-27 18:39:52.009258-05	1	Daytona 500 - Bob - Alex Bowman	1	[{"added": {}}]	4	1
105	2025-02-27 18:40:18.930187-05	2	Daytona 500 - Greg - Ryan Blaney	1	[{"added": {}}]	4	1
106	2025-02-27 18:41:36.68038-05	1	Daytona 500 - Bob - William Byron	2	[{"changed": {"fields": ["Driver", "Finish"]}}]	4	1
107	2025-02-27 18:42:23.493911-05	3	Ambetter Health 400 - Greg - Ryan Blaney	1	[{"added": {}}]	4	1
108	2025-02-27 18:42:43.096742-05	4	Ambetter Health 400 - Bob - Austin Cindric	1	[{"added": {}}]	4	1
109	2025-02-28 16:11:08.015408-05	1	ScoreBoard object (1)	1	[{"added": {}}]	16	1
110	2025-02-28 16:11:41.131404-05	2	ScoreBoard object (2)	1	[{"added": {}}]	16	1
111	2025-03-01 10:56:23.553852-05	4	Ambetter Health 400 - Bob - Austin Cindric	2	[]	4	1
112	2025-03-01 10:56:44.686203-05	2	Ambetter Health 400 - Greg - Ryan Blaney ---- Ambetter Health 400 2025-02-23 	2	[{"changed": {"fields": ["Winner"]}}]	16	1
113	2025-03-01 15:34:22.956334-05	13	NASCAR Cup Series at Circuit of the Americas 2024-03-24	1	[{"added": {}}]	3	1
114	2025-03-01 15:38:51.484-05	13	NASCAR at COTA 2024-03-24	2	[{"changed": {"fields": ["Name"]}}]	3	1
115	2025-03-02 19:36:14.416668-05	5	EchoPark Automotive Grand Prix - Bob - Tyler Reddick	1	[{"added": {}}]	4	1
116	2025-03-02 19:36:41.147897-05	6	EchoPark Automotive Grand Prix - Greg - Shane van Gisbergen	1	[{"added": {}}]	4	1
117	2025-03-02 19:56:11.175734-05	13	NASCAR at COTA 2024-03-24	2	[{"changed": {"fields": ["Create results file"]}}]	3	1
118	2025-03-02 19:57:24.267844-05	13	NASCAR at COTA 2024-03-24	2	[{"changed": {"fields": ["Reload"]}}]	3	1
119	2025-03-02 19:58:14.351484-05	6	EchoPark Automotive Grand Prix 2025-03-02	2	[{"changed": {"fields": ["Reload", "Create results file"]}}]	3	1
120	2025-03-02 20:00:48.953082-05	13	NASCAR at COTA	2	[]	3	1
121	2025-03-03 08:53:36.356217-05	1	Daytona 500	2	[{"changed": {"fields": ["Create results file"]}}]	3	1
122	2025-03-03 10:12:55.418527-05	1	Daytona, Daytona Florida	2	[{"changed": {"fields": ["Short name"]}}]	9	1
123	2025-03-03 10:13:08.952066-05	2	Atlanta, Atlanta Georgia	2	[{"changed": {"fields": ["Short name"]}}]	9	1
124	2025-03-03 10:13:35.36914-05	3	Cota, Austin Texas	2	[{"changed": {"fields": ["Short name"]}}]	9	1
125	2025-03-03 10:13:56.938383-05	4	Phoenix, Phoenix Arizona	2	[{"changed": {"fields": ["Short name"]}}]	9	1
126	2025-03-03 10:14:34.007602-05	6	Homestead, Homestead Florida	2	[{"changed": {"fields": ["Short name"]}}]	9	1
127	2025-03-03 10:14:51.388346-05	8	Darlington, Darlington South Carolina	2	[{"changed": {"fields": ["Short name"]}}]	9	1
128	2025-03-03 10:15:13.647912-05	12	Kansas, Kansas City Kansas	2	[{"changed": {"fields": ["Short name"]}}]	9	1
129	2025-03-03 10:16:33.111747-05	16	Michigan, Brooklyn Michigan	2	[{"changed": {"fields": ["Short name"]}}]	9	1
130	2025-03-03 10:17:07.756325-05	7	Martinsville, Martinsville Virginia	2	[{"changed": {"fields": ["Short name"]}}]	9	1
131	2025-03-03 10:53:10.429588-05	15	Nashville, Nashville Tennessee	2	[{"changed": {"fields": ["Short name"]}}]	9	1
132	2025-03-03 10:53:26.592352-05	9	Bristol, Bristol Tennessee	2	[{"changed": {"fields": ["Short name"]}}]	9	1
133	2025-03-03 10:53:51.043843-05	13	North Wilkesboro, North Wilkesboro North Carolina	2	[{"changed": {"fields": ["Short name"]}}]	9	1
134	2025-03-03 10:54:05.78276-05	14	Charlotte, Concord North Carolina	2	[{"changed": {"fields": ["Short name"]}}]	9	1
135	2025-03-03 10:54:21.001266-05	11	Texas, Fort Worth Texas	2	[{"changed": {"fields": ["Short name"]}}]	9	1
136	2025-03-03 10:54:37.338255-05	10	Talladega, Talladega Alabama	2	[{"changed": {"fields": ["Short name"]}}]	9	1
137	2025-03-03 10:54:53.355204-05	5	Las Vegas, Las Vegas Nevada	2	[{"changed": {"fields": ["Short name"]}}]	9	1
138	2025-03-05 09:14:00.32839-05	14	NASCAR Cup Series at Phoenix	1	[{"added": {}}]	3	1
139	2025-03-05 09:15:54.364368-05	14	NASCAR Cup Series at Phoenix	2	[{"changed": {"fields": ["Race date"]}}]	3	1
140	2025-03-05 09:17:35.233814-05	14	NASCAR Cup Series at Phoenix	2	[{"changed": {"fields": ["Reload"]}}]	3	1
141	2025-03-05 09:40:55.763956-05	15	Pennsylvania	1	[{"added": {}}]	7	1
142	2025-03-05 09:41:11.481341-05	18	Pocono, Long Pond Pennsylvania	1	[{"added": {}}]	9	1
143	2025-03-05 09:43:33.625206-05	15	NASCAR Cup Series Race at	1	[{"added": {}}]	3	1
144	2025-03-05 09:44:07.335033-05	15	NASCAR Cup Series Race at Pocono	2	[{"changed": {"fields": ["Name"]}}]	3	1
145	2025-03-05 09:45:26.793299-05	16	Quaker State 400 Available at Walmart	1	[{"added": {}}]	3	1
146	2025-03-05 09:46:32.389769-05	16	Illinois	1	[{"added": {}}]	7	1
147	2025-03-05 09:46:55.350124-05	19	Chicago, Chicago Illinois	1	[{"added": {}}]	9	1
148	2025-03-05 09:47:52.605483-05	17	Grant Park 165	1	[{"added": {}}]	3	1
149	2025-03-05 09:50:50.497717-05	18	NASCAR Cup Series Race at	1	[{"added": {}}]	3	1
150	2025-03-05 09:51:30.152541-05	18	NASCAR Cup Series Race at	2	[]	3	1
151	2025-03-05 09:52:10.60414-05	18	NASCAR Cup Series Race at	3		3	1
152	2025-03-05 09:53:53.921409-05	16	Quaker State 400 Available at Walmart	2	[{"changed": {"fields": ["Race date"]}}]	3	1
153	2025-03-05 09:55:15.955352-05	17	California	1	[{"added": {}}]	7	1
154	2025-03-05 09:55:31.227472-05	20	Sonoma, Sonoma California	1	[{"added": {}}]	9	1
155	2025-03-05 09:56:17.5003-05	19	Toyota / Save Mart 350	1	[{"added": {}}]	3	1
156	2025-03-05 09:58:20.605252-05	18	Delaware	1	[{"added": {}}]	7	1
157	2025-03-05 09:58:24.019831-05	21	Dover, Dover Delaware	1	[{"added": {}}]	9	1
158	2025-03-05 09:58:38.127739-05	20	Autotrader EchoPark Automotive 400	1	[{"added": {}}]	3	1
159	2025-03-05 09:59:38.688461-05	19	Indiana	1	[{"added": {}}]	7	1
160	2025-03-05 09:59:50.264462-05	22	Indianapolis, Speedway Indiana	1	[{"added": {}}]	9	1
161	2025-03-05 10:00:23.710299-05	21	Brickyard 400 Presented by PPG	1	[{"added": {}}]	3	1
162	2025-03-05 10:01:01.206877-05	20	Iowa	1	[{"added": {}}]	7	1
163	2025-03-05 10:01:27.857938-05	21	Florida	1	[{"added": {}}]	7	1
164	2025-03-05 10:02:01.250101-05	21	Florida	3		7	1
165	2025-03-05 10:03:33.431548-05	22	New Hampshire	1	[{"added": {}}]	7	1
166	2025-03-05 10:06:06.922861-05	23	Richmond, Richmond Virginia	1	[{"added": {}}]	9	1
167	2025-03-05 10:06:56.635109-05	23	New York	1	[{"added": {}}]	7	1
168	2025-03-05 10:07:17.060766-05	24	Watkins Glen, Watkins Glen New York	1	[{"added": {}}]	9	1
169	2025-03-05 10:08:29.344743-05	25	Iowa, Newton Iowa	1	[{"added": {}}]	9	1
170	2025-03-05 10:09:35.993236-05	22	Iowa Corn 350 Powered by Ethanol	1	[{"added": {}}]	3	1
171	2025-03-05 19:25:27.82543-05	23	Go Bowling at The Glen	1	[{"added": {}}]	3	1
172	2025-03-05 19:26:22.157573-05	24	Cook Out 400	1	[{"added": {}}]	3	1
173	2025-03-05 19:27:12.872906-05	25	Coke Zero Sugar 400	1	[{"added": {}}]	3	1
174	2025-03-05 19:28:01.226646-05	26	Southern 500	1	[{"added": {}}]	3	1
175	2025-03-05 19:29:22.639634-05	26	Wwtr, Madison Illinois	1	[{"added": {}}]	9	1
176	2025-03-05 19:30:18.129054-05	26	World Wide Techn, Madison Illinois	2	[{"changed": {"fields": ["Short name"]}}]	9	1
177	2025-03-05 19:30:40.877299-05	27	Enjoy Illinois 300	1	[{"added": {}}]	3	1
178	2025-03-05 19:31:22.732212-05	28	Bass Pro Shops Night Race	1	[{"added": {}}]	3	1
179	2025-03-05 19:33:05.69233-05	27	New Hampshire, Loudon New Hampshire	1	[{"added": {}}]	9	1
180	2025-03-05 19:33:26.696296-05	29	NASCAR Cup Series Playoff Race at New Hampshire	1	[{"added": {}}]	3	1
181	2025-03-05 19:34:13.421393-05	30	Hollywood Casino 400	1	[{"added": {}}]	3	1
182	2025-03-05 19:35:24.616609-05	31	Bank of America ROVAL 400	1	[{"added": {}}]	3	1
183	2025-03-05 19:36:27.537248-05	32	South Point 400	1	[{"added": {}}]	3	1
184	2025-03-05 19:37:15.993411-05	33	YellaWood 500	1	[{"added": {}}]	3	1
185	2025-03-05 19:37:55.488172-05	34	NASCAR Cup Series Playoff Race at Martinsville	1	[{"added": {}}]	3	1
186	2025-03-05 19:38:33.615081-05	35	NASCAR Cup Series Championship	1	[{"added": {}}]	3	1
187	2025-03-09 19:29:06.465964-04	7	Shriners Children's 500 - Greg - Ryan Blaney	1	[{"added": {}}]	4	1
188	2025-03-09 19:29:30.279763-04	8	Shriners Children's 500 - Bob - Christopher Bell	1	[{"added": {}}]	4	1
189	2025-03-11 09:51:28.644683-04	36	NASCAR Cup Series at Las Vegas	1	[{"added": {}}]	3	1
190	2025-03-17 11:20:10.506096-04	8	Pennzoil 400	2	[]	3	1
191	2025-03-17 11:21:12.571143-04	9	NASCAR Cup Series at Las Vegas - Greg - Christopher Bell	1	[{"added": {}}]	4	1
192	2025-03-17 11:21:57.965997-04	10	NASCAR Cup Series at Las Vegas - Bob - Kyle Larson	1	[{"added": {}}]	4	1
193	2025-03-17 11:22:56.533487-04	10	Firekeepers Casino 400 - Bob - Kyle Larson	2	[{"changed": {"fields": ["Race"]}}]	4	1
194	2025-03-17 11:23:30.510349-04	10	Firekeepers Casino 400 - Bob - Kyle Larson	2	[]	4	1
195	2025-03-17 11:25:45.100797-04	10	Pennzoil 400 - Bob - Kyle Larson	2	[{"changed": {"fields": ["Race"]}}]	4	1
196	2025-03-17 11:26:05.25984-04	9	Pennzoil 400 - Greg - Christopher Bell	2	[{"changed": {"fields": ["Race"]}}]	4	1
197	2025-03-17 12:55:27.03336-04	37	Homestead-Miami 2024-10-27	1	[{"added": {}}]	3	1
198	2025-03-23 18:57:02.039718-04	11	Straight Talk Wireless 400 - Greg - Josh Berry	1	[{"added": {}}]	4	1
199	2025-03-23 18:57:47.054002-04	12	Straight Talk Wireless 400 - Bob - Alex Bowman	1	[{"added": {}}]	4	1
200	2025-03-24 11:43:19.012946-04	38	NASCAR Cup Series at Martinsville 2024-04-07	1	[{"added": {}}]	3	1
201	2025-03-24 12:36:01.042705-04	12	Straight Talk Wireless 400 - Bob - William Byron	2	[{"changed": {"fields": ["Driver"]}}]	4	1
202	2025-03-24 15:09:58.705588-04	39	NASCAR Cup Series Race at Martisville 2024-11-03	1	[{"added": {}}]	3	1
203	2025-03-24 15:22:30.901826-04	40	NASCAR Cup Series Race at Martinsville 2023-04-16	1	[{"added": {}}]	3	1
204	2025-03-24 15:56:45.007072-04	41	NASCAR Cup Series Race at Martinsville 2023-10-29	1	[{"added": {}}]	3	1
205	2025-03-24 20:09:23.13799-04	42	NASCAR Cup Series Race at Martinsville 2022-10-30	1	[{"added": {}}]	3	1
206	2025-03-25 09:17:42.124416-04	43	NASCAR Cup Series Race at Bristol 2024-03-17	1	[{"added": {}}]	3	1
207	2025-03-25 09:29:47.927696-04	44	Daytona 2024-02-18	1	[{"added": {}}]	3	1
208	2025-03-25 09:31:09.516682-04	3	Ambetter Health 400 2024-02-25	2	[{"changed": {"fields": ["Race date"]}}]	3	1
209	2025-03-25 09:34:08.077142-04	45	NASCAR Cup Series Race at Richmond 2024-03-31	1	[{"added": {}}]	3	1
210	2025-03-25 09:36:22.554904-04	46	NASCAR Cup Series Race at Texas 2024-04-14	1	[{"added": {}}]	3	1
211	2025-03-25 09:37:10.025988-04	47	NASCAR Cup Series Race at 2024-04-21	1	[{"added": {}}]	3	1
212	2025-03-25 09:37:51.739523-04	48	NASCAR Cup Series Race at Dover 2024-04-18	1	[{"added": {}}]	3	1
213	2025-03-25 09:38:56.41602-04	49	NASCAR Cup Series Race at Kansas 2024-05-05	1	[{"added": {}}]	3	1
214	2025-03-25 09:39:36.151821-04	50	NASCAR Cup Series Race at Darlington 2024-05-12	1	[{"added": {}}]	3	1
215	2025-03-25 09:40:26.120916-04	51	NASCAR Cup Series Race at Charlotte 2024-05-26	1	[{"added": {}}]	3	1
216	2025-03-25 09:41:14.030725-04	52	NASCAR Cup Series Race at WWW 2024-06-02	1	[{"added": {}}]	3	1
217	2025-03-25 09:43:23.315678-04	53	NASCAR Cup Series Race at Sonoma 2024-06-09	1	[{"added": {}}]	3	1
218	2025-03-25 09:44:09.417345-04	54	NASCAR Cup Series Race at Iowa 2024-06-16	1	[{"added": {}}]	3	1
219	2025-03-25 09:44:51.784476-04	55	NASCAR Cup Series Race at New Hampshire 2024-06-23	1	[{"added": {}}]	3	1
220	2025-03-25 09:45:42.146878-04	56	NASCAR Cup Series Race at Nashville 2024-06-30	1	[{"added": {}}]	3	1
221	2025-03-25 09:46:18.122462-04	57	NASCAR Cup Series Race at Chicago 2024-07-07	1	[{"added": {}}]	3	1
222	2025-03-25 09:47:00.047747-04	58	NASCAR Cup Series Race at Pocono 2024-07-14	1	[{"added": {}}]	3	1
223	2025-03-25 09:47:42.57894-04	59	NASCAR Cup Series Race at Indianapolis 2024-07-21	1	[{"added": {}}]	3	1
224	2025-03-25 09:48:43.206561-04	60	NASCAR Cup Series Race at Richmond 2024-08-11	1	[{"added": {}}]	3	1
225	2025-03-25 09:49:40.875081-04	61	NASCAR Cup Series Race at Michigan 2024-08-18	1	[{"added": {}}]	3	1
226	2025-03-25 09:50:49.211599-04	62	NASCAR Cup Series Race at Michigan 2024-08-24	1	[{"added": {}}]	3	1
227	2025-03-25 09:51:35.847007-04	63	NASCAR Cup Series Race at Darlington 2024-09-01	1	[{"added": {}}]	3	1
228	2025-03-25 09:52:12.605202-04	64	NASCAR Cup Series Race at Atlanta 2024-09-08	1	[{"added": {}}]	3	1
229	2025-03-25 09:53:03.204527-04	65	NASCAR Cup Series Race at Watkins Glen 2024-09-15	1	[{"added": {}}]	3	1
230	2025-03-25 09:54:04.347505-04	66	NASCAR Cup Series Race at Bristol 2024-09-21	1	[{"added": {}}]	3	1
231	2025-03-25 09:54:56.032927-04	67	NASCAR Cup Series Race at Kansas 2024-09-29	1	[{"added": {}}]	3	1
232	2025-03-25 09:55:46.167671-04	68	NASCAR Cup Series Race at Talladega 2024-10-06	1	[{"added": {}}]	3	1
233	2025-03-25 09:56:57.388668-04	69	NASCAR Cup Series Race at Charlotte 2024-10-13	1	[{"added": {}}]	3	1
234	2025-03-25 09:58:01.501142-04	70	NASCAR Cup Series Race at Las Vegas 2024-10-20	1	[{"added": {}}]	3	1
235	2025-03-25 09:59:51.664403-04	71	NASCAR Cup Series Race at Phoenix 2024-11-10	1	[{"added": {}}]	3	1
236	2025-03-25 10:01:15.28262-04	72	NASCAR Cup Series Race at Texas 2025-05-04	1	[{"added": {}}]	3	1
237	2025-03-25 10:10:12.645617-04	73	NASCAR Cup Series Race at Daytona 2023-02-19	1	[{"added": {}}]	3	1
238	2025-03-25 10:13:14.789401-04	28	Auto Club Speedw, Fontana California	1	[{"added": {}}]	9	1
239	2025-03-25 10:13:31.248054-04	28	Auto Club Speedw, Fontana California	2	[]	9	1
240	2025-03-25 10:14:25.001839-04	74	NASCAR Cup Series Race at Auto Club 2023-02-26	1	[{"added": {}}]	3	1
241	2025-03-25 10:15:00.257392-04	75	NASCAR Cup Series Race at Las Vegas 2023-03-15	1	[{"added": {}}]	3	1
242	2025-03-25 10:33:14.013758-04	76	NASCAR Cup Series Race at Phoenix 2023-03-12	1	[{"added": {}}]	3	1
243	2025-03-25 10:34:07.170985-04	77	NASCAR Cup Series Race at Atlanta 2023-03-19	1	[{"added": {}}]	3	1
244	2025-03-25 10:35:11.125405-04	78	NASCAR Cup Series Race at Circuit 2023-03-26	1	[{"added": {}}]	3	1
245	2025-03-25 10:36:00.216804-04	79	NASCAR Cup Series Race at Richmond 2023-04-02	1	[{"added": {}}]	3	1
246	2025-03-25 11:13:19.668613-04	80	NASCAR Cup Series Race at Bristol Dirt 2023-04-09	1	[{"added": {}}]	3	1
247	2025-03-25 11:14:20.576425-04	81	NASCAR Cup Series Race at 2023-04-23	1	[{"added": {}}]	3	1
248	2025-03-25 11:14:56.829251-04	82	NASCAR Cup Series Race at Dover 2023-04-30	1	[{"added": {}}]	3	1
249	2025-03-25 11:15:41.997027-04	83	NASCAR Cup Series Race at Kansas 2023-05-07	1	[{"added": {}}]	3	1
250	2025-03-25 11:16:39.571093-04	84	NASCAR Cup Series Race at Darlington 2023-05-14	1	[{"added": {}}]	3	1
251	2025-03-25 11:17:40.120994-04	85	NASCAR Cup Series Race at Charlotte 2024-05-28	1	[{"added": {}}]	3	1
252	2025-03-25 11:26:02.461001-04	11	Texas, Fort Worth Texas	2	[{"changed": {"fields": ["State"]}}]	9	1
253	2025-03-25 11:26:12.53542-04	3	Cota, Austin Texas	2	[]	9	1
254	2025-03-25 11:28:33.189416-04	17	Grant Park 165 2025-07-06	2	[{"changed": {"fields": ["Road course"]}}]	3	1
255	2025-03-25 11:28:50.165831-04	78	NASCAR Cup Series Race at Circuit 2023-03-26	2	[{"changed": {"fields": ["Road course"]}}]	3	1
256	2025-03-25 11:29:52.764351-04	74	NASCAR Cup Series Race at Auto Club 2023-02-26	2	[{"changed": {"fields": ["Road course"]}}]	3	1
257	2025-03-25 11:29:59.572638-04	12	NASCAR Cup Series Race at Mexico City 2025-06-15	2	[{"changed": {"fields": ["Road course"]}}]	3	1
258	2025-03-25 11:32:28.017527-04	86	Charlotte Motor Speedway 2023-05-28	1	[{"added": {}}]	3	1
259	2025-03-25 11:33:19.021102-04	85	NASCAR Cup Series Race at Charlotte 2024-05-28	3		3	1
260	2025-03-25 11:33:42.198572-04	69	NASCAR Cup Series Race at Charlotte 2024-10-13	2	[{"changed": {"fields": ["Road course"]}}]	3	1
261	2025-03-25 11:35:22.149812-04	31	Bank of America ROVAL 400 2025-10-05	2	[{"changed": {"fields": ["Road course"]}}]	3	1
262	2025-03-25 11:37:13.28244-04	87	World Wide Technology Raceway 2023-06-04	1	[{"added": {}}]	3	1
263	2025-03-25 11:38:25.373119-04	88	Sonoma Raceway 2023-06-11	1	[{"added": {}}]	3	1
264	2025-03-25 11:38:33.135822-04	53	NASCAR Cup Series Race at Sonoma 2024-06-09	2	[{"changed": {"fields": ["Road course"]}}]	3	1
265	2025-03-25 11:38:39.124132-04	19	Toyota / Save Mart 350 2025-07-13	2	[{"changed": {"fields": ["Road course"]}}]	3	1
266	2025-03-25 11:39:48.571353-04	89	Nashville Superspeedway 2023-06-25	1	[{"added": {}}]	3	1
267	2025-03-25 11:40:04.214645-04	57	NASCAR Cup Series Race at Chicago 2024-07-07	2	[{"changed": {"fields": ["Road course"]}}]	3	1
268	2025-03-25 11:40:42.969572-04	90	Chicago Street Race 2023-07-02	1	[{"added": {}}]	3	1
269	2025-03-25 11:41:46.659706-04	91	Atlanta Motor Speedway 2023-07-09	1	[{"added": {}}]	3	1
270	2025-03-25 11:42:49.319265-04	92	New Hampshire Motor Speedway 2023-07-16	1	[{"added": {}}]	3	1
271	2025-03-25 11:43:34.746342-04	93	Pocono Raceway 2023-07-23	1	[{"added": {}}]	3	1
272	2025-03-25 11:44:28.780925-04	94	Richmond Raceway 2023-07-30	1	[{"added": {}}]	3	1
273	2025-03-25 11:45:48.721082-04	95	Michigan International Speedway 2023-07-06	1	[{"added": {}}]	3	1
274	2025-03-25 11:47:54.886483-04	96	Indianapolis Motor Speedway 2023-07-13	1	[{"added": {}}]	3	1
275	2025-03-25 11:52:01.624223-04	97	Watkins Glen International 2023-07-20	1	[{"added": {}}]	3	1
276	2025-03-25 11:52:07.928514-04	23	Go Bowling at The Glen 2025-08-10	2	[{"changed": {"fields": ["Road course"]}}]	3	1
277	2025-03-25 11:52:18.059557-04	65	NASCAR Cup Series Race at Watkins Glen 2024-09-15	2	[{"changed": {"fields": ["Road course"]}}]	3	1
278	2025-03-25 11:54:33.551929-04	98	Daytona International Speedway 2023-07-26	1	[{"added": {}}]	3	1
279	2025-03-25 11:56:39.54346-04	99	Darlington Raceway 2023-09-03	1	[{"added": {}}]	3	1
280	2025-03-25 11:59:29.238542-04	100	Kansas Speedway 2023-09-10	1	[{"added": {}}]	3	1
281	2025-03-25 12:01:59.951273-04	101	Bristol Motor Speedway 2023-09-16	1	[{"added": {}}]	3	1
282	2025-03-25 12:03:20.594965-04	102	Texas Motor Speedway 2023-09-24	1	[{"added": {}}]	3	1
283	2025-03-25 13:18:35.998484-04	103	Talladega Superspeedway 2023-10-01	1	[{"added": {}}]	3	1
284	2025-03-25 13:19:25.808834-04	104	Charlotte Motor Speedway 2023-10-08	1	[{"added": {}}]	3	1
285	2025-03-25 13:20:44.699033-04	105	Las Vegas Motor Speedway 2023-10-15	1	[{"added": {}}]	3	1
286	2025-03-25 13:21:45.008612-04	106	Homestead-Miami Speedway 2023-10-22	1	[{"added": {}}]	3	1
287	2025-03-25 13:24:01.341573-04	107	Phoenix Raceway 2023-11-05	1	[{"added": {}}]	3	1
288	2025-03-25 13:45:23.622181-04	13	NASCAR at COTA 2024-03-24	2	[{"changed": {"fields": ["Reload"]}}]	3	1
289	2025-03-25 13:45:34.150452-04	6	EchoPark Automotive Grand Prix 2025-03-02	2	[]	3	1
290	2025-03-27 08:47:18.690541-04	1	TrackType object (1)	1	[{"added": {}}]	17	1
291	2025-03-27 08:48:39.865302-04	2	Superspeedway	1	[{"added": {}}]	17	1
292	2025-03-27 08:48:50.992793-04	3	Tri Oval	1	[{"added": {}}]	17	1
293	2025-03-27 08:49:00.09691-04	4	Road Course	1	[{"added": {}}]	17	1
294	2025-03-27 08:49:11.230469-04	5	Street	1	[{"added": {}}]	17	1
295	2025-03-27 08:50:13.879274-04	5	Street Course	2	[{"changed": {"fields": ["Name"]}}]	17	1
296	2025-03-27 08:51:02.446985-04	2	Atlanta, Atlanta Georgia	2	[{"changed": {"fields": ["Track type"]}}]	9	1
297	2025-03-27 08:52:43.15629-04	2	Paved Tri Oval	2	[{"changed": {"fields": ["Name"]}}]	17	1
298	2025-03-27 08:53:41.936524-04	1	Paved Quad Oval	2	[{"changed": {"fields": ["Name"]}}]	17	1
299	2025-03-27 08:53:59.797696-04	2	Atlanta, Atlanta Georgia	2	[{"changed": {"fields": ["Track type"]}}]	9	1
300	2025-03-27 09:02:27.617922-04	2	Atlanta, Atlanta Georgia	2	[]	9	1
301	2025-03-27 09:04:43.377342-04	2	Atlanta, Atlanta Georgia	2	[]	9	1
302	2025-03-27 09:07:09.985085-04	2	Atlanta, Atlanta Georgia	2	[]	9	1
303	2025-03-27 09:08:57.453093-04	2	Atlanta, Atlanta Georgia	2	[{"changed": {"fields": ["Length"]}}]	9	1
304	2025-03-27 09:09:31.637833-04	2	Atlanta, Atlanta Georgia	2	[{"changed": {"fields": ["Length"]}}]	9	1
305	2025-03-27 09:13:22.487637-04	4	Paved Road Course	2	[{"changed": {"fields": ["Name"]}}]	17	1
306	2025-03-27 09:17:22.398902-04	17	Autodromo Hermanos Rodriguez, Mexico City Mexico	2	[{"changed": {"fields": ["Length"]}}]	9	1
307	2025-03-27 09:17:50.419251-04	17	Autodromo Hermanos Rodriguez, Mexico City Mexico	2	[{"changed": {"fields": ["Website"]}}]	9	1
308	2025-03-27 09:18:22.708415-04	2	Atlanta Motor Speedway, Atlanta Georgia	2	[]	9	1
309	2025-03-27 09:18:49.204348-04	6	Concrete Oval	1	[{"added": {}}]	17	1
310	2025-03-27 09:19:15.512595-04	9	Bristol Motor Speedway, Bristol Tennessee	2	[{"changed": {"fields": ["Track type", "Length"]}}]	9	1
311	2025-03-27 09:19:23.123315-04	9	Bristol Motor Speedway, Bristol Tennessee	2	[]	9	1
312	2025-03-27 09:20:23.931795-04	14	Charlotte Motor Speedway, Concord North Carolina	2	[{"changed": {"fields": ["Track type", "Length"]}}]	9	1
313	2025-03-27 09:21:17.896288-04	14	Charlotte Motor Speedway Oval, Concord North Carolina	2	[{"changed": {"fields": ["Name"]}}]	9	1
314	2025-03-27 09:22:34.159305-04	30	Charlotte Motor Speedway Road Co, Concord North Carolina	1	[{"added": {}}]	9	1
315	2025-03-27 09:23:41.151284-04	31	Bank of America ROVAL 400 2025-10-05	2	[{"changed": {"fields": ["Track"]}}]	3	1
316	2025-03-27 09:25:17.91071-04	30	Charlotte Motor Speedway Road Course, Concord North Carolina	2	[{"changed": {"fields": ["Name"]}}]	9	1
317	2025-03-27 09:25:44.592302-04	19	Chicago Street Race, Chicago Illinois	2	[{"changed": {"fields": ["Track type"]}}]	9	1
318	2025-03-27 09:26:40.917742-04	3	Circuit Of The Americas, Austin Texas	2	[{"changed": {"fields": ["Track type", "Length"]}}]	9	1
319	2025-03-27 09:27:30.548814-04	7	Paperclip Oval	1	[{"added": {}}]	17	1
320	2025-03-27 09:27:42.126809-04	7	Martinsville Speedway, Martinsville Virginia	2	[{"changed": {"fields": ["Track type", "Length"]}}]	9	1
321	2025-03-27 09:28:16.151695-04	5	Las Vegas Motor Speedway, Las Vegas Nevada	2	[{"changed": {"fields": ["Track type"]}}]	9	1
322	2025-03-27 09:28:29.971765-04	5	Las Vegas Motor Speedway, Las Vegas Nevada	2	[{"changed": {"fields": ["Length"]}}]	9	1
323	2025-03-27 09:29:36.840666-04	8	Paved Egg-Shaped Oval	1	[{"added": {}}]	17	1
324	2025-03-27 09:29:49.067457-04	8	Darlington Raceway, Darlington South Carolina	2	[{"changed": {"fields": ["Track type", "Length"]}}]	9	1
325	2025-03-27 09:30:19.283905-04	1	Daytona International Speedway, Daytona Florida	2	[{"changed": {"fields": ["Track type", "Length"]}}]	9	1
326	2025-03-27 09:30:51.817269-04	21	Dover Motor Speedway, Dover Delaware	2	[{"changed": {"fields": ["Track type", "Length"]}}]	9	1
327	2025-03-27 09:32:08.268695-04	9	Paved Oval	1	[{"added": {}}]	17	1
328	2025-03-27 09:32:19.134739-04	6	Homestead-miami Speedway, Homestead Florida	2	[{"changed": {"fields": ["Track type", "Length"]}}]	9	1
329	2025-03-27 09:32:52.847157-04	12	Kansas Speedway, Kansas City Kansas	2	[{"changed": {"fields": ["Track type", "Length"]}}]	9	1
330	2025-03-27 09:33:37.953106-04	25	Iowa Speedway, Newton Iowa	2	[{"changed": {"fields": ["Track type", "Length"]}}]	9	1
331	2025-03-27 09:34:00.61578-04	25	Iowa Speedway, Newton Iowa	2	[{"changed": {"fields": ["Website"]}}]	9	1
332	2025-03-27 09:48:54.435734-04	20	Sonoma Raceway, Sonoma California	2	[{"changed": {"fields": ["Track type", "Length"]}}]	9	1
333	2025-03-27 09:49:37.27085-04	10	Talladega Superspeedway, Talladega Alabama	2	[{"changed": {"fields": ["Track type", "Length"]}}]	9	1
334	2025-03-27 09:50:01.927542-04	24	Watkins Glen International, Watkins Glen New York	2	[{"changed": {"fields": ["Track type", "Length"]}}]	9	1
335	2025-03-27 09:50:29.599587-04	26	World Wide Technology Raceway, Madison Illinois	2	[{"changed": {"fields": ["Track type", "Length"]}}]	9	1
336	2025-03-27 09:51:11.597802-04	10	Paved D Shaped Oval	1	[{"added": {}}]	17	1
337	2025-03-27 09:51:26.606655-04	23	Richmond Raceway, Richmond Virginia	2	[{"changed": {"fields": ["Track type", "Length"]}}]	9	1
338	2025-03-27 09:52:06.26225-04	11	Paved Triangular Oval	1	[{"added": {}}]	17	1
339	2025-03-27 09:52:16.259966-04	18	Pocono Raceway, Long Pond Pennsylvania	2	[{"changed": {"fields": ["Track type", "Length"]}}]	9	1
340	2025-03-27 09:53:06.388729-04	27	New Hampshire Motor Speedway, Loudon New Hampshire	2	[{"changed": {"fields": ["Track type", "Length"]}}]	9	1
341	2025-03-27 09:53:34.836569-04	16	Michigan International Speedway, Brooklyn Michigan	2	[{"changed": {"fields": ["Track type", "Length"]}}]	9	1
342	2025-03-27 09:55:36.523948-04	22	Indianapolis Motor Speedway, Speedway Indiana	2	[{"changed": {"fields": ["Track type", "Length"]}}]	9	1
343	2025-03-27 09:56:33.602841-04	12	Concrete Tri Oval	1	[{"added": {}}]	17	1
344	2025-03-27 09:56:48.160121-04	15	Nashville Superspeedway, Nashville Tennessee	2	[{"changed": {"fields": ["Track type", "Length"]}}]	9	1
345	2025-03-28 08:42:19.711575-04	13	Paved Dogleg Oval	1	[{"added": {}}]	17	1
346	2025-03-28 08:47:56.592534-04	13	Paved Dogleg Oval	2	[{"changed": {"fields": ["Track type"]}}]	17	1
347	2025-03-28 08:49:04.569266-04	4	Phoenix Raceway, Phoenix Arizona	2	[{"changed": {"fields": ["Track type", "Length"]}}]	9	1
348	2025-03-28 08:50:30.255017-04	7	Short Track - Paperclip Oval	2	[{"changed": {"fields": ["Track type"]}}]	17	1
349	2025-03-28 08:50:36.012509-04	7	Martinsville Speedway, Martinsville Virginia	2	[]	9	1
350	2025-03-28 08:51:02.164213-04	1	Intermediate - Paved Quad Oval	2	[{"changed": {"fields": ["Track type"]}}]	17	1
351	2025-03-28 08:51:05.281994-04	2	Atlanta Motor Speedway, Atlanta Georgia	2	[]	9	1
352	2025-03-28 08:51:59.426572-04	4	Intermediate - Paved Road Course	2	[{"changed": {"fields": ["Track type"]}}]	17	1
353	2025-03-28 08:52:09.323734-04	28	Auto Club Speedway, Fontana California	2	[{"changed": {"fields": ["Track type"]}}]	9	1
354	2025-03-28 08:52:48.29653-04	4	Road Course - Paved Road Course	2	[{"changed": {"fields": ["Track type"]}}]	17	1
355	2025-03-28 08:52:51.40196-04	17	Autodromo Hermanos Rodriguez, Mexico City Mexico	2	[]	9	1
356	2025-03-28 08:56:02.595435-04	10	Intermediate - Paved D Shaped Oval	2	[{"changed": {"fields": ["Track type"]}}]	17	1
357	2025-03-28 08:56:07.650052-04	28	Auto Club Speedway, Fontana California	2	[{"changed": {"fields": ["Track type"]}}]	9	1
358	2025-03-28 08:57:57.506258-04	6	Short Track - Concrete Oval	2	[{"changed": {"fields": ["Track type"]}}]	17	1
359	2025-03-28 08:58:40.208667-04	9	Bristol Motor Speedway, Bristol Tennessee	2	[]	9	1
360	2025-03-28 08:59:25.768452-04	5	Road Course - Street Course	2	[{"changed": {"fields": ["Track type"]}}]	17	1
361	2025-03-28 08:59:29.888136-04	19	Chicago Street Race, Chicago Illinois	2	[]	9	1
362	2025-03-28 08:59:48.944228-04	8	Intermediate - Paved Egg-Shaped Oval	2	[{"changed": {"fields": ["Track type"]}}]	17	1
363	2025-03-28 08:59:52.837005-04	8	Darlington Raceway, Darlington South Carolina	2	[]	9	1
364	2025-03-28 09:00:28.563811-04	2	Superspeedway - Paved Tri Oval	2	[{"changed": {"fields": ["Track type"]}}]	17	1
365	2025-03-28 09:00:35.060243-04	1	Daytona International Speedway, Daytona Florida	2	[]	9	1
366	2025-03-28 09:00:55.854454-04	9	Intermediate - Paved Oval	2	[{"changed": {"fields": ["Track type"]}}]	17	1
367	2025-03-28 09:00:58.765021-04	6	Homestead-miami Speedway, Homestead Florida	2	[]	9	1
368	2025-03-28 09:03:00.010563-04	14	Speedway - Paved Oval	1	[{"added": {}}]	17	1
369	2025-03-28 09:03:05.175749-04	22	Indianapolis Motor Speedway, Speedway Indiana	2	[{"changed": {"fields": ["Track type"]}}]	9	1
370	2025-03-28 09:05:03.808779-04	15	Short Track - Paved Oval	1	[{"added": {}}]	17	1
371	2025-03-28 09:05:08.002872-04	25	Iowa Speedway, Newton Iowa	2	[{"changed": {"fields": ["Track type"]}}]	9	1
372	2025-03-28 09:05:58.392227-04	16	Intermediate - Paved TriOval	1	[{"added": {}}]	17	1
373	2025-03-28 09:06:05.160326-04	12	Kansas Speedway, Kansas City Kansas	2	[{"changed": {"fields": ["Track type"]}}]	9	1
374	2025-03-28 09:06:33.123224-04	5	Las Vegas Motor Speedway, Las Vegas Nevada	2	[{"changed": {"fields": ["Track type"]}}]	9	1
375	2025-03-28 09:11:02.522151-04	13	North Wilkesboro Speedway, North Wilkesboro North Carolina	2	[{"changed": {"fields": ["Track type", "Length"]}}]	9	1
376	2025-03-28 09:12:04.188646-04	11	Superspeedway - Paved Triangular Oval	2	[{"changed": {"fields": ["Track type"]}}]	17	1
377	2025-03-28 09:12:07.309734-04	18	Pocono Raceway, Long Pond Pennsylvania	2	[]	9	1
378	2025-03-28 09:13:03.830561-04	17	Short Track - Paved D Shaped Oval	1	[{"added": {}}]	17	1
379	2025-03-28 09:13:07.054908-04	23	Richmond Raceway, Richmond Virginia	2	[{"changed": {"fields": ["Track type"]}}]	9	1
380	2025-03-28 09:14:39.87141-04	11	Texas Motor Speedway, Fort Worth Texas	2	[{"changed": {"fields": ["Track type"]}}]	9	1
381	2025-03-28 09:15:30.203995-04	12	Intermediate - Concrete Tri Oval	2	[{"changed": {"fields": ["Track type"]}}]	17	1
382	2025-03-28 09:15:34.217233-04	15	Nashville Superspeedway, Nashville Tennessee	2	[]	9	1
383	2025-03-30 12:10:39.869114-04	41	AJ Allmendinger	2	[{"changed": {"fields": ["Salary"]}}]	1	1
384	2025-03-30 12:45:36.572366-04	41	AJ Allmendinger	2	[]	1	1
385	2025-03-30 12:46:00.069094-04	6	Alex Bowman	2	[{"changed": {"fields": ["Salary"]}}]	1	1
386	2025-03-30 12:56:06.842339-04	10	Chris Buescher	2	[{"changed": {"fields": ["Salary"]}}]	1	1
387	2025-03-30 12:56:31.088854-04	2	Tyler Reddick	2	[{"changed": {"fields": ["Salary"]}}]	1	1
388	2025-03-30 12:56:51.577403-04	24	Denny Hamlin	2	[{"changed": {"fields": ["Salary"]}}]	1	1
389	2025-03-30 12:57:06.261286-04	4	Chase Briscoe	2	[{"changed": {"fields": ["Salary"]}}]	1	1
390	2025-03-30 12:57:27.557984-04	5	John Hunter Nemechek	2	[{"changed": {"fields": ["Salary"]}}]	1	1
391	2025-03-30 13:00:24.210759-04	20	Kyle Larson	2	[{"changed": {"fields": ["Salary"]}}]	1	1
392	2025-03-30 13:00:49.120895-04	23	Austin Dillon	2	[{"changed": {"fields": ["Salary"]}}]	1	1
393	2025-03-30 13:01:34.089753-04	31	Christopher Bell	2	[{"changed": {"fields": ["Salary"]}}]	1	1
394	2025-03-30 13:01:59.907935-04	29	Bubba Wallace	2	[{"changed": {"fields": ["Salary"]}}]	1	1
395	2025-03-30 13:02:50.939305-04	18	Ricky Stenhouse Jr.	2	[{"changed": {"fields": ["Salary"]}}]	1	1
396	2025-03-30 13:03:13.621677-04	26	Brad Keselowski	2	[{"changed": {"fields": ["Salary"]}}]	1	1
397	2025-03-30 13:03:47.00522-04	15	Chase Elliott	2	[{"changed": {"fields": ["Salary"]}}]	1	1
398	2025-03-30 13:04:20.423382-04	11	Michael McDowell	2	[{"changed": {"fields": ["Salary"]}}]	1	1
399	2025-03-30 13:06:19.4951-04	7	Ryan Blaney	2	[{"changed": {"fields": ["Salary"]}}]	1	1
400	2025-03-30 13:07:23.235537-04	19	Justin Haley	2	[{"changed": {"fields": ["Salary"]}}]	1	1
401	2025-03-30 13:09:31.521417-04	16	Ty Gibbs	2	[{"changed": {"fields": ["Salary"]}}]	1	1
402	2025-03-30 13:09:59.493804-04	32	Ryan Preece	2	[{"changed": {"fields": ["Salary"]}}]	1	1
403	2025-03-30 13:10:35.896645-04	27	Todd Gilliland	2	[{"changed": {"fields": ["Salary"]}}]	1	1
404	2025-03-30 13:11:03.478941-04	1	William Byron	2	[{"changed": {"fields": ["Salary"]}}]	1	1
405	2025-03-30 13:11:57.318478-04	8	Austin Cindric	2	[{"changed": {"fields": ["Salary"]}}]	1	1
406	2025-03-30 13:13:08.276369-04	30	Carson Hocevar	2	[{"changed": {"fields": ["Salary"]}}]	1	1
407	2025-03-30 13:13:36.809363-04	40	Ross Chastain	2	[{"changed": {"fields": ["Salary"]}}]	1	1
408	2025-03-30 13:14:08.19219-04	37	Josh Berry	2	[{"changed": {"fields": ["Salary"]}}]	1	1
409	2025-03-30 13:15:05.94158-04	28	Noah Gragson	2	[{"changed": {"fields": ["Salary"]}}]	1	1
410	2025-03-30 13:15:22.334605-04	35	Joey Logano	2	[{"changed": {"fields": ["Salary"]}}]	1	1
411	2025-03-30 13:16:01.838755-04	12	Erik Jones	2	[{"changed": {"fields": ["Salary"]}}]	1	1
412	2025-03-30 13:17:09.835381-04	44	Harrison Burton	2	[{"changed": {"fields": ["Salary"]}}]	1	1
413	2025-03-30 13:17:33.547825-04	36	Zane Smith	2	[{"changed": {"fields": ["Salary"]}}]	1	1
414	2025-03-30 13:18:13.783555-04	13	Daniel Suarez	2	[{"changed": {"fields": ["Salary"]}}]	1	1
415	2025-03-30 13:19:03.254335-04	46	Daniel Hemric	2	[{"changed": {"fields": ["Salary"]}}]	1	1
416	2025-03-30 13:20:01.881099-04	45	Kaz Grala	2	[{"changed": {"fields": ["Salary"]}}]	1	1
417	2025-03-30 13:21:03.288121-04	14	Ty Dillon	2	[{"changed": {"fields": ["Salary"]}}]	1	1
418	2025-03-30 13:21:48.930762-04	34	Kyle Busch	2	[{"changed": {"fields": ["Salary"]}}]	1	1
419	2025-03-30 13:22:29.461669-04	22	Corey LaJoie	2	[{"changed": {"fields": ["Salary"]}}]	1	1
420	2025-03-30 13:24:01.669602-04	43	J.J. Yeley	2	[{"changed": {"fields": ["Salary"]}}]	1	1
421	2025-03-30 13:24:43.545876-04	42	B.J. McLeod	2	[{"changed": {"fields": ["Salary"]}}]	1	1
422	2025-03-30 19:46:15.129525-04	10	Cook Out 400 2025-03-30	2	[{"changed": {"fields": ["Reload"]}}]	3	1
423	2025-03-30 19:48:22.479501-04	10	Cook Out 400 2025-03-30	2	[{"changed": {"fields": ["Reload"]}}]	3	1
424	2025-03-31 11:04:30.763721-04	13	Cook Out 400 - Bob - Chase Elliott	1	[{"added": {}}]	4	1
425	2025-03-31 11:05:10.897404-04	14	Cook Out 400 - Greg - Ryan Blaney	1	[{"added": {}}]	4	1
426	2025-03-31 11:29:07.044913-04	1	DriverCurrentTeam object (1)	1	[{"added": {}}]	18	1
427	2025-03-31 18:55:57.603475-04	2	Alex Bowman Hendrick Motorsports	1	[{"added": {}}]	18	1
428	2025-03-31 18:57:33.335195-04	3	Austin Cindric - Penske 2025-03-31	1	[{"added": {}}]	18	1
429	2025-03-31 19:01:25.08619-04	4	Aric Almirola - Joe Gibbs Racing 2024-02-01	1	[{"added": {}}]	18	1
430	2025-03-31 19:06:11.12727-04	1	RacingSeries object (1)	1	[{"added": {}}]	19	1
431	2025-03-31 19:06:26.844914-04	2	RacingSeries object (2)	1	[{"added": {}}]	19	1
432	2025-03-31 19:07:22.4939-04	4	Aric Almirola - Joe Gibbs Racing 2024-02-01	2	[{"changed": {"fields": ["Racing series"]}}]	18	1
433	2025-03-31 19:07:30.882109-04	3	Austin Cindric - Penske 2025-03-31	2	[{"changed": {"fields": ["Racing series"]}}]	18	1
434	2025-03-31 19:07:37.155909-04	2	Alex Bowman - Hendrick Motorsports 2025-03-31	2	[{"changed": {"fields": ["Racing series"]}}]	18	1
435	2025-03-31 19:07:42.259006-04	1	AJ Allmendinger - Legacy Motor Club 2025-03-31	2	[{"changed": {"fields": ["Racing series"]}}]	18	1
436	2025-03-31 19:09:28.76278-04	5	Bubba Wallace - NASCAR - 23XI Racing - 2025-03-31	1	[{"added": {}}]	18	1
437	2025-03-31 19:12:43.657572-04	6	Kyle Larson - NASCAR - Hendrick Motorsports - 2025-03-31	1	[{"added": {}}]	18	1
438	2025-03-31 19:14:27.577257-04	7	Denny Hamlin - NASCAR - Joe Gibbs Racing - 2025-03-31	1	[{"added": {}}]	18	1
439	2025-03-31 19:15:52.145788-04	8	Christopher Bell - NASCAR - Joe Gibbs Racing - 2025-03-31	1	[{"added": {}}]	18	1
440	2025-03-31 19:16:54.298869-04	9	Josh Berry - NASCAR - Wood Brothers Racing - 2025-03-31	1	[{"added": {}}]	18	1
441	2025-03-31 19:17:42.631439-04	10	Ryan Blaney - NASCAR - Penske - 2025-03-31	1	[{"added": {}}]	18	1
442	2025-03-31 19:20:50.63383-04	11	Alex Bowman - NASCAR - Hendrick Motorsports - 2025-03-31	1	[{"added": {}}]	18	1
443	2025-03-31 19:21:55.805781-04	12	Chase Briscoe - NASCAR - Joe Gibbs Racing - 2025-03-31	1	[{"added": {}}]	18	1
444	2025-03-31 19:22:51.092263-04	13	Chris Buescher - NASCAR - RFK Racing - 2025-03-31	1	[{"added": {}}]	18	1
445	2025-03-31 19:23:51.833904-04	14	Kyle Busch - NASCAR - Richard Childress Racing - 2025-03-31	1	[{"added": {}}]	18	1
446	2025-03-31 19:24:37.957974-04	15	William Byron - NASCAR - Hendrick Motorsports - 2025-03-31	1	[{"added": {}}]	18	1
447	2025-03-31 19:25:13.21237-04	16	Ross Chastain - NASCAR - Trackhouse Racing - 2025-03-31	1	[{"added": {}}]	18	1
448	2025-03-31 19:26:09.539451-04	17	Cole Custer - NASCAR - Haas Factory Team - 2025-03-31	1	[{"added": {}}]	18	1
449	2025-03-31 19:26:47.473902-04	18	Ty Dillon - NASCAR - Kaulig Racing - 2025-03-31	1	[{"added": {}}]	18	1
450	2025-03-31 19:27:10.889588-04	19	Chase Elliott - NASCAR - Hendrick Motorsports - 2025-03-31	1	[{"added": {}}]	18	1
451	2025-03-31 19:27:57.274011-04	20	Ty Gibbs - NASCAR - Joe Gibbs Racing - 2025-03-31	1	[{"added": {}}]	18	1
452	2025-03-31 19:28:39.380883-04	21	Todd Gilliland - NASCAR - Front Row Motorsports - 2025-03-31	1	[{"added": {}}]	18	1
453	2025-03-31 19:29:12.793351-04	22	Noah Gragson - NASCAR - Front Row Motorsports - 2025-03-31	1	[{"added": {}}]	18	1
454	2025-03-31 19:29:49.987212-04	23	Justin Haley - NASCAR - Spire Motorsports - 2025-03-31	1	[{"added": {}}]	18	1
455	2025-03-31 19:30:25.521905-04	24	Riley Herbst - NASCAR - 23XI Racing - 2025-03-31	1	[{"added": {}}]	18	1
456	2025-03-31 19:30:52.641037-04	25	Brad Keselowski - NASCAR - RFK Racing - 2025-03-31	1	[{"added": {}}]	18	1
457	2025-03-31 19:31:31.833146-04	26	Joey Logano - NASCAR - Penske - 2025-03-31	1	[{"added": {}}]	18	1
458	2025-03-31 19:32:17.680622-04	27	Michael McDowell - NASCAR - Spire Motorsports - 2025-03-31	1	[{"added": {}}]	18	1
459	2025-03-31 19:32:58.480959-04	28	John Hunter Nemechek - NASCAR - Legacy Motor Club - 2025-03-31	1	[{"added": {}}]	18	1
460	2025-03-31 19:33:37.412462-04	29	Ricky Stenhouse Jr. - NASCAR - Hyak Motorsports - 2025-03-31	1	[{"added": {}}]	18	1
461	2025-03-31 19:34:15.067294-04	30	Daniel Suarez - NASCAR - Trackhouse Racing - 2025-03-31	1	[{"added": {}}]	18	1
462	2025-03-31 19:34:53.306436-04	31	Shane van Gisbergen - NASCAR - Trackhouse Racing - 2025-03-31	1	[{"added": {}}]	18	1
463	2025-03-31 19:35:33.053025-04	32	Cody Ware - NASCAR - Rick Ware Racing - 2025-03-31	1	[{"added": {}}]	18	1
464	2025-03-31 19:38:09.340228-04	87	Burt Myers	2	[{"changed": {"fields": ["Salary", "Website"]}}]	1	1
465	2025-03-31 19:38:24.076785-04	87	Burt Myers	2	[{"changed": {"fields": ["Salary"]}}]	1	1
466	2025-03-31 19:40:05.046079-04	21	Team AmeriVet	1	[{"added": {}}]	8	1
467	2025-03-31 19:40:45.170234-04	33	Burt Myers - NASCAR - Team AmeriVet - 2025-03-31	1	[{"added": {}}]	18	1
468	2025-03-31 19:41:27.446141-04	21	Team AmeriVet	2	[{"changed": {"fields": ["Website"]}}]	8	1
469	2025-04-01 09:02:04.953971-04	41	AJ Allmendinger	2	[]	1	1
470	2025-04-01 09:02:09.684997-04	41	AJ Allmendinger	2	[]	1	1
471	2025-04-01 09:02:57.100779-04	2	Alex Bowman - NASCAR - Hendrick Motorsports - 2025-03-31	3		18	1
472	2025-04-01 09:03:02.607525-04	11	Alex Bowman - NASCAR - Hendrick Motorsports - 2025-03-31	2	[]	18	1
473	2025-04-01 09:18:07.678655-04	25	Brad Keselowski - NASCAR - RFK Racing - 2025-03-31	2	[]	18	1
474	2025-04-01 09:21:05.555327-04	3	Austin Cindric - NASCAR - Penske - 2025-03-31	2	[]	18	1
475	2025-04-01 09:27:14.762373-04	4	Aric Almirola - Xfinity - Joe Gibbs Racing - 2024-02-01	2	[]	18	1
476	2025-04-01 09:39:59.0427-04	3	Indy	1	[{"added": {}}]	19	1
477	2025-04-01 09:40:16.340773-04	3	IndyCar Racing League	2	[{"changed": {"fields": ["Name"]}}]	19	1
478	2025-04-01 09:42:26.615946-04	22	Dragon Racing	1	[{"added": {}}]	8	1
479	2025-04-01 09:43:21.546626-04	52	Katherine Legge	2	[{"changed": {"fields": ["Salary"]}}, {"added": {"name": "driver current team", "object": "Katherine Legge - IndyCar Racing League - Dragon Racing - 2025-04-01"}}]	1	1
480	2025-04-01 09:48:44.103745-04	52	Katherine Legge	2	[{"added": {"name": "driver current team", "object": "Katherine Legge - NASCAR - Live Fast Motorsports - 2025-04-01"}}]	1	1
481	2025-04-01 09:51:46.229281-04	52	Katherine Legge	2	[{"changed": {"fields": ["Comments"]}}]	1	1
482	2025-04-01 10:41:03.553291-04	38	Martin Truex Jr.	2	[{"changed": {"fields": ["Salary", "Website"]}}, {"added": {"name": "driver current team", "object": "Martin Truex Jr. - NASCAR - Joe Gibbs Racing - 2019-01-01"}}]	1	1
483	2025-04-01 10:57:49.153399-04	41	AJ Allmendinger	2	[{"changed": {"name": "driver current team", "object": "AJ Allmendinger - NASCAR - Legacy Motor Club - 2025-03-31", "fields": ["End date"]}}]	1	1
484	2025-04-06 19:05:50.234671-04	108	Darlington Raceway 2025-04-06	1	[{"added": {}}]	3	1
485	2025-04-06 19:07:20.798673-04	15	Darlington Raceway - Bob - William Byron	1	[{"added": {}}]	4	1
486	2025-04-06 19:07:43.70966-04	16	Darlington Raceway - Greg - Denny Hamlin	1	[{"added": {}}]	4	1
\.


--
-- TOC entry 5106 (class 0 OID 17379)
-- Dependencies: 218
-- Data for Name: django_content_type; Type: TABLE DATA; Schema: public; Owner: bob
--

COPY public.django_content_type (id, app_label, model) FROM stdin;
1	commissioner	driver
2	commissioner	player
3	commissioner	race
4	commissioner	bet
5	commissioner	raceresult
6	commissioner	racesettings
7	commissioner	state
8	commissioner	team
9	commissioner	track
10	admin	logentry
11	auth	permission
12	auth	group
13	auth	user
14	contenttypes	contenttype
15	sessions	session
16	commissioner	scoreboard
17	commissioner	tracktype
18	commissioner	drivercurrentteam
19	commissioner	racingseries
\.


--
-- TOC entry 5104 (class 0 OID 17371)
-- Dependencies: 216
-- Data for Name: django_migrations; Type: TABLE DATA; Schema: public; Owner: bob
--

COPY public.django_migrations (id, app, name, applied) FROM stdin;
1	contenttypes	0001_initial	2025-02-25 11:50:22.836316-05
2	auth	0001_initial	2025-02-25 11:50:22.987468-05
3	admin	0001_initial	2025-02-25 11:50:23.019534-05
4	admin	0002_logentry_remove_auto_add	2025-02-25 11:50:23.023682-05
5	admin	0003_logentry_add_action_flag_choices	2025-02-25 11:50:23.026759-05
6	contenttypes	0002_remove_content_type_name	2025-02-25 11:50:23.033996-05
7	auth	0002_alter_permission_name_max_length	2025-02-25 11:50:23.038121-05
8	auth	0003_alter_user_email_max_length	2025-02-25 11:50:23.043354-05
9	auth	0004_alter_user_username_opts	2025-02-25 11:50:23.046439-05
10	auth	0005_alter_user_last_login_null	2025-02-25 11:50:23.0511-05
11	auth	0006_require_contenttypes_0002	2025-02-25 11:50:23.051613-05
12	auth	0007_alter_validators_add_error_messages	2025-02-25 11:50:23.05526-05
13	auth	0008_alter_user_username_max_length	2025-02-25 11:50:23.06468-05
14	auth	0009_alter_user_last_name_max_length	2025-02-25 11:50:23.068276-05
15	auth	0010_alter_group_name_max_length	2025-02-25 11:50:23.073421-05
16	auth	0011_update_proxy_permissions	2025-02-25 11:50:23.076988-05
17	auth	0012_alter_user_first_name_max_length	2025-02-25 11:50:23.081164-05
18	commissioner	0001_initial	2025-02-25 11:50:23.252413-05
19	sessions	0001_initial	2025-02-25 11:50:23.268326-05
20	commissioner	0002_alter_bet_unique_together	2025-02-25 11:51:55.41353-05
21	commissioner	0003_alter_driver_team	2025-02-25 19:05:02.387983-05
22	commissioner	0004_remove_driver_team	2025-02-25 19:05:02.394061-05
23	commissioner	0005_driver_team	2025-02-25 19:05:53.573672-05
24	commissioner	0006_team_website	2025-02-26 08:23:35.4426-05
25	commissioner	0007_remove_driver_slug	2025-02-26 12:03:18.149646-05
26	commissioner	0008_remove_race_website	2025-02-27 09:19:35.216887-05
27	commissioner	0009_state_country	2025-02-27 10:05:55.292198-05
28	commissioner	0010_player_beers_alter_race_race_date_scoreboard	2025-02-28 16:08:17.612392-05
29	commissioner	0011_scoreboard_race	2025-02-28 16:08:17.624395-05
30	commissioner	0012_alter_race_race_date	2025-02-28 16:08:17.632415-05
31	commissioner	0013_remove_scoreboard_winner	2025-02-28 16:08:17.650411-05
32	commissioner	0014_scoreboard_looser_scoreboard_winner	2025-02-28 16:08:17.674412-05
33	commissioner	0015_track_short_name	2025-03-03 10:12:24.073019-05
34	commissioner	0016_race_road_course_alter_race_name_and_more	2025-03-25 11:27:54.284041-04
35	commissioner	0017_tracktype_track_track_type	2025-03-27 08:45:33.16681-04
36	commissioner	0018_alter_track_length	2025-03-27 09:08:49.819738-04
37	commissioner	0019_alter_track_length_alter_track_name	2025-03-27 09:24:18.880703-04
38	commissioner	0020_tracktype_track_type	2025-03-28 08:46:03.108267-04
39	commissioner	0021_driver_salary_driver_salary_currency	2025-03-30 12:07:45.770486-04
40	commissioner	0022_remove_driver_team_alter_driver_salary_and_more	2025-03-31 11:24:08.816187-04
41	commissioner	0023_alter_drivercurrentteam_end_date	2025-03-31 18:55:14.629927-04
42	commissioner	0024_alter_drivercurrentteam_end_date	2025-03-31 18:56:17.049886-04
43	commissioner	0025_racingseries_drivercurrentteam_racing_series	2025-03-31 19:05:06.891718-04
44	commissioner	0026_alter_racingseries_name	2025-03-31 19:23:16.391897-04
45	commissioner	0027_driver_comments_alter_driver_teams_and_more	2025-04-01 09:51:09.510859-04
46	commissioner	0028_race_series	2025-04-01 11:19:15.385655-04
\.


--
-- TOC entry 5139 (class 0 OID 17671)
-- Dependencies: 251
-- Data for Name: django_session; Type: TABLE DATA; Schema: public; Owner: bob
--

COPY public.django_session (session_key, session_data, expire_date) FROM stdin;
2iwgvnthv6jp27atfupkx2gqix7yps1b	.eJxVjMsOwiAQRf-FtSEDhJdL934DmWFAqoYmpV0Z_12bdKHbe865L5FwW1vaRlnSxOIslDj9boT5UfoO-I79Nss893WZSO6KPOiQ15nL83K4fwcNR_vWwTmttc_gCAtSzIprrAzWMVCNJuSilLEGwFRLhFx0hBy8VUC-qijeH-qVN_Q:1tn4pY:3FtgPOlValzeL66xfjyaxBfJUn8n-i-P97S_-dTFmks	2025-03-11 19:59:16.530072-04
ys8pa8rej3z36fa355skz65kj20lzeyg	.eJxVjMsOwiAQRf-FtSEDhJdL934DmWFAqoYmpV0Z_12bdKHbe865L5FwW1vaRlnSxOIslDj9boT5UfoO-I79Nss893WZSO6KPOiQ15nL83K4fwcNR_vWwTmttc_gCAtSzIprrAzWMVCNJuSilLEGwFRLhFx0hBy8VUC-qijeH-qVN_Q:1tnHKf:5w430xC2mtUKnvoeM6Yje_PMWnu2CIBCrmLFaQHt65I	2025-03-12 09:20:13.931105-04
vwkvh0dimmoob48ki7xdesxhsmwx0vxy	.eJxVjMsOwiAQRf-FtSEDhJdL934DmWFAqoYmpV0Z_12bdKHbe865L5FwW1vaRlnSxOIslDj9boT5UfoO-I79Nss893WZSO6KPOiQ15nL83K4fwcNR_vWwTmttc_gCAtSzIprrAzWMVCNJuSilLEGwFRLhFx0hBy8VUC-qijeH-qVN_Q:1tuCFP:wTnfIscApbOExtcDeck_0z84plfHdtYncFWvKNEmadY	2025-03-31 11:19:23.77574-04
15hyoks59x5eikou3pijd2178hkinz48	.eJxVjMsOwiAQRf-FtSEDhJdL934DmWFAqoYmpV0Z_12bdKHbe865L5FwW1vaRlnSxOIslDj9boT5UfoO-I79Nss893WZSO6KPOiQ15nL83K4fwcNR_vWwTmttc_gCAtSzIprrAzWMVCNJuSilLEGwFRLhFx0hBy8VUC-qijeH-qVN_Q:1txVT8:191TlYmpXbUyizZmSj84XoibnREh-DzAKGqWM3Wiryk	2025-04-09 14:27:14.490619-04
\.


--
-- TOC entry 5153 (class 0 OID 0)
-- Dependencies: 221
-- Name: auth_group_id_seq; Type: SEQUENCE SET; Schema: public; Owner: bob
--

SELECT pg_catalog.setval('public.auth_group_id_seq', 1, false);


--
-- TOC entry 5154 (class 0 OID 0)
-- Dependencies: 223
-- Name: auth_group_permissions_id_seq; Type: SEQUENCE SET; Schema: public; Owner: bob
--

SELECT pg_catalog.setval('public.auth_group_permissions_id_seq', 1, false);


--
-- TOC entry 5155 (class 0 OID 0)
-- Dependencies: 219
-- Name: auth_permission_id_seq; Type: SEQUENCE SET; Schema: public; Owner: bob
--

SELECT pg_catalog.setval('public.auth_permission_id_seq', 76, true);


--
-- TOC entry 5156 (class 0 OID 0)
-- Dependencies: 227
-- Name: auth_user_groups_id_seq; Type: SEQUENCE SET; Schema: public; Owner: bob
--

SELECT pg_catalog.setval('public.auth_user_groups_id_seq', 1, false);


--
-- TOC entry 5157 (class 0 OID 0)
-- Dependencies: 225
-- Name: auth_user_id_seq; Type: SEQUENCE SET; Schema: public; Owner: bob
--

SELECT pg_catalog.setval('public.auth_user_id_seq', 1, true);


--
-- TOC entry 5158 (class 0 OID 0)
-- Dependencies: 229
-- Name: auth_user_user_permissions_id_seq; Type: SEQUENCE SET; Schema: public; Owner: bob
--

SELECT pg_catalog.setval('public.auth_user_user_permissions_id_seq', 1, false);


--
-- TOC entry 5159 (class 0 OID 0)
-- Dependencies: 239
-- Name: commissioner_bet_id_seq; Type: SEQUENCE SET; Schema: public; Owner: bob
--

SELECT pg_catalog.setval('public.commissioner_bet_id_seq', 16, true);


--
-- TOC entry 5160 (class 0 OID 0)
-- Dependencies: 233
-- Name: commissioner_driver_id_seq; Type: SEQUENCE SET; Schema: public; Owner: bob
--

SELECT pg_catalog.setval('public.commissioner_driver_id_seq', 87, true);


--
-- TOC entry 5161 (class 0 OID 0)
-- Dependencies: 256
-- Name: commissioner_drivercurrentteam_id_seq; Type: SEQUENCE SET; Schema: public; Owner: bob
--

SELECT pg_catalog.setval('public.commissioner_drivercurrentteam_id_seq', 36, true);


--
-- TOC entry 5162 (class 0 OID 0)
-- Dependencies: 235
-- Name: commissioner_player_id_seq; Type: SEQUENCE SET; Schema: public; Owner: bob
--

SELECT pg_catalog.setval('public.commissioner_player_id_seq', 2, true);


--
-- TOC entry 5163 (class 0 OID 0)
-- Dependencies: 237
-- Name: commissioner_race_id_seq; Type: SEQUENCE SET; Schema: public; Owner: bob
--

SELECT pg_catalog.setval('public.commissioner_race_id_seq', 108, true);


--
-- TOC entry 5164 (class 0 OID 0)
-- Dependencies: 241
-- Name: commissioner_raceresult_id_seq; Type: SEQUENCE SET; Schema: public; Owner: bob
--

SELECT pg_catalog.setval('public.commissioner_raceresult_id_seq', 3168, true);


--
-- TOC entry 5165 (class 0 OID 0)
-- Dependencies: 243
-- Name: commissioner_racesettings_id_seq; Type: SEQUENCE SET; Schema: public; Owner: bob
--

SELECT pg_catalog.setval('public.commissioner_racesettings_id_seq', 1, false);


--
-- TOC entry 5166 (class 0 OID 0)
-- Dependencies: 258
-- Name: commissioner_racingseries_id_seq; Type: SEQUENCE SET; Schema: public; Owner: bob
--

SELECT pg_catalog.setval('public.commissioner_racingseries_id_seq', 3, true);


--
-- TOC entry 5167 (class 0 OID 0)
-- Dependencies: 252
-- Name: commissioner_scoreboard_id_seq; Type: SEQUENCE SET; Schema: public; Owner: bob
--

SELECT pg_catalog.setval('public.commissioner_scoreboard_id_seq', 2, true);


--
-- TOC entry 5168 (class 0 OID 0)
-- Dependencies: 245
-- Name: commissioner_state_id_seq; Type: SEQUENCE SET; Schema: public; Owner: bob
--

SELECT pg_catalog.setval('public.commissioner_state_id_seq', 23, true);


--
-- TOC entry 5169 (class 0 OID 0)
-- Dependencies: 247
-- Name: commissioner_team_id_seq; Type: SEQUENCE SET; Schema: public; Owner: bob
--

SELECT pg_catalog.setval('public.commissioner_team_id_seq', 22, true);


--
-- TOC entry 5170 (class 0 OID 0)
-- Dependencies: 249
-- Name: commissioner_track_id_seq; Type: SEQUENCE SET; Schema: public; Owner: bob
--

SELECT pg_catalog.setval('public.commissioner_track_id_seq', 30, true);


--
-- TOC entry 5171 (class 0 OID 0)
-- Dependencies: 254
-- Name: commissioner_tracktype_id_seq; Type: SEQUENCE SET; Schema: public; Owner: bob
--

SELECT pg_catalog.setval('public.commissioner_tracktype_id_seq', 17, true);


--
-- TOC entry 5172 (class 0 OID 0)
-- Dependencies: 231
-- Name: django_admin_log_id_seq; Type: SEQUENCE SET; Schema: public; Owner: bob
--

SELECT pg_catalog.setval('public.django_admin_log_id_seq', 486, true);


--
-- TOC entry 5173 (class 0 OID 0)
-- Dependencies: 217
-- Name: django_content_type_id_seq; Type: SEQUENCE SET; Schema: public; Owner: bob
--

SELECT pg_catalog.setval('public.django_content_type_id_seq', 19, true);


--
-- TOC entry 5174 (class 0 OID 0)
-- Dependencies: 215
-- Name: django_migrations_id_seq; Type: SEQUENCE SET; Schema: public; Owner: bob
--

SELECT pg_catalog.setval('public.django_migrations_id_seq', 46, true);


--
-- TOC entry 4811 (class 2606 OID 17505)
-- Name: auth_group auth_group_name_key; Type: CONSTRAINT; Schema: public; Owner: bob
--

ALTER TABLE ONLY public.auth_group
    ADD CONSTRAINT auth_group_name_key UNIQUE (name);


--
-- TOC entry 4816 (class 2606 OID 17436)
-- Name: auth_group_permissions auth_group_permissions_group_id_permission_id_0cd325b0_uniq; Type: CONSTRAINT; Schema: public; Owner: bob
--

ALTER TABLE ONLY public.auth_group_permissions
    ADD CONSTRAINT auth_group_permissions_group_id_permission_id_0cd325b0_uniq UNIQUE (group_id, permission_id);


--
-- TOC entry 4819 (class 2606 OID 17405)
-- Name: auth_group_permissions auth_group_permissions_pkey; Type: CONSTRAINT; Schema: public; Owner: bob
--

ALTER TABLE ONLY public.auth_group_permissions
    ADD CONSTRAINT auth_group_permissions_pkey PRIMARY KEY (id);


--
-- TOC entry 4813 (class 2606 OID 17397)
-- Name: auth_group auth_group_pkey; Type: CONSTRAINT; Schema: public; Owner: bob
--

ALTER TABLE ONLY public.auth_group
    ADD CONSTRAINT auth_group_pkey PRIMARY KEY (id);


--
-- TOC entry 4806 (class 2606 OID 17427)
-- Name: auth_permission auth_permission_content_type_id_codename_01ab375a_uniq; Type: CONSTRAINT; Schema: public; Owner: bob
--

ALTER TABLE ONLY public.auth_permission
    ADD CONSTRAINT auth_permission_content_type_id_codename_01ab375a_uniq UNIQUE (content_type_id, codename);


--
-- TOC entry 4808 (class 2606 OID 17391)
-- Name: auth_permission auth_permission_pkey; Type: CONSTRAINT; Schema: public; Owner: bob
--

ALTER TABLE ONLY public.auth_permission
    ADD CONSTRAINT auth_permission_pkey PRIMARY KEY (id);


--
-- TOC entry 4827 (class 2606 OID 17419)
-- Name: auth_user_groups auth_user_groups_pkey; Type: CONSTRAINT; Schema: public; Owner: bob
--

ALTER TABLE ONLY public.auth_user_groups
    ADD CONSTRAINT auth_user_groups_pkey PRIMARY KEY (id);


--
-- TOC entry 4830 (class 2606 OID 17451)
-- Name: auth_user_groups auth_user_groups_user_id_group_id_94350c0c_uniq; Type: CONSTRAINT; Schema: public; Owner: bob
--

ALTER TABLE ONLY public.auth_user_groups
    ADD CONSTRAINT auth_user_groups_user_id_group_id_94350c0c_uniq UNIQUE (user_id, group_id);


--
-- TOC entry 4821 (class 2606 OID 17411)
-- Name: auth_user auth_user_pkey; Type: CONSTRAINT; Schema: public; Owner: bob
--

ALTER TABLE ONLY public.auth_user
    ADD CONSTRAINT auth_user_pkey PRIMARY KEY (id);


--
-- TOC entry 4833 (class 2606 OID 17425)
-- Name: auth_user_user_permissions auth_user_user_permissions_pkey; Type: CONSTRAINT; Schema: public; Owner: bob
--

ALTER TABLE ONLY public.auth_user_user_permissions
    ADD CONSTRAINT auth_user_user_permissions_pkey PRIMARY KEY (id);


--
-- TOC entry 4836 (class 2606 OID 17465)
-- Name: auth_user_user_permissions auth_user_user_permissions_user_id_permission_id_14a6b632_uniq; Type: CONSTRAINT; Schema: public; Owner: bob
--

ALTER TABLE ONLY public.auth_user_user_permissions
    ADD CONSTRAINT auth_user_user_permissions_user_id_permission_id_14a6b632_uniq UNIQUE (user_id, permission_id);


--
-- TOC entry 4824 (class 2606 OID 17500)
-- Name: auth_user auth_user_username_key; Type: CONSTRAINT; Schema: public; Owner: bob
--

ALTER TABLE ONLY public.auth_user
    ADD CONSTRAINT auth_user_username_key UNIQUE (username);


--
-- TOC entry 4862 (class 2606 OID 17536)
-- Name: commissioner_bet commissioner_bet_pkey; Type: CONSTRAINT; Schema: public; Owner: bob
--

ALTER TABLE ONLY public.commissioner_bet
    ADD CONSTRAINT commissioner_bet_pkey PRIMARY KEY (id);


--
-- TOC entry 4866 (class 2606 OID 17682)
-- Name: commissioner_bet commissioner_bet_race_id_driver_id_375de78e_uniq; Type: CONSTRAINT; Schema: public; Owner: bob
--

ALTER TABLE ONLY public.commissioner_bet
    ADD CONSTRAINT commissioner_bet_race_id_driver_id_375de78e_uniq UNIQUE (race_id, driver_id);


--
-- TOC entry 4843 (class 2606 OID 17516)
-- Name: commissioner_driver commissioner_driver_name_key; Type: CONSTRAINT; Schema: public; Owner: bob
--

ALTER TABLE ONLY public.commissioner_driver
    ADD CONSTRAINT commissioner_driver_name_key UNIQUE (name);


--
-- TOC entry 4845 (class 2606 OID 17514)
-- Name: commissioner_driver commissioner_driver_pkey; Type: CONSTRAINT; Schema: public; Owner: bob
--

ALTER TABLE ONLY public.commissioner_driver
    ADD CONSTRAINT commissioner_driver_pkey PRIMARY KEY (id);


--
-- TOC entry 4914 (class 2606 OID 21979)
-- Name: commissioner_drivercurrentteam commissioner_drivercurrentteam_pkey; Type: CONSTRAINT; Schema: public; Owner: bob
--

ALTER TABLE ONLY public.commissioner_drivercurrentteam
    ADD CONSTRAINT commissioner_drivercurrentteam_pkey PRIMARY KEY (id);


--
-- TOC entry 4849 (class 2606 OID 17524)
-- Name: commissioner_player commissioner_player_name_key; Type: CONSTRAINT; Schema: public; Owner: bob
--

ALTER TABLE ONLY public.commissioner_player
    ADD CONSTRAINT commissioner_player_name_key UNIQUE (name);


--
-- TOC entry 4851 (class 2606 OID 17522)
-- Name: commissioner_player commissioner_player_pkey; Type: CONSTRAINT; Schema: public; Owner: bob
--

ALTER TABLE ONLY public.commissioner_player
    ADD CONSTRAINT commissioner_player_pkey PRIMARY KEY (id);


--
-- TOC entry 4854 (class 2606 OID 17530)
-- Name: commissioner_race commissioner_race_pkey; Type: CONSTRAINT; Schema: public; Owner: bob
--

ALTER TABLE ONLY public.commissioner_race
    ADD CONSTRAINT commissioner_race_pkey PRIMARY KEY (id);


--
-- TOC entry 4856 (class 2606 OID 21937)
-- Name: commissioner_race commissioner_race_race_date_95530d51_uniq; Type: CONSTRAINT; Schema: public; Owner: bob
--

ALTER TABLE ONLY public.commissioner_race
    ADD CONSTRAINT commissioner_race_race_date_95530d51_uniq UNIQUE (race_date);


--
-- TOC entry 4870 (class 2606 OID 17542)
-- Name: commissioner_raceresult commissioner_raceresult_pkey; Type: CONSTRAINT; Schema: public; Owner: bob
--

ALTER TABLE ONLY public.commissioner_raceresult
    ADD CONSTRAINT commissioner_raceresult_pkey PRIMARY KEY (id);


--
-- TOC entry 4874 (class 2606 OID 17548)
-- Name: commissioner_racesettings commissioner_racesettings_pkey; Type: CONSTRAINT; Schema: public; Owner: bob
--

ALTER TABLE ONLY public.commissioner_racesettings
    ADD CONSTRAINT commissioner_racesettings_pkey PRIMARY KEY (id);


--
-- TOC entry 4921 (class 2606 OID 22003)
-- Name: commissioner_racingseries commissioner_racingseries_pkey; Type: CONSTRAINT; Schema: public; Owner: bob
--

ALTER TABLE ONLY public.commissioner_racingseries
    ADD CONSTRAINT commissioner_racingseries_pkey PRIMARY KEY (id);


--
-- TOC entry 4905 (class 2606 OID 21896)
-- Name: commissioner_scoreboard commissioner_scoreboard_pkey; Type: CONSTRAINT; Schema: public; Owner: bob
--

ALTER TABLE ONLY public.commissioner_scoreboard
    ADD CONSTRAINT commissioner_scoreboard_pkey PRIMARY KEY (id);


--
-- TOC entry 4878 (class 2606 OID 21939)
-- Name: commissioner_state commissioner_state_name_a72a61b0_uniq; Type: CONSTRAINT; Schema: public; Owner: bob
--

ALTER TABLE ONLY public.commissioner_state
    ADD CONSTRAINT commissioner_state_name_a72a61b0_uniq UNIQUE (name);


--
-- TOC entry 4880 (class 2606 OID 17554)
-- Name: commissioner_state commissioner_state_pkey; Type: CONSTRAINT; Schema: public; Owner: bob
--

ALTER TABLE ONLY public.commissioner_state
    ADD CONSTRAINT commissioner_state_pkey PRIMARY KEY (id);


--
-- TOC entry 4884 (class 2606 OID 17562)
-- Name: commissioner_team commissioner_team_name_key; Type: CONSTRAINT; Schema: public; Owner: bob
--

ALTER TABLE ONLY public.commissioner_team
    ADD CONSTRAINT commissioner_team_name_key UNIQUE (name);


--
-- TOC entry 4886 (class 2606 OID 17560)
-- Name: commissioner_team commissioner_team_pkey; Type: CONSTRAINT; Schema: public; Owner: bob
--

ALTER TABLE ONLY public.commissioner_team
    ADD CONSTRAINT commissioner_team_pkey PRIMARY KEY (id);


--
-- TOC entry 4890 (class 2606 OID 17700)
-- Name: commissioner_team commissioner_team_website_key; Type: CONSTRAINT; Schema: public; Owner: bob
--

ALTER TABLE ONLY public.commissioner_team
    ADD CONSTRAINT commissioner_team_website_key UNIQUE (website);


--
-- TOC entry 4893 (class 2606 OID 21970)
-- Name: commissioner_track commissioner_track_name_key; Type: CONSTRAINT; Schema: public; Owner: bob
--

ALTER TABLE ONLY public.commissioner_track
    ADD CONSTRAINT commissioner_track_name_key UNIQUE (name);


--
-- TOC entry 4895 (class 2606 OID 17568)
-- Name: commissioner_track commissioner_track_pkey; Type: CONSTRAINT; Schema: public; Owner: bob
--

ALTER TABLE ONLY public.commissioner_track
    ADD CONSTRAINT commissioner_track_pkey PRIMARY KEY (id);


--
-- TOC entry 4910 (class 2606 OID 21946)
-- Name: commissioner_tracktype commissioner_tracktype_pkey; Type: CONSTRAINT; Schema: public; Owner: bob
--

ALTER TABLE ONLY public.commissioner_tracktype
    ADD CONSTRAINT commissioner_tracktype_pkey PRIMARY KEY (id);


--
-- TOC entry 4839 (class 2606 OID 17486)
-- Name: django_admin_log django_admin_log_pkey; Type: CONSTRAINT; Schema: public; Owner: bob
--

ALTER TABLE ONLY public.django_admin_log
    ADD CONSTRAINT django_admin_log_pkey PRIMARY KEY (id);


--
-- TOC entry 4801 (class 2606 OID 17385)
-- Name: django_content_type django_content_type_app_label_model_76bd3d3b_uniq; Type: CONSTRAINT; Schema: public; Owner: bob
--

ALTER TABLE ONLY public.django_content_type
    ADD CONSTRAINT django_content_type_app_label_model_76bd3d3b_uniq UNIQUE (app_label, model);


--
-- TOC entry 4803 (class 2606 OID 17383)
-- Name: django_content_type django_content_type_pkey; Type: CONSTRAINT; Schema: public; Owner: bob
--

ALTER TABLE ONLY public.django_content_type
    ADD CONSTRAINT django_content_type_pkey PRIMARY KEY (id);


--
-- TOC entry 4799 (class 2606 OID 17377)
-- Name: django_migrations django_migrations_pkey; Type: CONSTRAINT; Schema: public; Owner: bob
--

ALTER TABLE ONLY public.django_migrations
    ADD CONSTRAINT django_migrations_pkey PRIMARY KEY (id);


--
-- TOC entry 4901 (class 2606 OID 17677)
-- Name: django_session django_session_pkey; Type: CONSTRAINT; Schema: public; Owner: bob
--

ALTER TABLE ONLY public.django_session
    ADD CONSTRAINT django_session_pkey PRIMARY KEY (session_key);


--
-- TOC entry 4919 (class 2606 OID 22017)
-- Name: commissioner_drivercurrentteam unique_driver_team_racing_series; Type: CONSTRAINT; Schema: public; Owner: bob
--

ALTER TABLE ONLY public.commissioner_drivercurrentteam
    ADD CONSTRAINT unique_driver_team_racing_series UNIQUE (driver_id, team_id, racing_series_id, start_date);


--
-- TOC entry 4809 (class 1259 OID 17506)
-- Name: auth_group_name_a6ea08ec_like; Type: INDEX; Schema: public; Owner: bob
--

CREATE INDEX auth_group_name_a6ea08ec_like ON public.auth_group USING btree (name varchar_pattern_ops);


--
-- TOC entry 4814 (class 1259 OID 17447)
-- Name: auth_group_permissions_group_id_b120cbf9; Type: INDEX; Schema: public; Owner: bob
--

CREATE INDEX auth_group_permissions_group_id_b120cbf9 ON public.auth_group_permissions USING btree (group_id);


--
-- TOC entry 4817 (class 1259 OID 17448)
-- Name: auth_group_permissions_permission_id_84c5c92e; Type: INDEX; Schema: public; Owner: bob
--

CREATE INDEX auth_group_permissions_permission_id_84c5c92e ON public.auth_group_permissions USING btree (permission_id);


--
-- TOC entry 4804 (class 1259 OID 17433)
-- Name: auth_permission_content_type_id_2f476e4b; Type: INDEX; Schema: public; Owner: bob
--

CREATE INDEX auth_permission_content_type_id_2f476e4b ON public.auth_permission USING btree (content_type_id);


--
-- TOC entry 4825 (class 1259 OID 17463)
-- Name: auth_user_groups_group_id_97559544; Type: INDEX; Schema: public; Owner: bob
--

CREATE INDEX auth_user_groups_group_id_97559544 ON public.auth_user_groups USING btree (group_id);


--
-- TOC entry 4828 (class 1259 OID 17462)
-- Name: auth_user_groups_user_id_6a12ed8b; Type: INDEX; Schema: public; Owner: bob
--

CREATE INDEX auth_user_groups_user_id_6a12ed8b ON public.auth_user_groups USING btree (user_id);


--
-- TOC entry 4831 (class 1259 OID 17477)
-- Name: auth_user_user_permissions_permission_id_1fbb5f2c; Type: INDEX; Schema: public; Owner: bob
--

CREATE INDEX auth_user_user_permissions_permission_id_1fbb5f2c ON public.auth_user_user_permissions USING btree (permission_id);


--
-- TOC entry 4834 (class 1259 OID 17476)
-- Name: auth_user_user_permissions_user_id_a95ead1b; Type: INDEX; Schema: public; Owner: bob
--

CREATE INDEX auth_user_user_permissions_user_id_a95ead1b ON public.auth_user_user_permissions USING btree (user_id);


--
-- TOC entry 4822 (class 1259 OID 17501)
-- Name: auth_user_username_6821ab7c_like; Type: INDEX; Schema: public; Owner: bob
--

CREATE INDEX auth_user_username_6821ab7c_like ON public.auth_user USING btree (username varchar_pattern_ops);


--
-- TOC entry 4860 (class 1259 OID 17617)
-- Name: commissioner_bet_driver_id_06809569; Type: INDEX; Schema: public; Owner: bob
--

CREATE INDEX commissioner_bet_driver_id_06809569 ON public.commissioner_bet USING btree (driver_id);


--
-- TOC entry 4863 (class 1259 OID 17618)
-- Name: commissioner_bet_player_id_de8f9974; Type: INDEX; Schema: public; Owner: bob
--

CREATE INDEX commissioner_bet_player_id_de8f9974 ON public.commissioner_bet USING btree (player_id);


--
-- TOC entry 4864 (class 1259 OID 17619)
-- Name: commissioner_bet_race_id_b091489e; Type: INDEX; Schema: public; Owner: bob
--

CREATE INDEX commissioner_bet_race_id_b091489e ON public.commissioner_bet USING btree (race_id);


--
-- TOC entry 4867 (class 1259 OID 17616)
-- Name: commissioner_bet_user_id_175b123f; Type: INDEX; Schema: public; Owner: bob
--

CREATE INDEX commissioner_bet_user_id_175b123f ON public.commissioner_bet USING btree (user_id);


--
-- TOC entry 4841 (class 1259 OID 17581)
-- Name: commissioner_driver_name_2c603e69_like; Type: INDEX; Schema: public; Owner: bob
--

CREATE INDEX commissioner_driver_name_2c603e69_like ON public.commissioner_driver USING btree (name varchar_pattern_ops);


--
-- TOC entry 4846 (class 1259 OID 17582)
-- Name: commissioner_driver_user_id_95b3e13b; Type: INDEX; Schema: public; Owner: bob
--

CREATE INDEX commissioner_driver_user_id_95b3e13b ON public.commissioner_driver USING btree (user_id);


--
-- TOC entry 4912 (class 1259 OID 21995)
-- Name: commissioner_drivercurrentteam_driver_id_922dae1b; Type: INDEX; Schema: public; Owner: bob
--

CREATE INDEX commissioner_drivercurrentteam_driver_id_922dae1b ON public.commissioner_drivercurrentteam USING btree (driver_id);


--
-- TOC entry 4915 (class 1259 OID 22015)
-- Name: commissioner_drivercurrentteam_racing_series_id_18a43848; Type: INDEX; Schema: public; Owner: bob
--

CREATE INDEX commissioner_drivercurrentteam_racing_series_id_18a43848 ON public.commissioner_drivercurrentteam USING btree (racing_series_id);


--
-- TOC entry 4916 (class 1259 OID 21996)
-- Name: commissioner_drivercurrentteam_team_id_9967689b; Type: INDEX; Schema: public; Owner: bob
--

CREATE INDEX commissioner_drivercurrentteam_team_id_9967689b ON public.commissioner_drivercurrentteam USING btree (team_id);


--
-- TOC entry 4917 (class 1259 OID 21997)
-- Name: commissioner_drivercurrentteam_user_id_84541bce; Type: INDEX; Schema: public; Owner: bob
--

CREATE INDEX commissioner_drivercurrentteam_user_id_84541bce ON public.commissioner_drivercurrentteam USING btree (user_id);


--
-- TOC entry 4847 (class 1259 OID 17588)
-- Name: commissioner_player_name_f19f8567_like; Type: INDEX; Schema: public; Owner: bob
--

CREATE INDEX commissioner_player_name_f19f8567_like ON public.commissioner_player USING btree (name varchar_pattern_ops);


--
-- TOC entry 4852 (class 1259 OID 17589)
-- Name: commissioner_player_user_id_0ec95497; Type: INDEX; Schema: public; Owner: bob
--

CREATE INDEX commissioner_player_user_id_0ec95497 ON public.commissioner_player USING btree (user_id);


--
-- TOC entry 4857 (class 1259 OID 22026)
-- Name: commissioner_race_series_id_98a76a36; Type: INDEX; Schema: public; Owner: bob
--

CREATE INDEX commissioner_race_series_id_98a76a36 ON public.commissioner_race USING btree (series_id);


--
-- TOC entry 4858 (class 1259 OID 17670)
-- Name: commissioner_race_track_id_e391071e; Type: INDEX; Schema: public; Owner: bob
--

CREATE INDEX commissioner_race_track_id_e391071e ON public.commissioner_race USING btree (track_id);


--
-- TOC entry 4859 (class 1259 OID 17595)
-- Name: commissioner_race_user_id_f701fe05; Type: INDEX; Schema: public; Owner: bob
--

CREATE INDEX commissioner_race_user_id_f701fe05 ON public.commissioner_race USING btree (user_id);


--
-- TOC entry 4868 (class 1259 OID 17635)
-- Name: commissioner_raceresult_driver_id_b9f1150a; Type: INDEX; Schema: public; Owner: bob
--

CREATE INDEX commissioner_raceresult_driver_id_b9f1150a ON public.commissioner_raceresult USING btree (driver_id);


--
-- TOC entry 4871 (class 1259 OID 17636)
-- Name: commissioner_raceresult_race_id_8c9be5a6; Type: INDEX; Schema: public; Owner: bob
--

CREATE INDEX commissioner_raceresult_race_id_8c9be5a6 ON public.commissioner_raceresult USING btree (race_id);


--
-- TOC entry 4872 (class 1259 OID 17637)
-- Name: commissioner_raceresult_user_id_7717acf4; Type: INDEX; Schema: public; Owner: bob
--

CREATE INDEX commissioner_raceresult_user_id_7717acf4 ON public.commissioner_raceresult USING btree (user_id);


--
-- TOC entry 4875 (class 1259 OID 17643)
-- Name: commissioner_racesettings_user_id_a56f64ac; Type: INDEX; Schema: public; Owner: bob
--

CREATE INDEX commissioner_racesettings_user_id_a56f64ac ON public.commissioner_racesettings USING btree (user_id);


--
-- TOC entry 4922 (class 1259 OID 22014)
-- Name: commissioner_racingseries_user_id_a47344be; Type: INDEX; Schema: public; Owner: bob
--

CREATE INDEX commissioner_racingseries_user_id_a47344be ON public.commissioner_racingseries USING btree (user_id);


--
-- TOC entry 4903 (class 1259 OID 21925)
-- Name: commissioner_scoreboard_looser_id_146f9d04; Type: INDEX; Schema: public; Owner: bob
--

CREATE INDEX commissioner_scoreboard_looser_id_146f9d04 ON public.commissioner_scoreboard USING btree (looser_id);


--
-- TOC entry 4906 (class 1259 OID 21914)
-- Name: commissioner_scoreboard_race_id_34e65ea5; Type: INDEX; Schema: public; Owner: bob
--

CREATE INDEX commissioner_scoreboard_race_id_34e65ea5 ON public.commissioner_scoreboard USING btree (race_id);


--
-- TOC entry 4907 (class 1259 OID 21907)
-- Name: commissioner_scoreboard_user_id_de7f83b9; Type: INDEX; Schema: public; Owner: bob
--

CREATE INDEX commissioner_scoreboard_user_id_de7f83b9 ON public.commissioner_scoreboard USING btree (user_id);


--
-- TOC entry 4908 (class 1259 OID 21926)
-- Name: commissioner_scoreboard_winner_id_21a0bf71; Type: INDEX; Schema: public; Owner: bob
--

CREATE INDEX commissioner_scoreboard_winner_id_21a0bf71 ON public.commissioner_scoreboard USING btree (winner_id);


--
-- TOC entry 4876 (class 1259 OID 21940)
-- Name: commissioner_state_name_a72a61b0_like; Type: INDEX; Schema: public; Owner: bob
--

CREATE INDEX commissioner_state_name_a72a61b0_like ON public.commissioner_state USING btree (name varchar_pattern_ops);


--
-- TOC entry 4881 (class 1259 OID 17649)
-- Name: commissioner_state_user_id_efa71516; Type: INDEX; Schema: public; Owner: bob
--

CREATE INDEX commissioner_state_user_id_efa71516 ON public.commissioner_state USING btree (user_id);


--
-- TOC entry 4882 (class 1259 OID 17655)
-- Name: commissioner_team_name_4ea6a4ba_like; Type: INDEX; Schema: public; Owner: bob
--

CREATE INDEX commissioner_team_name_4ea6a4ba_like ON public.commissioner_team USING btree (name varchar_pattern_ops);


--
-- TOC entry 4887 (class 1259 OID 17656)
-- Name: commissioner_team_user_id_2db9f997; Type: INDEX; Schema: public; Owner: bob
--

CREATE INDEX commissioner_team_user_id_2db9f997 ON public.commissioner_team USING btree (user_id);


--
-- TOC entry 4888 (class 1259 OID 17701)
-- Name: commissioner_team_website_64a4871f_like; Type: INDEX; Schema: public; Owner: bob
--

CREATE INDEX commissioner_team_website_64a4871f_like ON public.commissioner_team USING btree (website varchar_pattern_ops);


--
-- TOC entry 4891 (class 1259 OID 21971)
-- Name: commissioner_track_name_b6fbedfb_like; Type: INDEX; Schema: public; Owner: bob
--

CREATE INDEX commissioner_track_name_b6fbedfb_like ON public.commissioner_track USING btree (name varchar_pattern_ops);


--
-- TOC entry 4896 (class 1259 OID 17668)
-- Name: commissioner_track_state_id_79c4bd05; Type: INDEX; Schema: public; Owner: bob
--

CREATE INDEX commissioner_track_state_id_79c4bd05 ON public.commissioner_track USING btree (state_id);


--
-- TOC entry 4897 (class 1259 OID 21958)
-- Name: commissioner_track_track_type_id_99574517; Type: INDEX; Schema: public; Owner: bob
--

CREATE INDEX commissioner_track_track_type_id_99574517 ON public.commissioner_track USING btree (track_type_id);


--
-- TOC entry 4898 (class 1259 OID 17669)
-- Name: commissioner_track_user_id_f28d47e4; Type: INDEX; Schema: public; Owner: bob
--

CREATE INDEX commissioner_track_user_id_f28d47e4 ON public.commissioner_track USING btree (user_id);


--
-- TOC entry 4911 (class 1259 OID 21957)
-- Name: commissioner_tracktype_user_id_4886a131; Type: INDEX; Schema: public; Owner: bob
--

CREATE INDEX commissioner_tracktype_user_id_4886a131 ON public.commissioner_tracktype USING btree (user_id);


--
-- TOC entry 4837 (class 1259 OID 17497)
-- Name: django_admin_log_content_type_id_c4bce8eb; Type: INDEX; Schema: public; Owner: bob
--

CREATE INDEX django_admin_log_content_type_id_c4bce8eb ON public.django_admin_log USING btree (content_type_id);


--
-- TOC entry 4840 (class 1259 OID 17498)
-- Name: django_admin_log_user_id_c564eba6; Type: INDEX; Schema: public; Owner: bob
--

CREATE INDEX django_admin_log_user_id_c564eba6 ON public.django_admin_log USING btree (user_id);


--
-- TOC entry 4899 (class 1259 OID 17679)
-- Name: django_session_expire_date_a5c62663; Type: INDEX; Schema: public; Owner: bob
--

CREATE INDEX django_session_expire_date_a5c62663 ON public.django_session USING btree (expire_date);


--
-- TOC entry 4902 (class 1259 OID 17678)
-- Name: django_session_session_key_c0390e0f_like; Type: INDEX; Schema: public; Owner: bob
--

CREATE INDEX django_session_session_key_c0390e0f_like ON public.django_session USING btree (session_key varchar_pattern_ops);


--
-- TOC entry 4924 (class 2606 OID 17442)
-- Name: auth_group_permissions auth_group_permissio_permission_id_84c5c92e_fk_auth_perm; Type: FK CONSTRAINT; Schema: public; Owner: bob
--

ALTER TABLE ONLY public.auth_group_permissions
    ADD CONSTRAINT auth_group_permissio_permission_id_84c5c92e_fk_auth_perm FOREIGN KEY (permission_id) REFERENCES public.auth_permission(id) DEFERRABLE INITIALLY DEFERRED;


--
-- TOC entry 4925 (class 2606 OID 17437)
-- Name: auth_group_permissions auth_group_permissions_group_id_b120cbf9_fk_auth_group_id; Type: FK CONSTRAINT; Schema: public; Owner: bob
--

ALTER TABLE ONLY public.auth_group_permissions
    ADD CONSTRAINT auth_group_permissions_group_id_b120cbf9_fk_auth_group_id FOREIGN KEY (group_id) REFERENCES public.auth_group(id) DEFERRABLE INITIALLY DEFERRED;


--
-- TOC entry 4923 (class 2606 OID 17428)
-- Name: auth_permission auth_permission_content_type_id_2f476e4b_fk_django_co; Type: FK CONSTRAINT; Schema: public; Owner: bob
--

ALTER TABLE ONLY public.auth_permission
    ADD CONSTRAINT auth_permission_content_type_id_2f476e4b_fk_django_co FOREIGN KEY (content_type_id) REFERENCES public.django_content_type(id) DEFERRABLE INITIALLY DEFERRED;


--
-- TOC entry 4926 (class 2606 OID 17457)
-- Name: auth_user_groups auth_user_groups_group_id_97559544_fk_auth_group_id; Type: FK CONSTRAINT; Schema: public; Owner: bob
--

ALTER TABLE ONLY public.auth_user_groups
    ADD CONSTRAINT auth_user_groups_group_id_97559544_fk_auth_group_id FOREIGN KEY (group_id) REFERENCES public.auth_group(id) DEFERRABLE INITIALLY DEFERRED;


--
-- TOC entry 4927 (class 2606 OID 17452)
-- Name: auth_user_groups auth_user_groups_user_id_6a12ed8b_fk_auth_user_id; Type: FK CONSTRAINT; Schema: public; Owner: bob
--

ALTER TABLE ONLY public.auth_user_groups
    ADD CONSTRAINT auth_user_groups_user_id_6a12ed8b_fk_auth_user_id FOREIGN KEY (user_id) REFERENCES public.auth_user(id) DEFERRABLE INITIALLY DEFERRED;


--
-- TOC entry 4928 (class 2606 OID 17471)
-- Name: auth_user_user_permissions auth_user_user_permi_permission_id_1fbb5f2c_fk_auth_perm; Type: FK CONSTRAINT; Schema: public; Owner: bob
--

ALTER TABLE ONLY public.auth_user_user_permissions
    ADD CONSTRAINT auth_user_user_permi_permission_id_1fbb5f2c_fk_auth_perm FOREIGN KEY (permission_id) REFERENCES public.auth_permission(id) DEFERRABLE INITIALLY DEFERRED;


--
-- TOC entry 4929 (class 2606 OID 17466)
-- Name: auth_user_user_permissions auth_user_user_permissions_user_id_a95ead1b_fk_auth_user_id; Type: FK CONSTRAINT; Schema: public; Owner: bob
--

ALTER TABLE ONLY public.auth_user_user_permissions
    ADD CONSTRAINT auth_user_user_permissions_user_id_a95ead1b_fk_auth_user_id FOREIGN KEY (user_id) REFERENCES public.auth_user(id) DEFERRABLE INITIALLY DEFERRED;


--
-- TOC entry 4937 (class 2606 OID 17601)
-- Name: commissioner_bet commissioner_bet_driver_id_06809569_fk_commissioner_driver_id; Type: FK CONSTRAINT; Schema: public; Owner: bob
--

ALTER TABLE ONLY public.commissioner_bet
    ADD CONSTRAINT commissioner_bet_driver_id_06809569_fk_commissioner_driver_id FOREIGN KEY (driver_id) REFERENCES public.commissioner_driver(id) DEFERRABLE INITIALLY DEFERRED;


--
-- TOC entry 4938 (class 2606 OID 17606)
-- Name: commissioner_bet commissioner_bet_player_id_de8f9974_fk_commissioner_player_id; Type: FK CONSTRAINT; Schema: public; Owner: bob
--

ALTER TABLE ONLY public.commissioner_bet
    ADD CONSTRAINT commissioner_bet_player_id_de8f9974_fk_commissioner_player_id FOREIGN KEY (player_id) REFERENCES public.commissioner_player(id) DEFERRABLE INITIALLY DEFERRED;


--
-- TOC entry 4939 (class 2606 OID 17611)
-- Name: commissioner_bet commissioner_bet_race_id_b091489e_fk_commissioner_race_id; Type: FK CONSTRAINT; Schema: public; Owner: bob
--

ALTER TABLE ONLY public.commissioner_bet
    ADD CONSTRAINT commissioner_bet_race_id_b091489e_fk_commissioner_race_id FOREIGN KEY (race_id) REFERENCES public.commissioner_race(id) DEFERRABLE INITIALLY DEFERRED;


--
-- TOC entry 4940 (class 2606 OID 17596)
-- Name: commissioner_bet commissioner_bet_user_id_175b123f_fk_auth_user_id; Type: FK CONSTRAINT; Schema: public; Owner: bob
--

ALTER TABLE ONLY public.commissioner_bet
    ADD CONSTRAINT commissioner_bet_user_id_175b123f_fk_auth_user_id FOREIGN KEY (user_id) REFERENCES public.auth_user(id) DEFERRABLE INITIALLY DEFERRED;


--
-- TOC entry 4932 (class 2606 OID 17576)
-- Name: commissioner_driver commissioner_driver_user_id_95b3e13b_fk_auth_user_id; Type: FK CONSTRAINT; Schema: public; Owner: bob
--

ALTER TABLE ONLY public.commissioner_driver
    ADD CONSTRAINT commissioner_driver_user_id_95b3e13b_fk_auth_user_id FOREIGN KEY (user_id) REFERENCES public.auth_user(id) DEFERRABLE INITIALLY DEFERRED;


--
-- TOC entry 4955 (class 2606 OID 21980)
-- Name: commissioner_drivercurrentteam commissioner_driverc_driver_id_922dae1b_fk_commissio; Type: FK CONSTRAINT; Schema: public; Owner: bob
--

ALTER TABLE ONLY public.commissioner_drivercurrentteam
    ADD CONSTRAINT commissioner_driverc_driver_id_922dae1b_fk_commissio FOREIGN KEY (driver_id) REFERENCES public.commissioner_driver(id) DEFERRABLE INITIALLY DEFERRED;


--
-- TOC entry 4956 (class 2606 OID 22004)
-- Name: commissioner_drivercurrentteam commissioner_driverc_racing_series_id_18a43848_fk_commissio; Type: FK CONSTRAINT; Schema: public; Owner: bob
--

ALTER TABLE ONLY public.commissioner_drivercurrentteam
    ADD CONSTRAINT commissioner_driverc_racing_series_id_18a43848_fk_commissio FOREIGN KEY (racing_series_id) REFERENCES public.commissioner_racingseries(id) DEFERRABLE INITIALLY DEFERRED;


--
-- TOC entry 4957 (class 2606 OID 21985)
-- Name: commissioner_drivercurrentteam commissioner_driverc_team_id_9967689b_fk_commissio; Type: FK CONSTRAINT; Schema: public; Owner: bob
--

ALTER TABLE ONLY public.commissioner_drivercurrentteam
    ADD CONSTRAINT commissioner_driverc_team_id_9967689b_fk_commissio FOREIGN KEY (team_id) REFERENCES public.commissioner_team(id) DEFERRABLE INITIALLY DEFERRED;


--
-- TOC entry 4958 (class 2606 OID 21990)
-- Name: commissioner_drivercurrentteam commissioner_drivercurrentteam_user_id_84541bce_fk_auth_user_id; Type: FK CONSTRAINT; Schema: public; Owner: bob
--

ALTER TABLE ONLY public.commissioner_drivercurrentteam
    ADD CONSTRAINT commissioner_drivercurrentteam_user_id_84541bce_fk_auth_user_id FOREIGN KEY (user_id) REFERENCES public.auth_user(id) DEFERRABLE INITIALLY DEFERRED;


--
-- TOC entry 4933 (class 2606 OID 17583)
-- Name: commissioner_player commissioner_player_user_id_0ec95497_fk_auth_user_id; Type: FK CONSTRAINT; Schema: public; Owner: bob
--

ALTER TABLE ONLY public.commissioner_player
    ADD CONSTRAINT commissioner_player_user_id_0ec95497_fk_auth_user_id FOREIGN KEY (user_id) REFERENCES public.auth_user(id) DEFERRABLE INITIALLY DEFERRED;


--
-- TOC entry 4934 (class 2606 OID 22021)
-- Name: commissioner_race commissioner_race_series_id_98a76a36_fk_commissio; Type: FK CONSTRAINT; Schema: public; Owner: bob
--

ALTER TABLE ONLY public.commissioner_race
    ADD CONSTRAINT commissioner_race_series_id_98a76a36_fk_commissio FOREIGN KEY (series_id) REFERENCES public.commissioner_racingseries(id) DEFERRABLE INITIALLY DEFERRED;


--
-- TOC entry 4935 (class 2606 OID 17571)
-- Name: commissioner_race commissioner_race_track_id_e391071e_fk_commissioner_track_id; Type: FK CONSTRAINT; Schema: public; Owner: bob
--

ALTER TABLE ONLY public.commissioner_race
    ADD CONSTRAINT commissioner_race_track_id_e391071e_fk_commissioner_track_id FOREIGN KEY (track_id) REFERENCES public.commissioner_track(id) DEFERRABLE INITIALLY DEFERRED;


--
-- TOC entry 4936 (class 2606 OID 17590)
-- Name: commissioner_race commissioner_race_user_id_f701fe05_fk_auth_user_id; Type: FK CONSTRAINT; Schema: public; Owner: bob
--

ALTER TABLE ONLY public.commissioner_race
    ADD CONSTRAINT commissioner_race_user_id_f701fe05_fk_auth_user_id FOREIGN KEY (user_id) REFERENCES public.auth_user(id) DEFERRABLE INITIALLY DEFERRED;


--
-- TOC entry 4941 (class 2606 OID 17620)
-- Name: commissioner_raceresult commissioner_raceres_driver_id_b9f1150a_fk_commissio; Type: FK CONSTRAINT; Schema: public; Owner: bob
--

ALTER TABLE ONLY public.commissioner_raceresult
    ADD CONSTRAINT commissioner_raceres_driver_id_b9f1150a_fk_commissio FOREIGN KEY (driver_id) REFERENCES public.commissioner_driver(id) DEFERRABLE INITIALLY DEFERRED;


--
-- TOC entry 4942 (class 2606 OID 17625)
-- Name: commissioner_raceresult commissioner_raceres_race_id_8c9be5a6_fk_commissio; Type: FK CONSTRAINT; Schema: public; Owner: bob
--

ALTER TABLE ONLY public.commissioner_raceresult
    ADD CONSTRAINT commissioner_raceres_race_id_8c9be5a6_fk_commissio FOREIGN KEY (race_id) REFERENCES public.commissioner_race(id) DEFERRABLE INITIALLY DEFERRED;


--
-- TOC entry 4943 (class 2606 OID 17630)
-- Name: commissioner_raceresult commissioner_raceresult_user_id_7717acf4_fk_auth_user_id; Type: FK CONSTRAINT; Schema: public; Owner: bob
--

ALTER TABLE ONLY public.commissioner_raceresult
    ADD CONSTRAINT commissioner_raceresult_user_id_7717acf4_fk_auth_user_id FOREIGN KEY (user_id) REFERENCES public.auth_user(id) DEFERRABLE INITIALLY DEFERRED;


--
-- TOC entry 4944 (class 2606 OID 17638)
-- Name: commissioner_racesettings commissioner_racesettings_user_id_a56f64ac_fk_auth_user_id; Type: FK CONSTRAINT; Schema: public; Owner: bob
--

ALTER TABLE ONLY public.commissioner_racesettings
    ADD CONSTRAINT commissioner_racesettings_user_id_a56f64ac_fk_auth_user_id FOREIGN KEY (user_id) REFERENCES public.auth_user(id) DEFERRABLE INITIALLY DEFERRED;


--
-- TOC entry 4959 (class 2606 OID 22009)
-- Name: commissioner_racingseries commissioner_racingseries_user_id_a47344be_fk_auth_user_id; Type: FK CONSTRAINT; Schema: public; Owner: bob
--

ALTER TABLE ONLY public.commissioner_racingseries
    ADD CONSTRAINT commissioner_racingseries_user_id_a47344be_fk_auth_user_id FOREIGN KEY (user_id) REFERENCES public.auth_user(id) DEFERRABLE INITIALLY DEFERRED;


--
-- TOC entry 4950 (class 2606 OID 21915)
-- Name: commissioner_scoreboard commissioner_scorebo_looser_id_146f9d04_fk_commissio; Type: FK CONSTRAINT; Schema: public; Owner: bob
--

ALTER TABLE ONLY public.commissioner_scoreboard
    ADD CONSTRAINT commissioner_scorebo_looser_id_146f9d04_fk_commissio FOREIGN KEY (looser_id) REFERENCES public.commissioner_bet(id) DEFERRABLE INITIALLY DEFERRED;


--
-- TOC entry 4951 (class 2606 OID 21909)
-- Name: commissioner_scoreboard commissioner_scorebo_race_id_34e65ea5_fk_commissio; Type: FK CONSTRAINT; Schema: public; Owner: bob
--

ALTER TABLE ONLY public.commissioner_scoreboard
    ADD CONSTRAINT commissioner_scorebo_race_id_34e65ea5_fk_commissio FOREIGN KEY (race_id) REFERENCES public.commissioner_race(id) DEFERRABLE INITIALLY DEFERRED;


--
-- TOC entry 4952 (class 2606 OID 21920)
-- Name: commissioner_scoreboard commissioner_scorebo_winner_id_21a0bf71_fk_commissio; Type: FK CONSTRAINT; Schema: public; Owner: bob
--

ALTER TABLE ONLY public.commissioner_scoreboard
    ADD CONSTRAINT commissioner_scorebo_winner_id_21a0bf71_fk_commissio FOREIGN KEY (winner_id) REFERENCES public.commissioner_bet(id) DEFERRABLE INITIALLY DEFERRED;


--
-- TOC entry 4953 (class 2606 OID 21897)
-- Name: commissioner_scoreboard commissioner_scoreboard_user_id_de7f83b9_fk_auth_user_id; Type: FK CONSTRAINT; Schema: public; Owner: bob
--

ALTER TABLE ONLY public.commissioner_scoreboard
    ADD CONSTRAINT commissioner_scoreboard_user_id_de7f83b9_fk_auth_user_id FOREIGN KEY (user_id) REFERENCES public.auth_user(id) DEFERRABLE INITIALLY DEFERRED;


--
-- TOC entry 4945 (class 2606 OID 17644)
-- Name: commissioner_state commissioner_state_user_id_efa71516_fk_auth_user_id; Type: FK CONSTRAINT; Schema: public; Owner: bob
--

ALTER TABLE ONLY public.commissioner_state
    ADD CONSTRAINT commissioner_state_user_id_efa71516_fk_auth_user_id FOREIGN KEY (user_id) REFERENCES public.auth_user(id) DEFERRABLE INITIALLY DEFERRED;


--
-- TOC entry 4946 (class 2606 OID 17650)
-- Name: commissioner_team commissioner_team_user_id_2db9f997_fk_auth_user_id; Type: FK CONSTRAINT; Schema: public; Owner: bob
--

ALTER TABLE ONLY public.commissioner_team
    ADD CONSTRAINT commissioner_team_user_id_2db9f997_fk_auth_user_id FOREIGN KEY (user_id) REFERENCES public.auth_user(id) DEFERRABLE INITIALLY DEFERRED;


--
-- TOC entry 4947 (class 2606 OID 17657)
-- Name: commissioner_track commissioner_track_state_id_79c4bd05_fk_commissioner_state_id; Type: FK CONSTRAINT; Schema: public; Owner: bob
--

ALTER TABLE ONLY public.commissioner_track
    ADD CONSTRAINT commissioner_track_state_id_79c4bd05_fk_commissioner_state_id FOREIGN KEY (state_id) REFERENCES public.commissioner_state(id) DEFERRABLE INITIALLY DEFERRED;


--
-- TOC entry 4948 (class 2606 OID 21947)
-- Name: commissioner_track commissioner_track_track_type_id_99574517_fk_commissio; Type: FK CONSTRAINT; Schema: public; Owner: bob
--

ALTER TABLE ONLY public.commissioner_track
    ADD CONSTRAINT commissioner_track_track_type_id_99574517_fk_commissio FOREIGN KEY (track_type_id) REFERENCES public.commissioner_tracktype(id) DEFERRABLE INITIALLY DEFERRED;


--
-- TOC entry 4949 (class 2606 OID 17662)
-- Name: commissioner_track commissioner_track_user_id_f28d47e4_fk_auth_user_id; Type: FK CONSTRAINT; Schema: public; Owner: bob
--

ALTER TABLE ONLY public.commissioner_track
    ADD CONSTRAINT commissioner_track_user_id_f28d47e4_fk_auth_user_id FOREIGN KEY (user_id) REFERENCES public.auth_user(id) DEFERRABLE INITIALLY DEFERRED;


--
-- TOC entry 4954 (class 2606 OID 21952)
-- Name: commissioner_tracktype commissioner_tracktype_user_id_4886a131_fk_auth_user_id; Type: FK CONSTRAINT; Schema: public; Owner: bob
--

ALTER TABLE ONLY public.commissioner_tracktype
    ADD CONSTRAINT commissioner_tracktype_user_id_4886a131_fk_auth_user_id FOREIGN KEY (user_id) REFERENCES public.auth_user(id) DEFERRABLE INITIALLY DEFERRED;


--
-- TOC entry 4930 (class 2606 OID 17487)
-- Name: django_admin_log django_admin_log_content_type_id_c4bce8eb_fk_django_co; Type: FK CONSTRAINT; Schema: public; Owner: bob
--

ALTER TABLE ONLY public.django_admin_log
    ADD CONSTRAINT django_admin_log_content_type_id_c4bce8eb_fk_django_co FOREIGN KEY (content_type_id) REFERENCES public.django_content_type(id) DEFERRABLE INITIALLY DEFERRED;


--
-- TOC entry 4931 (class 2606 OID 17492)
-- Name: django_admin_log django_admin_log_user_id_c564eba6_fk_auth_user_id; Type: FK CONSTRAINT; Schema: public; Owner: bob
--

ALTER TABLE ONLY public.django_admin_log
    ADD CONSTRAINT django_admin_log_user_id_c564eba6_fk_auth_user_id FOREIGN KEY (user_id) REFERENCES public.auth_user(id) DEFERRABLE INITIALLY DEFERRED;


-- Completed on 2025-04-06 19:16:40

--
-- PostgreSQL database dump complete
--

